Protocollo;Gruppo;DataOraIncidente;Localizzazione1;STRADA1;Localizzazione2;STRADA2;Strada02;Chilometrica;DaSpecificare;NaturaIncidente;particolaritastrade;TipoStrada;FondoStradale;Pavimentazione;Segnaletica;CondizioneAtmosferica;Traffico;Visibilita;Illuminazione;NUM_FERITI;NUM_RISERVATA;NUM_MORTI;NUM_ILLESI;Longitude;Latitude;Confermato;Progressivo;TipoVeicolo;StatoVeicolo;TipoPersona;Sesso;Tipolesione;Deceduto;DecedutoDopo;CinturaCascoUtilizzato;Airbag;
5046413;11;06/09/2020 19:10:00;Strada Urbana;VIA DEL PORTO FLUVIALE;in prossimità;;del civico n.;32;;Tamponamento Multiplo;Rettilineo;Una carreggiata a doppio senso;Asciutto;Asfaltata;Verticale ed orizzontale;Sereno;Normale;Buona;;0;0;0;3;12.4771;41.8725;-1;2;Autovettura privata;In marcia / fermata / arresto;Conducente;M;Illeso;0;;Non accertato;
5046413;11;06/09/2020 19:10:00;Strada Urbana;VIA DEL PORTO FLUVIALE;in prossimità;;del civico n.;32;;Tamponamento Multiplo;Rettilineo;Una carreggiata a doppio senso;Asciutto;Asfaltata;Verticale ed orizzontale;Sereno;Normale;Buona;;0;0;0;3;12.4771;41.8725;-1;3;Autovettura privata;In marcia / fermata / arresto;Conducente;M;Illeso;0;;Non accertato;
5046437;10;05/09/2020 02:30:00;Strada Urbana;VIA TUSCOLANA;in corrispondenza;;del civico n.;736;;Veicolo in marcia contro veicolo in sosta;Curva a visuale libera;Due carreggiate;Asciutto;Asfaltata;Verticale ed orizzontale;Sereno;Scarso;Sufficiente;;5;0;0;0;12.543;41.8649;-1;1;Autovettura privata;In marcia / fermata / arresto;Conducente;M;Rimandato;0;NON DECEDUTO;Non accertato;Esploso
5046437;10;05/09/2020 02:30:00;Strada Urbana;VIA TUSCOLANA;in corrispondenza;;del civico n.;736;;Veicolo in marcia contro veicolo in sosta;Curva a visuale libera;Due carreggiate;Asciutto;Asfaltata;Verticale ed orizzontale;Sereno;Scarso;Sufficiente;;5;0;0;0;12.543;41.8649;-1;1;Autovettura privata;In marcia / fermata / arresto;Passeggero;M;Rifiuta cure immediate;0;NON DECEDUTO;Non accertato;Esploso
5046437;10;05/09/2020 02:30:00;Strada Urbana;VIA TUSCOLANA;in corrispondenza;;del civico n.;736;;Veicolo in marcia contro veicolo in sosta;Curva a visuale libera;Due carreggiate;Asciutto;Asfaltata;Verticale ed orizzontale;Sereno;Scarso;Sufficiente;;5;0;0;0;12.543;41.8649;-1;1;Autovettura privata;In marcia / fermata / arresto;Passeggero;M;Rifiuta cure immediate;0;NON DECEDUTO;Non accertato;Esploso
5046437;10;05/09/2020 02:30:00;Strada Urbana;VIA TUSCOLANA;in corrispondenza;;del civico n.;736;;Veicolo in marcia contro veicolo in sosta;Curva a visuale libera;Due carreggiate;Asciutto;Asfaltata;Verticale ed orizzontale;Sereno;Scarso;Sufficiente;;5;0;0;0;12.543;41.8649;-1;1;Autovettura privata;In marcia / fermata / arresto;Passeggero;F;Rimandato;0;NON DECEDUTO;Non accertato;Inesploso
5046437;10;05/09/2020 02:30:00;Strada Urbana;VIA TUSCOLANA;in corrispondenza;;del civico n.;736;;Veicolo in marcia contro veicolo in sosta;Curva a visuale libera;Due carreggiate;Asciutto;Asfaltata;Verticale ed orizzontale;Sereno;Scarso;Sufficiente;;5;0;0;0;12.543;41.8649;-1;2;Autovettura privata;Sosta;;;;;;;
5046454;13;06/09/2020 20:00:00;Strada Urbana;VIA DEL MARE;in prossimità;;della chilometrica;24.1;;Tamponamento;Rettilineo;Una carreggiata a senso unico di marcia;Asciutto;Asfaltata;Verticale ed orizzontale;Sereno;Normale;Buona;;1;0;0;2;12.3692;41.7873;-1;1;Autovettura privata;In marcia / fermata / arresto;Conducente;M;Illeso;0;;Non accertato;
5046454;13;06/09/2020 20:00:00;Strada Urbana;VIA DEL MARE;in prossimità;;della chilometrica;24.1;;Tamponamento;Rettilineo;Una carreggiata a senso unico di marcia;Asciutto;Asfaltata;Verticale ed orizzontale;Sereno;Normale;Buona;;1;0;0;2;12.3692;41.7873;-1;1;Autovettura privata;In marcia / fermata / arresto;Passeggero;F;Illeso;0;;Non accertato;
5046454;13;06/09/2020 20:00:00;Strada Urbana;VIA DEL MARE;in prossimità;;della chilometrica;24.1;;Tamponamento;Rettilineo;Una carreggiata a senso unico di marcia;Asciutto;Asfaltata;Verticale ed orizzontale;Sereno;Normale;Buona;;1;0;0;2;12.3692;41.7873;-1;2;Motociclo con passeggero;In marcia / fermata / arresto;Conducente;M;Rimandato;0;NON DECEDUTO;;
5046460;8;07/09/2020 02:50:00;Provinciale entro l'abitato;VIA POLENSE;in prossimità;;del civico n.;12A;;Scontro frontale fra veicoli in marcia;Rettilineo;Una carreggiata a doppio senso;Asciutto;Asfaltata;Verticale ed orizzontale;Sereno;Scarso;Insufficiente;;3;0;0;0;12.7007;41.8918;-1;1;Autovettura privata;In marcia / fermata / arresto;Conducente;M;Ricoverato;0;NON DECEDUTO;;
5046460;8;07/09/2020 02:50:00;Provinciale entro l'abitato;VIA POLENSE;in prossimità;;del civico n.;12A;;Scontro frontale fra veicoli in marcia;Rettilineo;Una carreggiata a doppio senso;Asciutto;Asfaltata;Verticale ed orizzontale;Sereno;Scarso;Insufficiente;;3;0;0;0;12.7007;41.8918;-1;2;Autovettura privata;In marcia / fermata / arresto;Conducente;M;Ricoverato;0;NON DECEDUTO;;
5046460;8;07/09/2020 02:50:00;Provinciale entro l'abitato;VIA POLENSE;in prossimità;;del civico n.;12A;;Scontro frontale fra veicoli in marcia;Rettilineo;Una carreggiata a doppio senso;Asciutto;Asfaltata;Verticale ed orizzontale;Sereno;Scarso;Insufficiente;;3;0;0;0;12.7007;41.8918;-1;2;Autovettura privata;In marcia / fermata / arresto;Passeggero;M;Ricoverato;0;NON DECEDUTO;Non accertato;Esploso
5046462;13;06/09/2020 12:40:00;Strada Urbana;VIALE CARDINAL GINNASI;in corrispondenza;;del civico n.;28;;Scontro laterale fra veicoli in marcia;Rettilineo;Una carreggiata a doppio senso;Asciutto;Asfaltata;Verticale ed orizzontale;Sereno;Normale;Buona;;0;0;0;4;12.2814;41.7326;-1;1;Autovettura privata;In marcia / fermata / arresto;Conducente;M;Illeso;0;;Non accertato;Inesploso
5046462;13;06/09/2020 12:40:00;Strada Urbana;VIALE CARDINAL GINNASI;in corrispondenza;;del civico n.;28;;Scontro laterale fra veicoli in marcia;Rettilineo;Una carreggiata a doppio senso;Asciutto;Asfaltata;Verticale ed orizzontale;Sereno;Normale;Buona;;0;0;0;4;12.2814;41.7326;-1;1;Autovettura privata;In marcia / fermata / arresto;Passeggero;F;Illeso;0;;Non accertato;Inesploso
5046462;13;06/09/2020 12:40:00;Strada Urbana;VIALE CARDINAL GINNASI;in corrispondenza;;del civico n.;28;;Scontro laterale fra veicoli in marcia;Rettilineo;Una carreggiata a doppio senso;Asciutto;Asfaltata;Verticale ed orizzontale;Sereno;Normale;Buona;;0;0;0;4;12.2814;41.7326;-1;2;Autovettura privata;In marcia / fermata / arresto;Conducente;F;Illeso;0;;Non accertato;Inesploso
5046462;13;06/09/2020 12:40:00;Strada Urbana;VIALE CARDINAL GINNASI;in corrispondenza;;del civico n.;28;;Scontro laterale fra veicoli in marcia;Rettilineo;Una carreggiata a doppio senso;Asciutto;Asfaltata;Verticale ed orizzontale;Sereno;Normale;Buona;;0;0;0;4;12.2814;41.7326;-1;2;Autovettura privata;In marcia / fermata / arresto;Passeggero;M;Illeso;0;;Non accertato;Inesploso
5046486;1;05/09/2020 23:15:00;Strada Urbana;PIAZZA NICOSIA;all'intersezione con;VIA DI MONTE BRIANZO;VIA DI MONTE BRIANZO;;;Scontro frontale/laterale DX fra veicoli in marcia;Incrocio;Una carreggiata a senso unico di marcia;Asciutto;Lastricata;Verticale ed orizzontale;Sereno;Scarso;Sufficiente;;1;0;0;3;12.4749;41.9031;-1;1;Autovettura privata;In marcia / fermata / arresto;Conducente;F;Illeso;0;;Non accertato;Inesploso
5046486;1;05/09/2020 23:15:00;Strada Urbana;PIAZZA NICOSIA;all'intersezione con;VIA DI MONTE BRIANZO;VIA DI MONTE BRIANZO;;;Scontro frontale/laterale DX fra veicoli in marcia;Incrocio;Una carreggiata a senso unico di marcia;Asciutto;Lastricata;Verticale ed orizzontale;Sereno;Scarso;Sufficiente;;1;0;0;3;12.4749;41.9031;-1;1;Autovettura privata;In marcia / fermata / arresto;Passeggero;F;Illeso;0;;Non accertato;Inesploso
5046486;1;05/09/2020 23:15:00;Strada Urbana;PIAZZA NICOSIA;all'intersezione con;VIA DI MONTE BRIANZO;VIA DI MONTE BRIANZO;;;Scontro frontale/laterale DX fra veicoli in marcia;Incrocio;Una carreggiata a senso unico di marcia;Asciutto;Lastricata;Verticale ed orizzontale;Sereno;Scarso;Sufficiente;;1;0;0;3;12.4749;41.9031;-1;2;Ciclomotore con passeggero;In marcia / fermata / arresto;Conducente;F;Illeso;0;;Non accertato;
5046486;1;05/09/2020 23:15:00;Strada Urbana;PIAZZA NICOSIA;all'intersezione con;VIA DI MONTE BRIANZO;VIA DI MONTE BRIANZO;;;Scontro frontale/laterale DX fra veicoli in marcia;Incrocio;Una carreggiata a senso unico di marcia;Asciutto;Lastricata;Verticale ed orizzontale;Sereno;Scarso;Sufficiente;;1;0;0;3;12.4749;41.9031;-1;2;Ciclomotore con passeggero;In marcia / fermata / arresto;Passeggero;F;Rimandato;0;NON DECEDUTO;Non accertato;
5046497;1;03/09/2020 16:30:00;Strada Urbana;VIA CAPO D'AFRICA;in corrispondenza;;del civico n.;34;;Veicolo in marcia contro veicolo in sosta;Rettilineo;Una carreggiata a senso unico di marcia;Asciutto;Asfaltata;Assente;Sereno;Intenso;Buona;;0;0;0;0;12.4961;41.8887;-1;1;Motociclo a solo;Sosta;;;;;;;
5046497;1;03/09/2020 16:30:00;Strada Urbana;VIA CAPO D'AFRICA;in corrispondenza;;del civico n.;34;;Veicolo in marcia contro veicolo in sosta;Rettilineo;Una carreggiata a senso unico di marcia;Asciutto;Asfaltata;Assente;Sereno;Intenso;Buona;;0;0;0;0;12.4961;41.8887;-1;2;Autocarro inferiore 35 q.;In marcia / fermata / arresto;;;;;;;
5046503;13;06/09/2020 22:50:00;Strada Urbana;VIA ALCEO;all'intersezione con;VIA ESCHILO;VIA ESCHILO;;;Scontro laterale fra veicoli in marcia;Incrocio;Una carreggiata a doppio senso;Asciutto;Asfaltata;Verticale ed orizzontale;Sereno;Scarso;Buona;;0;0;0;6;12.3661;41.7537;-1;1;Autovettura privata;In marcia / fermata / arresto;Conducente;M;Illeso;0;;;
5046503;13;06/09/2020 22:50:00;Strada Urbana;VIA ALCEO;all'intersezione con;VIA ESCHILO;VIA ESCHILO;;;Scontro laterale fra veicoli in marcia;Incrocio;Una carreggiata a doppio senso;Asciutto;Asfaltata;Verticale ed orizzontale;Sereno;Scarso;Buona;;0;0;0;6;12.3661;41.7537;-1;1;Autovettura privata;In marcia / fermata / arresto;Passeggero;F;Illeso;0;;;
5046503;13;06/09/2020 22:50:00;Strada Urbana;VIA ALCEO;all'intersezione con;VIA ESCHILO;VIA ESCHILO;;;Scontro laterale fra veicoli in marcia;Incrocio;Una carreggiata a doppio senso;Asciutto;Asfaltata;Verticale ed orizzontale;Sereno;Scarso;Buona;;0;0;0;6;12.3661;41.7537;-1;1;Autovettura privata;In marcia / fermata / arresto;Passeggero;F;Illeso;0;;;
5046503;13;06/09/2020 22:50:00;Strada Urbana;VIA ALCEO;all'intersezione con;VIA ESCHILO;VIA ESCHILO;;;Scontro laterale fra veicoli in marcia;Incrocio;Una carreggiata a doppio senso;Asciutto;Asfaltata;Verticale ed orizzontale;Sereno;Scarso;Buona;;0;0;0;6;12.3661;41.7537;-1;1;Autovettura privata;In marcia / fermata / arresto;Passeggero;F;Illeso;0;;Non accertato;Inesploso
5046503;13;06/09/2020 22:50:00;Strada Urbana;VIA ALCEO;all'intersezione con;VIA ESCHILO;VIA ESCHILO;;;Scontro laterale fra veicoli in marcia;Incrocio;Una carreggiata a doppio senso;Asciutto;Asfaltata;Verticale ed orizzontale;Sereno;Scarso;Buona;;0;0;0;6;12.3661;41.7537;-1;2;Autovettura privata;In marcia / fermata / arresto;Conducente;M;Illeso;0;;Non accertato;Inesploso
5046503;13;06/09/2020 22:50:00;Strada Urbana;VIA ALCEO;all'intersezione con;VIA ESCHILO;VIA ESCHILO;;;Scontro laterale fra veicoli in marcia;Incrocio;Una carreggiata a doppio senso;Asciutto;Asfaltata;Verticale ed orizzontale;Sereno;Scarso;Buona;;0;0;0;6;12.3661;41.7537;-1;2;Autovettura privata;In marcia / fermata / arresto;Passeggero;F;Illeso;0;;;
5046530;23;02/09/2020 16:25:00;Strada Urbana;VIA GIOVANNI VOLPATO;in corrispondenza;;del civico n.;20;;Scontro frontale/laterale SX fra veicoli in marcia;Rettilineo;Due carreggiate;Asciutto;Asfaltata;Verticale ed orizzontale;Sereno;Normale;Buona;;0;0;0;3;12.4673;41.8711;-1;1;Autovettura privata;In marcia / fermata / arresto;Conducente;M;Illeso;0;;Non accertato;Inesploso
5046530;23;02/09/2020 16:25:00;Strada Urbana;VIA GIOVANNI VOLPATO;in corrispondenza;;del civico n.;20;;Scontro frontale/laterale SX fra veicoli in marcia;Rettilineo;Due carreggiate;Asciutto;Asfaltata;Verticale ed orizzontale;Sereno;Normale;Buona;;0;0;0;3;12.4673;41.8711;-1;1;Autovettura privata;In marcia / fermata / arresto;Passeggero;F;Illeso;0;;Non accertato;Inesploso
5046530;23;02/09/2020 16:25:00;Strada Urbana;VIA GIOVANNI VOLPATO;in corrispondenza;;del civico n.;20;;Scontro frontale/laterale SX fra veicoli in marcia;Rettilineo;Due carreggiate;Asciutto;Asfaltata;Verticale ed orizzontale;Sereno;Normale;Buona;;0;0;0;3;12.4673;41.8711;-1;2;Autovettura privata;In marcia / fermata / arresto;Conducente;M;Illeso;0;;Non accertato;Inesploso
5046539;23;02/09/2020 15:45:00;Strada Urbana;PIAZZA CESARE CANTU';in corrispondenza;;del civico n.;9;;Veicolo in marcia contro veicoli in sosta;Pianeggiante;Due carreggiate;Asciutto;Asfaltata;Verticale ed orizzontale;Sereno;Normale;Buona;;0;0;0;4;12.5268;41.8714;-1;1;Autovettura privata;In marcia / fermata / arresto;Conducente;M;Illeso;0;;;Inesploso
5046539;23;02/09/2020 15:45:00;Strada Urbana;PIAZZA CESARE CANTU';in corrispondenza;;del civico n.;9;;Veicolo in marcia contro veicoli in sosta;Pianeggiante;Due carreggiate;Asciutto;Asfaltata;Verticale ed orizzontale;Sereno;Normale;Buona;;0;0;0;4;12.5268;41.8714;-1;2;Autovettura di polizia;In marcia / fermata / arresto;Conducente;F;Illeso;0;;Utilizzato;Inesploso
5046539;23;02/09/2020 15:45:00;Strada Urbana;PIAZZA CESARE CANTU';in corrispondenza;;del civico n.;9;;Veicolo in marcia contro veicoli in sosta;Pianeggiante;Due carreggiate;Asciutto;Asfaltata;Verticale ed orizzontale;Sereno;Normale;Buona;;0;0;0;4;12.5268;41.8714;-1;2;Autovettura di polizia;In marcia / fermata / arresto;Passeggero;M;Illeso;0;;Utilizzato;Inesploso
5046539;23;02/09/2020 15:45:00;Strada Urbana;PIAZZA CESARE CANTU';in corrispondenza;;del civico n.;9;;Veicolo in marcia contro veicoli in sosta;Pianeggiante;Due carreggiate;Asciutto;Asfaltata;Verticale ed orizzontale;Sereno;Normale;Buona;;0;0;0;4;12.5268;41.8714;-1;2;Autovettura di polizia;In marcia / fermata / arresto;Passeggero;F;Illeso;0;;Utilizzato;
5046551;18;07/09/2020 01:55:00;Strada Urbana;VIA DI BOCCEA;in prossimità;;del civico n.;459;;Ribaltamento senza urto contro ostacolo fisso;Pendenza;Due carreggiate;Asciutto;Asfaltata;Verticale ed orizzontale;Sereno;Normale;Sufficiente;;1;1;0;0;12.3928;41.9106;-1;1;Motociclo a solo;In marcia / fermata / arresto;Conducente;M;Prognosi riservata;0;NON DECEDUTO;Non accertato;
5046551;18;07/09/2020 01:55:00;Strada Urbana;VIA DI BOCCEA;in prossimità;;del civico n.;459;;Ribaltamento senza urto contro ostacolo fisso;Pendenza;Due carreggiate;Asciutto;Asfaltata;Verticale ed orizzontale;Sereno;Normale;Sufficiente;;1;1;0;0;12.3928;41.9106;-1;1;Motociclo a solo;In marcia / fermata / arresto;Passeggero;M;Rimandato;0;NON DECEDUTO;Non accertato;
5046555;12;04/09/2020 15:50:00;Strada Urbana;VIALE SS. PIETRO E PAOLO;da specificare;;;;fronte civico 42;Veicolo in marcia contro veicoli in sosta;Rettilineo;Più di due carreggiate;Asciutto;Asfaltata;Verticale ed orizzontale;Sereno;Scarso;Buona;;0;0;0;1;12.4598;41.8329;-1;1;Autovettura privata;In marcia / fermata / arresto;Conducente;F;Illeso;0;;;Inesploso
5046555;12;04/09/2020 15:50:00;Strada Urbana;VIALE SS. PIETRO E PAOLO;da specificare;;;;fronte civico 42;Veicolo in marcia contro veicoli in sosta;Rettilineo;Più di due carreggiate;Asciutto;Asfaltata;Verticale ed orizzontale;Sereno;Scarso;Buona;;0;0;0;1;12.4598;41.8329;-1;2;Motociclo con passeggero;Sosta;;;;;;;
5046555;12;04/09/2020 15:50:00;Strada Urbana;VIALE SS. PIETRO E PAOLO;da specificare;;;;fronte civico 42;Veicolo in marcia contro veicoli in sosta;Rettilineo;Più di due carreggiate;Asciutto;Asfaltata;Verticale ed orizzontale;Sereno;Scarso;Buona;;0;0;0;1;12.4598;41.8329;-1;3;Autovettura privata;Sosta;;;;;;;
5046555;12;04/09/2020 15:50:00;Strada Urbana;VIALE SS. PIETRO E PAOLO;da specificare;;;;fronte civico 42;Veicolo in marcia contro veicoli in sosta;Rettilineo;Più di due carreggiate;Asciutto;Asfaltata;Verticale ed orizzontale;Sereno;Scarso;Buona;;0;0;0;1;12.4598;41.8329;-1;4;Autovettura privata;Sosta;;;;;;;
5046555;12;04/09/2020 15:50:00;Strada Urbana;VIALE SS. PIETRO E PAOLO;da specificare;;;;fronte civico 42;Veicolo in marcia contro veicoli in sosta;Rettilineo;Più di due carreggiate;Asciutto;Asfaltata;Verticale ed orizzontale;Sereno;Scarso;Buona;;0;0;0;1;12.4598;41.8329;-1;5;Autovettura privata;Sosta;;;;;;;
5046555;12;04/09/2020 15:50:00;Strada Urbana;VIALE SS. PIETRO E PAOLO;da specificare;;;;fronte civico 42;Veicolo in marcia contro veicoli in sosta;Rettilineo;Più di due carreggiate;Asciutto;Asfaltata;Verticale ed orizzontale;Sereno;Scarso;Buona;;0;0;0;1;12.4598;41.8329;-1;6;Autovettura privata;Sosta;;;;;;;
5046562;3;05/09/2020 22:30:00;Strada Urbana;LUNGOTEVERE SALVO D'ACQUISTO;all'intersezione con;VIA PERU';VIA PERU';;;Scontro frontale fra veicoli in marcia;Intersezione stradale segnalata;Una carreggiata a doppio senso;Asciutto;Asfaltata;Verticale ed orizzontale;Sereno;Normale;Insufficiente;;3;0;0;0;12.4702;41.9352;-1;1;Autovettura privata;In marcia / fermata / arresto;Conducente;M;Rimandato;0;NON DECEDUTO;Non accertato;Inesploso
5046562;3;05/09/2020 22:30:00;Strada Urbana;LUNGOTEVERE SALVO D'ACQUISTO;all'intersezione con;VIA PERU';VIA PERU';;;Scontro frontale fra veicoli in marcia;Intersezione stradale segnalata;Una carreggiata a doppio senso;Asciutto;Asfaltata;Verticale ed orizzontale;Sereno;Normale;Insufficiente;;3;0;0;0;12.4702;41.9352;-1;2;Ciclomotore con passeggero;In marcia / fermata / arresto;Conducente;M;Rimandato;0;NON DECEDUTO;;
5046562;3;05/09/2020 22:30:00;Strada Urbana;LUNGOTEVERE SALVO D'ACQUISTO;all'intersezione con;VIA PERU';VIA PERU';;;Scontro frontale fra veicoli in marcia;Intersezione stradale segnalata;Una carreggiata a doppio senso;Asciutto;Asfaltata;Verticale ed orizzontale;Sereno;Normale;Insufficiente;;3;0;0;0;12.4702;41.9352;-1;2;Ciclomotore con passeggero;In marcia / fermata / arresto;Passeggero;M;Ricoverato;0;NON DECEDUTO;Non accertato;
5046566;19;04/09/2020 16:45:00;Strada Urbana;VIA ENRICO PESTALOZZI;da specificare;;;;altezza V. Acquedotto Paolo;Tamponamento Multiplo;Rettilineo;Una carreggiata a senso unico di marcia;Asciutto;Asfaltata;Verticale ed orizzontale;Sereno;Normale;Buona;;0;0;0;6;12.4318;41.9365;-1;1;Autovettura privata;In marcia / fermata / arresto;Conducente;F;Illeso;0;;;
5046566;19;04/09/2020 16:45:00;Strada Urbana;VIA ENRICO PESTALOZZI;da specificare;;;;altezza V. Acquedotto Paolo;Tamponamento Multiplo;Rettilineo;Una carreggiata a senso unico di marcia;Asciutto;Asfaltata;Verticale ed orizzontale;Sereno;Normale;Buona;;0;0;0;6;12.4318;41.9365;-1;2;Autovettura privata;In marcia / fermata / arresto;Conducente;M;Illeso;0;;;
5046566;19;04/09/2020 16:45:00;Strada Urbana;VIA ENRICO PESTALOZZI;da specificare;;;;altezza V. Acquedotto Paolo;Tamponamento Multiplo;Rettilineo;Una carreggiata a senso unico di marcia;Asciutto;Asfaltata;Verticale ed orizzontale;Sereno;Normale;Buona;;0;0;0;6;12.4318;41.9365;-1;2;Autovettura privata;In marcia / fermata / arresto;Passeggero;F;Illeso;0;;;
5046566;19;04/09/2020 16:45:00;Strada Urbana;VIA ENRICO PESTALOZZI;da specificare;;;;altezza V. Acquedotto Paolo;Tamponamento Multiplo;Rettilineo;Una carreggiata a senso unico di marcia;Asciutto;Asfaltata;Verticale ed orizzontale;Sereno;Normale;Buona;;0;0;0;6;12.4318;41.9365;-1;3;Autovettura privata;In marcia / fermata / arresto;Conducente;M;Illeso;0;;;
5046566;19;04/09/2020 16:45:00;Strada Urbana;VIA ENRICO PESTALOZZI;da specificare;;;;altezza V. Acquedotto Paolo;Tamponamento Multiplo;Rettilineo;Una carreggiata a senso unico di marcia;Asciutto;Asfaltata;Verticale ed orizzontale;Sereno;Normale;Buona;;0;0;0;6;12.4318;41.9365;-1;4;Autocarro inferiore 35 q.;In marcia / fermata / arresto;Conducente;M;Illeso;0;;;
5046566;19;04/09/2020 16:45:00;Strada Urbana;VIA ENRICO PESTALOZZI;da specificare;;;;altezza V. Acquedotto Paolo;Tamponamento Multiplo;Rettilineo;Una carreggiata a senso unico di marcia;Asciutto;Asfaltata;Verticale ed orizzontale;Sereno;Normale;Buona;;0;0;0;6;12.4318;41.9365;-1;4;Autocarro inferiore 35 q.;In marcia / fermata / arresto;Passeggero;F;Illeso;0;;;
5046570;6;07/09/2020 09:45:00;Strada Urbana;VIA PRENESTINA;all'intersezione semaforizzata con;VIALE GIOVANNI BATTISTA VALENTE;VIALE GIOVANNI BATTISTA VALENTE;;;Scontro laterale fra veicoli in marcia;Incrocio;Più di due carreggiate;Asciutto;Asfaltata;Verticale ed orizzontale;Sereno;Normale;Buona;;1;0;0;1;12.5667;41.8949;-1;1;Velocipede;In marcia / fermata / arresto;Conducente;M;Illeso;0;;Esente;
5046570;6;07/09/2020 09:45:00;Strada Urbana;VIA PRENESTINA;all'intersezione semaforizzata con;VIALE GIOVANNI BATTISTA VALENTE;VIALE GIOVANNI BATTISTA VALENTE;;;Scontro laterale fra veicoli in marcia;Incrocio;Più di due carreggiate;Asciutto;Asfaltata;Verticale ed orizzontale;Sereno;Normale;Buona;;1;0;0;1;12.5667;41.8949;-1;2;Motociclo a solo;In marcia / fermata / arresto;Conducente;M;Ricoverato;0;NON DECEDUTO;Non accertato;
5046577;2;05/09/2020 14:15:00;Strada Urbana;VIALE DEL VIGNOLA;all'intersezione con;PIAZZA MELOZZO DA FORLI';PIAZZA MELOZZO DA FORLI';;;Scontro frontale/laterale DX fra veicoli in marcia;Incrocio;Una carreggiata a senso unico di marcia;Asciutto;Asfaltata;Verticale ed orizzontale;Sereno;Scarso;Buona;;1;0;0;1;12.4665;41.9254;-1;1;Autovettura privata;In marcia / fermata / arresto;Conducente;M;Illeso;0;;Non accertato;Inesploso
5046577;2;05/09/2020 14:15:00;Strada Urbana;VIALE DEL VIGNOLA;all'intersezione con;PIAZZA MELOZZO DA FORLI';PIAZZA MELOZZO DA FORLI';;;Scontro frontale/laterale DX fra veicoli in marcia;Incrocio;Una carreggiata a senso unico di marcia;Asciutto;Asfaltata;Verticale ed orizzontale;Sereno;Scarso;Buona;;1;0;0;1;12.4665;41.9254;-1;2;Motociclo a solo;In marcia / fermata / arresto;Conducente;M;Rifiuta cure immediate;0;NON DECEDUTO;Non accertato;
5046592;23;04/09/2020 20:55:00;Strada Urbana;RACCORDO A 24;da specificare;;;;rampa innesto autostrada su tangenziale;Infortunio per sola frenata improvvisa;Rettilineo;Una carreggiata a senso unico di marcia;Asciutto;Asfaltata;Verticale ed orizzontale;Sereno;Scarso;Buona;;2;0;0;0;12.6651;41.9184;-1;1;Motociclo a solo;In marcia / fermata / arresto;Conducente;M;Rimandato;0;NON DECEDUTO;Utilizzato;
5046592;23;04/09/2020 20:55:00;Strada Urbana;RACCORDO A 24;da specificare;;;;rampa innesto autostrada su tangenziale;Infortunio per sola frenata improvvisa;Rettilineo;Una carreggiata a senso unico di marcia;Asciutto;Asfaltata;Verticale ed orizzontale;Sereno;Scarso;Buona;;2;0;0;0;12.6651;41.9184;-1;1;Motociclo a solo;In marcia / fermata / arresto;Passeggero;F;Rimandato;0;NON DECEDUTO;Utilizzato;
5046595;1;04/09/2020 16:05:00;Strada Urbana;VIA DI PONTE ROTTO;in prossimità;;del civico n.;3;;Veicolo in marcia contro veicolo in sosta;Pendenza;Una carreggiata a senso unico di marcia;Asciutto;In cubetti di porfido;Verticale ed orizzontale;Sereno;Scarso;Buona;;0;0;0;1;;;0;1;Autovettura privata;In marcia / fermata / arresto;Conducente;M;Illeso;0;;;
5046595;1;04/09/2020 16:05:00;Strada Urbana;VIA DI PONTE ROTTO;in prossimità;;del civico n.;3;;Veicolo in marcia contro veicolo in sosta;Pendenza;Una carreggiata a senso unico di marcia;Asciutto;In cubetti di porfido;Verticale ed orizzontale;Sereno;Scarso;Buona;;0;0;0;1;;;0;2;Autovettura privata;Sosta;;;;;;;
5046603;3;05/09/2020 11:45:00;Strada Urbana;VIA CESARE DE LOLLIS;in prossimità;;del civico n.;41;;Scontro laterale fra veicoli in marcia;Rettilineo;Una carreggiata a senso unico di marcia;Asciutto;Asfaltata;Verticale ed orizzontale;Sereno;Scarso;Buona;;0;0;0;2;12.5183;41.9019;-1;1;Autovettura privata;In marcia / fermata / arresto;Conducente;M;Illeso;0;;Non accertato;
5046603;3;05/09/2020 11:45:00;Strada Urbana;VIA CESARE DE LOLLIS;in prossimità;;del civico n.;41;;Scontro laterale fra veicoli in marcia;Rettilineo;Una carreggiata a senso unico di marcia;Asciutto;Asfaltata;Verticale ed orizzontale;Sereno;Scarso;Buona;;0;0;0;2;12.5183;41.9019;-1;2;Autovettura privata;In marcia / fermata / arresto;Conducente;M;Illeso;0;;Non accertato;
5046612;2;05/09/2020 21:10:00;Strada Urbana;VIA DEL FORO ITALICO;da specificare;;;;fronte civico 605 dir. S. Giovanni;Veicolo in marcia contro ostacolo fisso;Curva a visuale libera;Due carreggiate;Asciutto;Asfaltata;Orizzontale;Sereno;Normale;Sufficiente;;1;0;0;0;12.4828;41.94;-1;1;Autovettura privata;In marcia / fermata / arresto;Conducente;M;Rimandato;0;NON DECEDUTO;;