Protocollo;Gruppo;DataOraIncidente;Localizzazione1;STRADA1;Localizzazione2;STRADA2;Strada02;Chilometrica;DaSpecificare;NaturaIncidente;particolaritastrade;TipoStrada;FondoStradale;Pavimentazione;Segnaletica;CondizioneAtmosferica;Traffico;Visibilita;Illuminazione;NUM_FERITI;NUM_RISERVATA;NUM_MORTI;NUM_ILLESI;Longitude;Latitude;Confermato;Progressivo;TipoVeicolo;StatoVeicolo;TipoPersona;Sesso;Tipolesione;Deceduto;DecedutoDopo;CinturaCascoUtilizzato;Airbag;
5047898;4;06/09/2020 10:30:00;Provinciale;VIA NOMENTANA;da specificare;;;;fronte civico 1480;Veicolo in marcia contro ostacolo accidentale;Curva a visuale libera;Una carreggiata a doppio senso;Asciutto;Asfaltata;Verticale ed orizzontale;Sereno;Normale;Buona;;0;0;0;1;12.6132;41.9723;-1;1;Autovettura privata;In marcia / fermata / arresto;Conducente;M;Illeso;0;;Non accertato;Inesploso
5047904;4;07/09/2020 09:30:00;Provinciale;VIA NOMENTANA;in corrispondenza;;del civico n.;1480;;Veicolo in marcia contro ostacolo fisso;Curva a visuale libera;Una carreggiata a doppio senso;Asciutto;Asfaltata;Verticale ed orizzontale;Sereno;Normale;Buona;;0;0;0;1;12.6045;41.9687;-1;1;Autovettura privata;In marcia / fermata / arresto;Conducente;M;Illeso;0;;Non accertato;Inesploso
5047910;4;07/09/2020 09:30:00;Provinciale;VIA NOMENTANA;da specificare;;;;fronte civico 1480;Veicolo in marcia contro ostacolo accidentale;Curva a visuale libera;Una carreggiata a doppio senso;Asciutto;Asfaltata;Verticale ed orizzontale;Sereno;Normale;Buona;;0;0;0;1;12.6128;41.9718;0;1;Autovettura privata;In marcia / fermata / arresto;Conducente;M;Illeso;0;;Non accertato;Inesploso
5047923;6;08/09/2020 07:35:00;Strada Urbana;PIAZZA DEI CONDOTTIERI;all'intersezione con;VIA DEL PIGNETO;VIA DEL PIGNETO;;;Scontro frontale/laterale SX fra veicoli in marcia;Intersezione stradale segnalata;Una carreggiata a doppio senso;Asciutto;Asfaltata;Verticale ed orizzontale;Sereno;Normale;Buona;;0;0;0;3;12.5349;41.887;-1;1;Autovettura privata;In marcia / fermata / arresto;Conducente;F;Illeso;0;;Non accertato;Inesploso
5047923;6;08/09/2020 07:35:00;Strada Urbana;PIAZZA DEI CONDOTTIERI;all'intersezione con;VIA DEL PIGNETO;VIA DEL PIGNETO;;;Scontro frontale/laterale SX fra veicoli in marcia;Intersezione stradale segnalata;Una carreggiata a doppio senso;Asciutto;Asfaltata;Verticale ed orizzontale;Sereno;Normale;Buona;;0;0;0;3;12.5349;41.887;-1;2;Autovettura di polizia;In marcia / fermata / arresto;Conducente;M;Illeso;0;;Non accertato;Inesploso
5047923;6;08/09/2020 07:35:00;Strada Urbana;PIAZZA DEI CONDOTTIERI;all'intersezione con;VIA DEL PIGNETO;VIA DEL PIGNETO;;;Scontro frontale/laterale SX fra veicoli in marcia;Intersezione stradale segnalata;Una carreggiata a doppio senso;Asciutto;Asfaltata;Verticale ed orizzontale;Sereno;Normale;Buona;;0;0;0;3;12.5349;41.887;-1;2;Autovettura di polizia;In marcia / fermata / arresto;Passeggero;M;Illeso;0;;Non accertato;Inesploso
5047924;4;07/09/2020 09:30:00;Strada Urbana;CORSO SEMPIONE;in corrispondenza;;del civico n.;11;;Scontro frontale/laterale DX fra veicoli in marcia;Rettilineo;Più di due carreggiate;Asciutto;Asfaltata;Verticale ed orizzontale;Sereno;Normale;Buona;;1;0;0;1;12.534;41.9355;-1;1;Motociclo a solo;In marcia / fermata / arresto;Conducente;M;Rimandato;0;NON DECEDUTO;Non accertato;
5047924;4;07/09/2020 09:30:00;Strada Urbana;CORSO SEMPIONE;in corrispondenza;;del civico n.;11;;Scontro frontale/laterale DX fra veicoli in marcia;Rettilineo;Più di due carreggiate;Asciutto;Asfaltata;Verticale ed orizzontale;Sereno;Normale;Buona;;1;0;0;1;12.534;41.9355;-1;2;Autovettura privata;In marcia / fermata / arresto;Conducente;M;Illeso;0;;Non accertato;Inesploso
5047930;7;07/09/2020 16:45:00;Strada Urbana;VIA DEL GRANO;in corrispondenza;;del civico n.;97;;Scontro frontale/laterale SX fra veicoli in marcia;Rettilineo;Una carreggiata a senso unico di marcia;Asciutto;Asfaltata;Assente;Sereno;Normale;Buona;;0;0;0;3;12.5751;41.8777;-1;1;Autocarro inferiore 35 q.;In marcia / fermata / arresto;Conducente;M;Illeso;0;;Non accertato;Inesploso
5047930;7;07/09/2020 16:45:00;Strada Urbana;VIA DEL GRANO;in corrispondenza;;del civico n.;97;;Scontro frontale/laterale SX fra veicoli in marcia;Rettilineo;Una carreggiata a senso unico di marcia;Asciutto;Asfaltata;Assente;Sereno;Normale;Buona;;0;0;0;3;12.5751;41.8777;-1;2;Autovettura privata;In marcia / fermata / arresto;Conducente;F;Illeso;0;;Non accertato;Inesploso
5047930;7;07/09/2020 16:45:00;Strada Urbana;VIA DEL GRANO;in corrispondenza;;del civico n.;97;;Scontro frontale/laterale SX fra veicoli in marcia;Rettilineo;Una carreggiata a senso unico di marcia;Asciutto;Asfaltata;Assente;Sereno;Normale;Buona;;0;0;0;3;12.5751;41.8777;-1;2;Autovettura privata;In marcia / fermata / arresto;Passeggero;M;Illeso;0;;Non accertato;Inesploso
5047932;17;07/09/2020 17:30:00;Strada Urbana;LUNGOTEVERE MICHELANGELO;da specificare;;;;curva rampa di immissione da piazza della Libertà;Veicolo in marcia contro veicolo in sosta;Curva a visuale libera;Una carreggiata a senso unico di marcia;Asciutto;Asfaltata;Verticale ed orizzontale;Sereno;Normale;Buona;;1;0;0;0;12.4704;41.9121;-1;1;Motociclo a solo;In marcia / fermata / arresto;Conducente;M;Rifiuta cure immediate;0;NON DECEDUTO;;
5047932;17;07/09/2020 17:30:00;Strada Urbana;LUNGOTEVERE MICHELANGELO;da specificare;;;;curva rampa di immissione da piazza della Libertà;Veicolo in marcia contro veicolo in sosta;Curva a visuale libera;Una carreggiata a senso unico di marcia;Asciutto;Asfaltata;Verticale ed orizzontale;Sereno;Normale;Buona;;1;0;0;0;12.4704;41.9121;-1;2;Autovettura privata;Sosta;;;;;;;
5047934;4;07/09/2020 15:30:00;Strada Urbana;VIA MONTE ROCCHETTA;all'intersezione con;VIA MONTE CROCE;VIA MONTE CROCE;;;Scontro frontale/laterale SX fra veicoli in marcia;Intersezione stradale segnalata;Una carreggiata a doppio senso;Asciutto;Asfaltata;Verticale ed orizzontale;Sereno;Normale;Buona;;0;0;0;2;12.5317;41.9473;-1;1;Autovettura privata;In marcia / fermata / arresto;Conducente;M;Illeso;0;;Non accertato;Inesploso
5047934;4;07/09/2020 15:30:00;Strada Urbana;VIA MONTE ROCCHETTA;all'intersezione con;VIA MONTE CROCE;VIA MONTE CROCE;;;Scontro frontale/laterale SX fra veicoli in marcia;Intersezione stradale segnalata;Una carreggiata a doppio senso;Asciutto;Asfaltata;Verticale ed orizzontale;Sereno;Normale;Buona;;0;0;0;2;12.5317;41.9473;-1;2;Autovettura privata;In marcia / fermata / arresto;Conducente;M;Illeso;0;;Non accertato;Inesploso
5047940;12;07/09/2020 16:50:00;Strada Urbana;VIALE DELLA GRANDE MURAGLIA;in prossimità;;del civico n.;164;;Investimento di pedone;Rettilineo;Due carreggiate;Asciutto;Asfaltata;Verticale ed orizzontale;Sereno;Normale;Buona;;1;0;0;1;12.451;41.8189;-1;;;;Pedone;F;Rimandato;0;NON DECEDUTO;;
5047940;12;07/09/2020 16:50:00;Strada Urbana;VIALE DELLA GRANDE MURAGLIA;in prossimità;;del civico n.;164;;Investimento di pedone;Rettilineo;Due carreggiate;Asciutto;Asfaltata;Verticale ed orizzontale;Sereno;Normale;Buona;;1;0;0;1;12.451;41.8189;-1;1;Autovettura privata;In marcia / fermata / arresto;Conducente;M;Illeso;0;;Non accertato;Inesploso
5047958;13;07/09/2020 20:00:00;Strada Urbana;LUNGOMARE DUILIO;all'intersezione con;VIA DEL BUCINTORO;VIA DEL BUCINTORO;;;Tamponamento Multiplo;Intersezione semaforizzata;Una carreggiata a senso unico di marcia;Asciutto;Asfaltata;Verticale ed orizzontale;Sereno;Normale;Buona;;1;0;0;2;12.2988;41.721;-1;1;Velocipede;In marcia / fermata / arresto;Conducente;F;Rimandato;0;NON DECEDUTO;Esente;
5047958;13;07/09/2020 20:00:00;Strada Urbana;LUNGOMARE DUILIO;all'intersezione con;VIA DEL BUCINTORO;VIA DEL BUCINTORO;;;Tamponamento Multiplo;Intersezione semaforizzata;Una carreggiata a senso unico di marcia;Asciutto;Asfaltata;Verticale ed orizzontale;Sereno;Normale;Buona;;1;0;0;2;12.2988;41.721;-1;2;Autovettura privata;In marcia / fermata / arresto;Conducente;F;Illeso;0;;Non accertato;Inesploso
5047958;13;07/09/2020 20:00:00;Strada Urbana;LUNGOMARE DUILIO;all'intersezione con;VIA DEL BUCINTORO;VIA DEL BUCINTORO;;;Tamponamento Multiplo;Intersezione semaforizzata;Una carreggiata a senso unico di marcia;Asciutto;Asfaltata;Verticale ed orizzontale;Sereno;Normale;Buona;;1;0;0;2;12.2988;41.721;-1;3;Autovettura privata;In marcia / fermata / arresto;Conducente;F;Illeso;0;;Non accertato;Inesploso
5047976;4;07/09/2020 16:00:00;Strada Urbana;VIA PALMIANO;da specificare;;;;inserire VIA ALBERTO LATTUADA;Veicolo in marcia contro ostacolo fisso;Rettilineo;Una carreggiata a senso unico di marcia;Asciutto;Asfaltata;Verticale ed orizzontale;Sereno;Normale;Buona;;0;0;0;1;12.5206;41.9826;-1;1;Autovettura privata;In marcia / fermata / arresto;Conducente;F;Illeso;0;;Non accertato;Inesploso
5047977;4;07/09/2020 19:30:00;Strada Urbana;VIA DELLA BUFALOTTA;in prossimità;;del civico n.;17A;;Veicolo in marcia contro veicolo in sosta;Rettilineo;Una carreggiata a doppio senso;Asciutto;Asfaltata;Orizzontale;Sereno;Scarso;Sufficiente;;0;0;0;1;12.5388;41.9465;-1;1;Autovettura privata;Sosta;;;;;;;
5047977;4;07/09/2020 19:30:00;Strada Urbana;VIA DELLA BUFALOTTA;in prossimità;;del civico n.;17A;;Veicolo in marcia contro veicolo in sosta;Rettilineo;Una carreggiata a doppio senso;Asciutto;Asfaltata;Orizzontale;Sereno;Scarso;Sufficiente;;0;0;0;1;12.5388;41.9465;-1;2;Autovettura privata;In marcia / fermata / arresto;Conducente;M;Illeso;0;;;
5048005;17;07/09/2020 18:20:00;Strada Urbana;VIA CIPRO;in prossimità;;del civico n.;95;;Veicolo in marcia contro veicolo in sosta;Rettilineo;Due carreggiate;Asciutto;Asfaltata;Verticale ed orizzontale;Sereno;Scarso;Buona;;0;0;0;1;12.4452;41.9054;-1;1;Motociclo a solo;In marcia / fermata / arresto;Conducente;M;Illeso;0;;;
5048005;17;07/09/2020 18:20:00;Strada Urbana;VIA CIPRO;in prossimità;;del civico n.;95;;Veicolo in marcia contro veicolo in sosta;Rettilineo;Due carreggiate;Asciutto;Asfaltata;Verticale ed orizzontale;Sereno;Scarso;Buona;;0;0;0;1;12.4452;41.9054;-1;2;Autovettura privata;Sosta;;;;;;;
5048029;4;08/09/2020 02:35:00;Strada Urbana;VIA DEI PRATI FISCALI;da specificare;;;;civ. 55 altezza Hotel La Pergola;Scontro laterale fra veicoli in marcia;Rettilineo;Due carreggiate;Asciutto;Asfaltata;Verticale ed orizzontale;Sereno;Scarso;Sufficiente;;1;0;0;1;12.5165;41.9461;-1;1;Autovettura privata;In marcia / fermata / arresto;Conducente;F;Illeso;0;;Non accertato;Inesploso
5048029;4;08/09/2020 02:35:00;Strada Urbana;VIA DEI PRATI FISCALI;da specificare;;;;civ. 55 altezza Hotel La Pergola;Scontro laterale fra veicoli in marcia;Rettilineo;Due carreggiate;Asciutto;Asfaltata;Verticale ed orizzontale;Sereno;Scarso;Sufficiente;;1;0;0;1;12.5165;41.9461;-1;2;Motociclo a solo;In marcia / fermata / arresto;Conducente;M;Rifiuta cure immediate;0;NON DECEDUTO;Non accertato;
5048030;12;07/09/2020 18:50:00;Strada Urbana;VIALE CESARE PAVESE;da specificare;;;;prossimità Via Umberto Saba;Scontro frontale/laterale SX fra veicoli in marcia;Pianeggiante;Due carreggiate;Asciutto;Asfaltata;Verticale ed orizzontale;Sereno;Normale;Buona;;0;0;0;2;12.4746;41.8175;-1;1;Autovettura privata;In marcia / fermata / arresto;Conducente;F;Illeso;0;;Non accertato;Inesploso
5048030;12;07/09/2020 18:50:00;Strada Urbana;VIALE CESARE PAVESE;da specificare;;;;prossimità Via Umberto Saba;Scontro frontale/laterale SX fra veicoli in marcia;Pianeggiante;Due carreggiate;Asciutto;Asfaltata;Verticale ed orizzontale;Sereno;Normale;Buona;;0;0;0;2;12.4746;41.8175;-1;2;Autovettura privata;In marcia / fermata / arresto;Conducente;M;Illeso;0;;Non accertato;Inesploso
5048098;9;08/09/2020 08:00:00;;VIA ELENIANA;all'intersezione con;PIAZZALE LABICANO;PIAZZALE LABICANO;;;Scontro laterale fra veicoli in marcia;;;;;;;;;;0;0;0;1;12.5149;41.8904;0;1;Autovettura privata;Allontanatosi;;;;;;;
5048098;9;08/09/2020 08:00:00;;VIA ELENIANA;all'intersezione con;PIAZZALE LABICANO;PIAZZALE LABICANO;;;Scontro laterale fra veicoli in marcia;;;;;;;;;;0;0;0;1;12.5149;41.8904;0;2;Autovettura privata;In marcia / fermata / arresto;Conducente;M;Illeso;0;;;
5048114;9;08/09/2020 08:10:00;;VIA ADOLFO OMODEO;all'intersezione con;VIA TOMMASO FORTIFIOCCA;VIA TOMMASO FORTIFIOCCA;;;Scontro frontale/laterale DX fra veicoli in marcia;;;;;;;;;;0;0;0;1;12.5214;41.871;0;1;Autovettura privata;In marcia / fermata / arresto;Conducente;M;Illeso;0;;;
5048114;9;08/09/2020 08:10:00;;VIA ADOLFO OMODEO;all'intersezione con;VIA TOMMASO FORTIFIOCCA;VIA TOMMASO FORTIFIOCCA;;;Scontro frontale/laterale DX fra veicoli in marcia;;;;;;;;;;0;0;0;1;12.5214;41.871;0;2;Autovettura privata;In marcia / fermata / arresto;Conducente;;Illeso;0;;;
5048136;17;08/09/2020 01:00:00;Strada Urbana;VIA SABINIANO;all'intersezione con;VIA S. ADEODATO;VIA S. ADEODATO;;;Scontro frontale/laterale SX fra veicoli in marcia;Incrocio;Una carreggiata a doppio senso;Asciutto;Asfaltata;Verticale;Sereno;Scarso;Buona;;0;0;0;4;12.4423;41.8937;-1;1;Autovettura privata;In marcia / fermata / arresto;Conducente;M;Illeso;0;;;
5048136;17;08/09/2020 01:00:00;Strada Urbana;VIA SABINIANO;all'intersezione con;VIA S. ADEODATO;VIA S. ADEODATO;;;Scontro frontale/laterale SX fra veicoli in marcia;Incrocio;Una carreggiata a doppio senso;Asciutto;Asfaltata;Verticale;Sereno;Scarso;Buona;;0;0;0;4;12.4423;41.8937;-1;1;Autovettura privata;In marcia / fermata / arresto;Passeggero;F;Illeso;0;;;
5048136;17;08/09/2020 01:00:00;Strada Urbana;VIA SABINIANO;all'intersezione con;VIA S. ADEODATO;VIA S. ADEODATO;;;Scontro frontale/laterale SX fra veicoli in marcia;Incrocio;Una carreggiata a doppio senso;Asciutto;Asfaltata;Verticale;Sereno;Scarso;Buona;;0;0;0;4;12.4423;41.8937;-1;2;Autovettura privata;In marcia / fermata / arresto;Conducente;M;Illeso;0;;;
5048136;17;08/09/2020 01:00:00;Strada Urbana;VIA SABINIANO;all'intersezione con;VIA S. ADEODATO;VIA S. ADEODATO;;;Scontro frontale/laterale SX fra veicoli in marcia;Incrocio;Una carreggiata a doppio senso;Asciutto;Asfaltata;Verticale;Sereno;Scarso;Buona;;0;0;0;4;12.4423;41.8937;-1;2;Autovettura privata;In marcia / fermata / arresto;Passeggero;M;Illeso;0;;;
5048137;7;07/09/2020 19:00:00;Strada Urbana;VIA PAPIRIA;in corrispondenza;;del civico n.;44;;Veicolo in marcia contro veicoli in sosta;Rettilineo;Una carreggiata a doppio senso;Asciutto;Asfaltata;Verticale ed orizzontale;Sereno;Normale;Buona;;0;0;0;1;12.5602;41.8637;-1;1;Autocarro inferiore 35 q.;In marcia / fermata / arresto;Conducente;M;Illeso;0;;Non accertato;Inesploso
5048137;7;07/09/2020 19:00:00;Strada Urbana;VIA PAPIRIA;in corrispondenza;;del civico n.;44;;Veicolo in marcia contro veicoli in sosta;Rettilineo;Una carreggiata a doppio senso;Asciutto;Asfaltata;Verticale ed orizzontale;Sereno;Normale;Buona;;0;0;0;1;12.5602;41.8637;-1;2;Autovettura privata;Sosta;;;;;;;
5048137;7;07/09/2020 19:00:00;Strada Urbana;VIA PAPIRIA;in corrispondenza;;del civico n.;44;;Veicolo in marcia contro veicoli in sosta;Rettilineo;Una carreggiata a doppio senso;Asciutto;Asfaltata;Verticale ed orizzontale;Sereno;Normale;Buona;;0;0;0;1;12.5602;41.8637;-1;3;Autovettura privata;Sosta;;;;;;;
5048151;2;07/09/2020 22:30:00;Strada Urbana;VIA TRIPOLITANIA;all'intersezione con;VIA LAGO TANA;VIA LAGO TANA;;;Scontro frontale/laterale SX fra veicoli in marcia;Incrocio;Una carreggiata a senso unico di marcia;Asciutto;Asfaltata;Verticale ed orizzontale;Sereno;Normale;Buona;;1;0;0;1;12.5203;41.9308;-1;1;Autocarro inferiore 35 q.;In marcia / fermata / arresto;Conducente;M;Illeso;0;;Non accertato;Inesploso
5048151;2;07/09/2020 22:30:00;Strada Urbana;VIA TRIPOLITANIA;all'intersezione con;VIA LAGO TANA;VIA LAGO TANA;;;Scontro frontale/laterale SX fra veicoli in marcia;Incrocio;Una carreggiata a senso unico di marcia;Asciutto;Asfaltata;Verticale ed orizzontale;Sereno;Normale;Buona;;1;0;0;1;12.5203;41.9308;-1;2;Motociclo a solo;In marcia / fermata / arresto;Conducente;M;Rimandato;0;NON DECEDUTO;;
5048177;2;07/09/2020 19:45:00;Strada Urbana;VIA FRANCESCO JACOVACCI;da specificare;;;;altezza parcometro n.190162;Veicolo in marcia contro ostacolo accidentale;Rettilineo;Una carreggiata a senso unico di marcia;Asciutto;Asfaltata;Verticale ed orizzontale;Sereno;Normale;Buona;;0;0;0;1;12.4753;41.9196;-1;1;Autovettura privata;In marcia / fermata / arresto;Conducente;M;Illeso;0;;Non accertato;Inesploso
5048213;9;08/09/2020 10:15:00;Strada Urbana;VIA GALLIA;all'intersezione con;VIA LUNI;VIA LUNI;;;Scontro frontale/laterale DX fra veicoli in marcia;Incrocio;Una carreggiata a doppio senso;Asciutto;Asfaltata;Verticale ed orizzontale;Sereno;Normale;Buona;;1;0;0;0;12.5064;41.8806;-1;1;Autovettura privata;Allontanatosi;;;;;;;
5048213;9;08/09/2020 10:15:00;Strada Urbana;VIA GALLIA;all'intersezione con;VIA LUNI;VIA LUNI;;;Scontro frontale/laterale DX fra veicoli in marcia;Incrocio;Una carreggiata a doppio senso;Asciutto;Asfaltata;Verticale ed orizzontale;Sereno;Normale;Buona;;1;0;0;0;12.5064;41.8806;-1;2;Motociclo a solo;In marcia / fermata / arresto;Conducente;M;Rimandato;0;NON DECEDUTO;;
5048250;17;07/09/2020 20:30:00;Strada Urbana;LUNGOTEVERE IN AUGUSTA;in corrispondenza;;del palo luce n.;9;;Scontro laterale fra veicoli in marcia;Rettilineo;Una carreggiata a senso unico di marcia;Asciutto;Asfaltata;Verticale ed orizzontale;Sereno;Normale;Sufficiente;;1;0;0;1;12.4748;41.9076;-1;1;Autovettura privata;In marcia / fermata / arresto;Conducente;M;Illeso;0;;;
5048250;17;07/09/2020 20:30:00;Strada Urbana;LUNGOTEVERE IN AUGUSTA;in corrispondenza;;del palo luce n.;9;;Scontro laterale fra veicoli in marcia;Rettilineo;Una carreggiata a senso unico di marcia;Asciutto;Asfaltata;Verticale ed orizzontale;Sereno;Normale;Sufficiente;;1;0;0;1;12.4748;41.9076;-1;2;Motociclo a solo;In marcia / fermata / arresto;Conducente;M;Rimandato;0;NON DECEDUTO;;
5048250;17;07/09/2020 20:30:00;Strada Urbana;LUNGOTEVERE IN AUGUSTA;in corrispondenza;;del palo luce n.;9;;Scontro laterale fra veicoli in marcia;Rettilineo;Una carreggiata a senso unico di marcia;Asciutto;Asfaltata;Verticale ed orizzontale;Sereno;Normale;Sufficiente;;1;0;0;1;12.4748;41.9076;-1;3;Autovettura privata;Sosta;;;;;;;
5048325;1;08/09/2020 08:35:00;Strada Urbana;VIA NAZIONALE;in corrispondenza;;del civico n.;180;;Veicolo in marcia contro ostacolo accidentale;Rettilineo;Una carreggiata a doppio senso;Viscido da liquidi oleosi;Acciotolata;Verticale ed orizzontale;Sereno;Normale;Buona;;1;0;0;0;12.4881;41.8975;-1;1;Motociclo a solo;In marcia / fermata / arresto;Conducente;M;Rimandato;0;NON DECEDUTO;;
5048409;6;08/09/2020 08:40:00;Strada Urbana;VIA CASILINA;in corrispondenza;;del civico n.;354;;Scontro laterale fra veicoli in marcia;Rettilineo;Più di due carreggiate;Asciutto;Asfaltata;Verticale ed orizzontale;Sereno;Normale;Buona;;1;0;0;2;12.5405;41.8807;-1;1;Autovettura privata;In marcia / fermata / arresto;Conducente;M;Illeso;0;;Non accertato;
5048409;6;08/09/2020 08:40:00;Strada Urbana;VIA CASILINA;in corrispondenza;;del civico n.;354;;Scontro laterale fra veicoli in marcia;Rettilineo;Più di due carreggiate;Asciutto;Asfaltata;Verticale ed orizzontale;Sereno;Normale;Buona;;1;0;0;2;12.5405;41.8807;-1;1;Autovettura privata;In marcia / fermata / arresto;Passeggero;F;Illeso;0;;;
5048409;6;08/09/2020 08:40:00;Strada Urbana;VIA CASILINA;in corrispondenza;;del civico n.;354;;Scontro laterale fra veicoli in marcia;Rettilineo;Più di due carreggiate;Asciutto;Asfaltata;Verticale ed orizzontale;Sereno;Normale;Buona;;1;0;0;2;12.5405;41.8807;-1;2;Motociclo a solo;In marcia / fermata / arresto;Conducente;F;Rimandato;0;NON DECEDUTO;Non accertato;
5048439;7;08/09/2020 07:30:00;Strada Urbana;VIA PRENESTINA;in corrispondenza;;del civico n.;710/712;;Veicolo in marcia contro ostacolo accidentale;Rettilineo;Una carreggiata a doppio senso;Asciutto;Asfaltata;Orizzontale;Sereno;Normale;Buona;;1;0;0;1;12.5866;41.8937;-1;1;Autovettura privata;In marcia / fermata / arresto;Conducente;M;Illeso;0;;Non accertato;Inesploso
5048439;7;08/09/2020 07:30:00;Strada Urbana;VIA PRENESTINA;in corrispondenza;;del civico n.;710/712;;Veicolo in marcia contro ostacolo accidentale;Rettilineo;Una carreggiata a doppio senso;Asciutto;Asfaltata;Orizzontale;Sereno;Normale;Buona;;1;0;0;1;12.5866;41.8937;-1;2;Monopattino elettrico;In marcia / fermata / arresto;Conducente;M;Ricoverato;0;NON DECEDUTO;Non accertato;Inesploso
5048458;18;07/09/2020 14:30:00;Strada Urbana;VIA DI BOCCEA;in prossimità;;del civico n.;571;;Scontro frontale/laterale DX fra veicoli in marcia;Rettilineo;Una carreggiata a doppio senso;Asciutto;Asfaltata;Verticale ed orizzontale;Sereno;Normale;Buona;;0;0;0;2;12.3787;41.9164;-1;1;Autovettura privata;In marcia / fermata / arresto;Conducente;F;Illeso;0;;Non accertato;Inesploso
5048458;18;07/09/2020 14:30:00;Strada Urbana;VIA DI BOCCEA;in prossimità;;del civico n.;571;;Scontro frontale/laterale DX fra veicoli in marcia;Rettilineo;Una carreggiata a doppio senso;Asciutto;Asfaltata;Verticale ed orizzontale;Sereno;Normale;Buona;;0;0;0;2;12.3787;41.9164;-1;2;Motociclo a solo;In marcia / fermata / arresto;Conducente;M;Illeso;0;;Non accertato;
5048461;13;08/09/2020 11:20:00;Strada Urbana;VIALE DEI PROMONTORI;in prossimità;;del civico n.;130;;Tamponamento;Rettilineo;Due carreggiate;Asciutto;Asfaltata;Verticale ed orizzontale;Sereno;Normale;Buona;;0;0;0;3;12.2887;41.7384;-1;1;Autovettura privata;In marcia / fermata / arresto;Conducente;M;Illeso;0;;;
5048461;13;08/09/2020 11:20:00;Strada Urbana;VIALE DEI PROMONTORI;in prossimità;;del civico n.;130;;Tamponamento;Rettilineo;Due carreggiate;Asciutto;Asfaltata;Verticale ed orizzontale;Sereno;Normale;Buona;;0;0;0;3;12.2887;41.7384;-1;1;Autovettura privata;In marcia / fermata / arresto;Passeggero;M;Illeso;0;;;
5048461;13;08/09/2020 11:20:00;Strada Urbana;VIALE DEI PROMONTORI;in prossimità;;del civico n.;130;;Tamponamento;Rettilineo;Due carreggiate;Asciutto;Asfaltata;Verticale ed orizzontale;Sereno;Normale;Buona;;0;0;0;3;12.2887;41.7384;-1;2;Autovettura privata;In marcia / fermata / arresto;Conducente;F;Illeso;0;;;
5048482;12;08/09/2020 10:40:00;Strada Urbana;VIALE DELLA GRANDE MURAGLIA;da specificare;;;;in prossimità Piazza TIEN AN MEN;Tamponamento Multiplo;Rettilineo;Due carreggiate;Asciutto;Asfaltata;Verticale ed orizzontale;Sereno;Scarso;Buona;;0;0;0;4;12.4419;41.8135;-1;1;Autovettura privata;In marcia / fermata / arresto;Conducente;F;Illeso;0;;;
5048482;12;08/09/2020 10:40:00;Strada Urbana;VIALE DELLA GRANDE MURAGLIA;da specificare;;;;in prossimità Piazza TIEN AN MEN;Tamponamento Multiplo;Rettilineo;Due carreggiate;Asciutto;Asfaltata;Verticale ed orizzontale;Sereno;Scarso;Buona;;0;0;0;4;12.4419;41.8135;-1;2;Autovettura privata;In marcia / fermata / arresto;Conducente;M;Illeso;0;;;
5048482;12;08/09/2020 10:40:00;Strada Urbana;VIALE DELLA GRANDE MURAGLIA;da specificare;;;;in prossimità Piazza TIEN AN MEN;Tamponamento Multiplo;Rettilineo;Due carreggiate;Asciutto;Asfaltata;Verticale ed orizzontale;Sereno;Scarso;Buona;;0;0;0;4;12.4419;41.8135;-1;3;Autovettura privata;In marcia / fermata / arresto;Conducente;M;Illeso;0;;;
5048482;12;08/09/2020 10:40:00;Strada Urbana;VIALE DELLA GRANDE MURAGLIA;da specificare;;;;in prossimità Piazza TIEN AN MEN;Tamponamento Multiplo;Rettilineo;Due carreggiate;Asciutto;Asfaltata;Verticale ed orizzontale;Sereno;Scarso;Buona;;0;0;0;4;12.4419;41.8135;-1;3;Autovettura privata;In marcia / fermata / arresto;Passeggero;M;Illeso;0;;Non accertato;
5048485;18;07/09/2020 17:45:00;Strada Urbana;VIA DELLA MAGLIANELLA;in prossimità;;del civico n.;320;;Scontro laterale fra veicoli in marcia;Rettilineo;Una carreggiata a senso unico di marcia;Asciutto;Asfaltata;Verticale ed orizzontale;Sereno;Intenso;Buona;;0;0;0;2;12.385;41.9126;-1;1;Autovettura privata;In marcia / fermata / arresto;Conducente;F;Illeso;0;;Non accertato;Inesploso
5048485;18;07/09/2020 17:45:00;Strada Urbana;VIA DELLA MAGLIANELLA;in prossimità;;del civico n.;320;;Scontro laterale fra veicoli in marcia;Rettilineo;Una carreggiata a senso unico di marcia;Asciutto;Asfaltata;Verticale ed orizzontale;Sereno;Intenso;Buona;;0;0;0;2;12.385;41.9126;-1;2;Autovettura privata;In marcia / fermata / arresto;Conducente;M;Illeso;0;;Non accertato;Inesploso
5048570;13;08/09/2020 07:30:00;Strada Urbana;VIALE DELLA VILLA DI PLINIO;da specificare;;;;direzione via c. colombo;Veicolo in marcia contro ostacolo fisso;Rettilineo;Due carreggiate;Asciutto;Strada pavimentata dissestata;Verticale ed orizzontale;Sereno;Normale;Buona;;1;0;0;0;;;0;1;Motociclo a solo;In marcia / fermata / arresto;Conducente;M;Rimandato;0;NON DECEDUTO;;