Protocollo;Gruppo;DataOraIncidente;Localizzazione1;STRADA1;Localizzazione2;STRADA2;Strada02;Chilometrica;DaSpecificare;NaturaIncidente;particolaritastrade;TipoStrada;FondoStradale;Pavimentazione;Segnaletica;CondizioneAtmosferica;Traffico;Visibilita;Illuminazione;NUM_FERITI;NUM_RISERVATA;NUM_MORTI;NUM_ILLESI;Longitude;Latitude;Confermato;Progressivo;TipoVeicolo;StatoVeicolo;TipoPersona;Sesso;Tipolesione;Deceduto;DecedutoDopo;CinturaCascoUtilizzato;Airbag;
5058778;1;15/09/2020 12:15:00;Strada Urbana;VIA UMBERTO BIANCAMANO;in prossimità;;del civico n.;35;;Veicolo in marcia contro veicoli in sosta;Rettilineo;Una carreggiata a senso unico di marcia;Asciutto;Asfaltata;Verticale ed orizzontale;Sereno;Scarso;Buona;;0;0;0;0;12.5122;41.8881;-1;1;Autovettura privata;Allontanatosi;;;;;;;
5058778;1;15/09/2020 12:15:00;Strada Urbana;VIA UMBERTO BIANCAMANO;in prossimità;;del civico n.;35;;Veicolo in marcia contro veicoli in sosta;Rettilineo;Una carreggiata a senso unico di marcia;Asciutto;Asfaltata;Verticale ed orizzontale;Sereno;Scarso;Buona;;0;0;0;0;12.5122;41.8881;-1;2;Autovettura privata;Sosta;;;;;;;
5058778;1;15/09/2020 12:15:00;Strada Urbana;VIA UMBERTO BIANCAMANO;in prossimità;;del civico n.;35;;Veicolo in marcia contro veicoli in sosta;Rettilineo;Una carreggiata a senso unico di marcia;Asciutto;Asfaltata;Verticale ed orizzontale;Sereno;Scarso;Buona;;0;0;0;0;12.5122;41.8881;-1;3;Autovettura privata;Sosta;;;;;;;
5058799;16;14/09/2020 12:35:00;Strada Urbana;VIA QUIRINO MAJORANA;in prossimità;;del palo luce n.;44;;Tamponamento;Rettilineo;Due carreggiate;Asciutto;Asfaltata;Verticale ed orizzontale;Sereno;Intenso;Buona;;0;0;0;3;12.4621;41.8685;0;1;Autovettura privata;In marcia / fermata / arresto;Conducente;M;Illeso;0;;;
5058799;16;14/09/2020 12:35:00;Strada Urbana;VIA QUIRINO MAJORANA;in prossimità;;del palo luce n.;44;;Tamponamento;Rettilineo;Due carreggiate;Asciutto;Asfaltata;Verticale ed orizzontale;Sereno;Intenso;Buona;;0;0;0;3;12.4621;41.8685;0;1;Autovettura privata;In marcia / fermata / arresto;Passeggero;F;Illeso;0;;;
5058799;16;14/09/2020 12:35:00;Strada Urbana;VIA QUIRINO MAJORANA;in prossimità;;del palo luce n.;44;;Tamponamento;Rettilineo;Due carreggiate;Asciutto;Asfaltata;Verticale ed orizzontale;Sereno;Intenso;Buona;;0;0;0;3;12.4621;41.8685;0;2;Autovettura privata;In marcia / fermata / arresto;Conducente;F;Illeso;0;;;
5058804;6;15/09/2020 14:20:00;Strada Urbana;VIA CASILINA;in prossimità;;del civico n.;618a;;Scontro frontale/laterale DX fra veicoli in marcia;Rettilineo;Più di due carreggiate;Asciutto;Asfaltata;Verticale;Sereno;Intenso;Buona;;1;0;0;3;12.5509;41.8773;-1;1;Autovettura privata;In marcia / fermata / arresto;Conducente;M;Illeso;0;;;
5058804;6;15/09/2020 14:20:00;Strada Urbana;VIA CASILINA;in prossimità;;del civico n.;618a;;Scontro frontale/laterale DX fra veicoli in marcia;Rettilineo;Più di due carreggiate;Asciutto;Asfaltata;Verticale;Sereno;Intenso;Buona;;1;0;0;3;12.5509;41.8773;-1;1;Autovettura privata;In marcia / fermata / arresto;Passeggero;F;Rimandato;0;NON DECEDUTO;;
5058804;6;15/09/2020 14:20:00;Strada Urbana;VIA CASILINA;in prossimità;;del civico n.;618a;;Scontro frontale/laterale DX fra veicoli in marcia;Rettilineo;Più di due carreggiate;Asciutto;Asfaltata;Verticale;Sereno;Intenso;Buona;;1;0;0;3;12.5509;41.8773;-1;2;Autovettura privata;In marcia / fermata / arresto;Conducente;F;Illeso;0;;;
5058804;6;15/09/2020 14:20:00;Strada Urbana;VIA CASILINA;in prossimità;;del civico n.;618a;;Scontro frontale/laterale DX fra veicoli in marcia;Rettilineo;Più di due carreggiate;Asciutto;Asfaltata;Verticale;Sereno;Intenso;Buona;;1;0;0;3;12.5509;41.8773;-1;3;Autovettura privata;In marcia / fermata / arresto;Conducente;M;Illeso;0;;;
5058816;16;14/09/2020 15:50:00;Strada Urbana;VIA AURELIA ANTICA;in prossimità;;del civico n.;219;;Tamponamento;Rettilineo;Una carreggiata a doppio senso;Asciutto;Asfaltata;Orizzontale;Sereno;Normale;Buona;;0;0;0;3;12.4429;41.8891;-1;1;Autovettura privata;In marcia / fermata / arresto;Conducente;M;Illeso;0;;Non accertato;Inesploso
5058816;16;14/09/2020 15:50:00;Strada Urbana;VIA AURELIA ANTICA;in prossimità;;del civico n.;219;;Tamponamento;Rettilineo;Una carreggiata a doppio senso;Asciutto;Asfaltata;Orizzontale;Sereno;Normale;Buona;;0;0;0;3;12.4429;41.8891;-1;1;Autovettura privata;In marcia / fermata / arresto;Passeggero;F;Illeso;0;;Non accertato;Inesploso
5058816;16;14/09/2020 15:50:00;Strada Urbana;VIA AURELIA ANTICA;in prossimità;;del civico n.;219;;Tamponamento;Rettilineo;Una carreggiata a doppio senso;Asciutto;Asfaltata;Orizzontale;Sereno;Normale;Buona;;0;0;0;3;12.4429;41.8891;-1;2;Autovettura privata;In marcia / fermata / arresto;Conducente;M;Illeso;0;;Non accertato;Esploso
5058829;19;15/09/2020 07:50:00;Strada Urbana;LARGO AGOSTINO GEMELLI;da specificare;;;;FRONTE FARMACIA;Veicolo in marcia contro veicolo in sosta;Rettilineo;Una carreggiata a doppio senso;Asciutto;Asfaltata;Orizzontale;Sereno;Normale;Buona;;0;0;0;1;12.4274;41.9291;-1;1;Autovettura di polizia;In marcia / fermata / arresto;Conducente;M;Illeso;0;;;Inesploso
5058829;19;15/09/2020 07:50:00;Strada Urbana;LARGO AGOSTINO GEMELLI;da specificare;;;;FRONTE FARMACIA;Veicolo in marcia contro veicolo in sosta;Rettilineo;Una carreggiata a doppio senso;Asciutto;Asfaltata;Orizzontale;Sereno;Normale;Buona;;0;0;0;1;12.4274;41.9291;-1;2;Autovettura privata;Sosta;;;;;;;
5058844;16;14/09/2020 20:45:00;Strada Urbana;VIA DELLA PISANA;in corrispondenza;;del civico n.;167;;Scontro laterale fra veicoli in marcia;Rettilineo;Una carreggiata a doppio senso;Asciutto;Asfaltata;Verticale ed orizzontale;Sereno;Scarso;Buona;;2;0;0;1;12.4172;41.8806;-1;1;Autobus di linea;In marcia / fermata / arresto;Conducente;M;Illeso;0;;Non accertato;
5058844;16;14/09/2020 20:45:00;Strada Urbana;VIA DELLA PISANA;in corrispondenza;;del civico n.;167;;Scontro laterale fra veicoli in marcia;Rettilineo;Una carreggiata a doppio senso;Asciutto;Asfaltata;Verticale ed orizzontale;Sereno;Scarso;Buona;;2;0;0;1;12.4172;41.8806;-1;2;Autovettura privata;In marcia / fermata / arresto;Conducente;F;Rimandato;0;NON DECEDUTO;Non accertato;
5058844;16;14/09/2020 20:45:00;Strada Urbana;VIA DELLA PISANA;in corrispondenza;;del civico n.;167;;Scontro laterale fra veicoli in marcia;Rettilineo;Una carreggiata a doppio senso;Asciutto;Asfaltata;Verticale ed orizzontale;Sereno;Scarso;Buona;;2;0;0;1;12.4172;41.8806;-1;2;Autovettura privata;In marcia / fermata / arresto;Passeggero;F;Ricoverato;0;NON DECEDUTO;Non accertato;
5058844;16;14/09/2020 20:45:00;Strada Urbana;VIA DELLA PISANA;in corrispondenza;;del civico n.;167;;Scontro laterale fra veicoli in marcia;Rettilineo;Una carreggiata a doppio senso;Asciutto;Asfaltata;Verticale ed orizzontale;Sereno;Scarso;Buona;;2;0;0;1;12.4172;41.8806;-1;3;Autovettura privata;Sosta;;;;;;;
5058844;16;14/09/2020 20:45:00;Strada Urbana;VIA DELLA PISANA;in corrispondenza;;del civico n.;167;;Scontro laterale fra veicoli in marcia;Rettilineo;Una carreggiata a doppio senso;Asciutto;Asfaltata;Verticale ed orizzontale;Sereno;Scarso;Buona;;2;0;0;1;12.4172;41.8806;-1;4;Autovettura privata;Sosta;;;;;;;
5058900;2;15/09/2020 16:30:00;Strada Urbana;VIA SALARIA;all'intersezione semaforizzata con;VIA ANAPO;VIA ANAPO;;;Tamponamento Multiplo;Intersezione semaforizzata;Una carreggiata a doppio senso;Asciutto;Asfaltata;Verticale ed orizzontale;Sereno;Normale;Buona;;0;0;0;4;13.0816;42.4174;-1;1;Autovettura privata;In marcia / fermata / arresto;Conducente;M;Illeso;0;;Non accertato;Inesploso
5058900;2;15/09/2020 16:30:00;Strada Urbana;VIA SALARIA;all'intersezione semaforizzata con;VIA ANAPO;VIA ANAPO;;;Tamponamento Multiplo;Intersezione semaforizzata;Una carreggiata a doppio senso;Asciutto;Asfaltata;Verticale ed orizzontale;Sereno;Normale;Buona;;0;0;0;4;13.0816;42.4174;-1;2;Autovettura privata;In marcia / fermata / arresto;Conducente;M;Illeso;0;;Non accertato;Inesploso
5058900;2;15/09/2020 16:30:00;Strada Urbana;VIA SALARIA;all'intersezione semaforizzata con;VIA ANAPO;VIA ANAPO;;;Tamponamento Multiplo;Intersezione semaforizzata;Una carreggiata a doppio senso;Asciutto;Asfaltata;Verticale ed orizzontale;Sereno;Normale;Buona;;0;0;0;4;13.0816;42.4174;-1;2;Autovettura privata;In marcia / fermata / arresto;Passeggero;F;Illeso;0;;Non accertato;Inesploso
5058900;2;15/09/2020 16:30:00;Strada Urbana;VIA SALARIA;all'intersezione semaforizzata con;VIA ANAPO;VIA ANAPO;;;Tamponamento Multiplo;Intersezione semaforizzata;Una carreggiata a doppio senso;Asciutto;Asfaltata;Verticale ed orizzontale;Sereno;Normale;Buona;;0;0;0;4;13.0816;42.4174;-1;3;Autocarro inferiore 35 q.;In marcia / fermata / arresto;Conducente;M;Illeso;0;;Non accertato;Inesploso
5058906;7;15/09/2020 14:05:00;Strada Urbana;VIA DEI GINEPRI;all'intersezione con;VIA DEI GELSI;VIA DEI GELSI;;;Scontro frontale/laterale DX fra veicoli in marcia;Intersezione stradale segnalata;Una carreggiata a doppio senso;Asciutto;Asfaltata;Verticale ed orizzontale;Sereno;Normale;Buona;;1;0;0;1;12.5706;41.8896;-1;1;Autovettura privata;In marcia / fermata / arresto;Conducente;M;Illeso;0;;;
5058906;7;15/09/2020 14:05:00;Strada Urbana;VIA DEI GINEPRI;all'intersezione con;VIA DEI GELSI;VIA DEI GELSI;;;Scontro frontale/laterale DX fra veicoli in marcia;Intersezione stradale segnalata;Una carreggiata a doppio senso;Asciutto;Asfaltata;Verticale ed orizzontale;Sereno;Normale;Buona;;1;0;0;1;12.5706;41.8896;-1;2;Autovettura privata;In marcia / fermata / arresto;Conducente;F;Rimandato;0;NON DECEDUTO;Non accertato;Inesploso
5058910;7;15/09/2020 16:20:00;Strada Urbana;VIA PAPIRIA;da specificare;;;;prossimità intersezione con Via Calpurnio Pisone;Scontro laterale fra veicoli in marcia;Rettilineo;Una carreggiata a doppio senso;Asciutto;Asfaltata;Verticale ed orizzontale;Sereno;Normale;Buona;;1;0;0;0;12.5623;41.8634;-1;1;Motociclo a solo;In marcia / fermata / arresto;Conducente;M;Rimandato;0;NON DECEDUTO;;
5058910;7;15/09/2020 16:20:00;Strada Urbana;VIA PAPIRIA;da specificare;;;;prossimità intersezione con Via Calpurnio Pisone;Scontro laterale fra veicoli in marcia;Rettilineo;Una carreggiata a doppio senso;Asciutto;Asfaltata;Verticale ed orizzontale;Sereno;Normale;Buona;;1;0;0;0;12.5623;41.8634;-1;2;Altro;Allontanatosi;;;;;;;
5058997;6;15/09/2020 19:00:00;Strada Urbana;VIA PRENESTINA;da specificare;;;;alt. L.GO PRENESTE;Scontro laterale fra veicoli in marcia;Rettilineo;Più di due carreggiate;Asciutto;Asfaltata;Verticale ed orizzontale;Nuvoloso;Normale;Buona;;0;0;0;3;12.5418;41.8927;-1;1;Vettura tranviaria;In marcia / fermata / arresto;Conducente;M;Illeso;0;;Esente;
5058997;6;15/09/2020 19:00:00;Strada Urbana;VIA PRENESTINA;da specificare;;;;alt. L.GO PRENESTE;Scontro laterale fra veicoli in marcia;Rettilineo;Più di due carreggiate;Asciutto;Asfaltata;Verticale ed orizzontale;Nuvoloso;Normale;Buona;;0;0;0;3;12.5418;41.8927;-1;2;Vettura tranviaria;In marcia / fermata / arresto;Conducente;M;Illeso;0;;Esente;
5058997;6;15/09/2020 19:00:00;Strada Urbana;VIA PRENESTINA;da specificare;;;;alt. L.GO PRENESTE;Scontro laterale fra veicoli in marcia;Rettilineo;Più di due carreggiate;Asciutto;Asfaltata;Verticale ed orizzontale;Nuvoloso;Normale;Buona;;0;0;0;3;12.5418;41.8927;-1;3;Motociclo di polizia;In marcia / fermata / arresto;Conducente;M;Illeso;0;;Utilizzato;
5059128;8;15/09/2020 08:50:00;Strada Urbana;VIA CAMPO BRUNO;in corrispondenza;;del civico n.;3;;Veicolo in marcia contro ostacolo fisso;Rettilineo;Una carreggiata a senso unico di marcia;Asciutto;Asfaltata;Verticale ed orizzontale;Sereno;Normale;Buona;;0;0;0;0;12.6834;41.8611;-1;1;Autovettura privata;In marcia / fermata / arresto;;;;;;;
5059129;8;15/09/2020 15:30:00;Strada Urbana;VIA CASILINA;in prossimità;;del civico n.;1730;;Scontro frontale/laterale SX fra veicoli in marcia;Rettilineo;Una carreggiata a doppio senso;Asciutto;Asfaltata;Verticale ed orizzontale;Sereno;Normale;Buona;;2;0;0;1;12.6626;41.8643;-1;1;Autovettura privata;In marcia / fermata / arresto;Conducente;M;Illeso;0;;Non accertato;Inesploso
5059129;8;15/09/2020 15:30:00;Strada Urbana;VIA CASILINA;in prossimità;;del civico n.;1730;;Scontro frontale/laterale SX fra veicoli in marcia;Rettilineo;Una carreggiata a doppio senso;Asciutto;Asfaltata;Verticale ed orizzontale;Sereno;Normale;Buona;;2;0;0;1;12.6626;41.8643;-1;2;Motociclo con passeggero;In marcia / fermata / arresto;Conducente;M;Rifiuta cure immediate;0;NON DECEDUTO;Non accertato;
5059129;8;15/09/2020 15:30:00;Strada Urbana;VIA CASILINA;in prossimità;;del civico n.;1730;;Scontro frontale/laterale SX fra veicoli in marcia;Rettilineo;Una carreggiata a doppio senso;Asciutto;Asfaltata;Verticale ed orizzontale;Sereno;Normale;Buona;;2;0;0;1;12.6626;41.8643;-1;2;Motociclo con passeggero;In marcia / fermata / arresto;Passeggero;M;Rimandato;0;NON DECEDUTO;Non accertato;
5059131;8;15/09/2020 18:00:00;Strada Urbana;VIA CANTIANO;in prossimità;;del civico n.;115;;Veicolo in marcia contro ostacolo fisso;Rettilineo;Una carreggiata a doppio senso;Bagnato (pioggia);Asfaltata;Verticale ed orizzontale;Pioggia in atto;Scarso;Buona;;0;0;0;1;12.7284;41.9123;-1;1;Autovettura privata;In marcia / fermata / arresto;Conducente;M;Illeso;0;;;
5059132;8;15/09/2020 20:30:00;Strada Urbana;VIA ERCOLE MARELLI;all'intersezione con;VIA DEL TORRACCIO;VIA DEL TORRACCIO;;;Infortunio per sola frenata improvvisa;Incrocio;Una carreggiata a doppio senso;Asciutto;Asfaltata;Verticale ed orizzontale;Sereno;Scarso;Sufficiente;;1;0;0;0;12.6449;41.8583;0;1;Motociclo a solo;In marcia / fermata / arresto;Conducente;M;Rimandato;0;NON DECEDUTO;Non accertato;
5059132;8;15/09/2020 20:30:00;Strada Urbana;VIA ERCOLE MARELLI;all'intersezione con;VIA DEL TORRACCIO;VIA DEL TORRACCIO;;;Infortunio per sola frenata improvvisa;Incrocio;Una carreggiata a doppio senso;Asciutto;Asfaltata;Verticale ed orizzontale;Sereno;Scarso;Sufficiente;;1;0;0;0;12.6449;41.8583;0;2;Autovettura privata;Allontanatosi;;;;;;;
5059192;10;15/09/2020 07:50:00;Strada Urbana;VIA DELLE CAPANNELLE;in corrispondenza;;del civico n.;168;;Tamponamento Multiplo;Rettilineo;Una carreggiata a doppio senso;Asciutto;Asfaltata;Orizzontale;Sereno;Intenso;Buona;;0;0;0;7;12.5731;41.8359;-1;1;Autovettura privata;In marcia / fermata / arresto;Conducente;M;Illeso;0;;Non accertato;Inesploso
5059192;10;15/09/2020 07:50:00;Strada Urbana;VIA DELLE CAPANNELLE;in corrispondenza;;del civico n.;168;;Tamponamento Multiplo;Rettilineo;Una carreggiata a doppio senso;Asciutto;Asfaltata;Orizzontale;Sereno;Intenso;Buona;;0;0;0;7;12.5731;41.8359;-1;1;Autovettura privata;In marcia / fermata / arresto;Passeggero;M;Illeso;0;;Non accertato;Inesploso
5059192;10;15/09/2020 07:50:00;Strada Urbana;VIA DELLE CAPANNELLE;in corrispondenza;;del civico n.;168;;Tamponamento Multiplo;Rettilineo;Una carreggiata a doppio senso;Asciutto;Asfaltata;Orizzontale;Sereno;Intenso;Buona;;0;0;0;7;12.5731;41.8359;-1;2;Autovettura privata;In marcia / fermata / arresto;Conducente;F;Illeso;0;;Non accertato;Inesploso
5059192;10;15/09/2020 07:50:00;Strada Urbana;VIA DELLE CAPANNELLE;in corrispondenza;;del civico n.;168;;Tamponamento Multiplo;Rettilineo;Una carreggiata a doppio senso;Asciutto;Asfaltata;Orizzontale;Sereno;Intenso;Buona;;0;0;0;7;12.5731;41.8359;-1;2;Autovettura privata;In marcia / fermata / arresto;Passeggero;M;Illeso;0;;Non accertato;Inesploso
5059192;10;15/09/2020 07:50:00;Strada Urbana;VIA DELLE CAPANNELLE;in corrispondenza;;del civico n.;168;;Tamponamento Multiplo;Rettilineo;Una carreggiata a doppio senso;Asciutto;Asfaltata;Orizzontale;Sereno;Intenso;Buona;;0;0;0;7;12.5731;41.8359;-1;3;Autovettura privata;In marcia / fermata / arresto;Conducente;F;Illeso;0;;Non accertato;Inesploso
5059192;10;15/09/2020 07:50:00;Strada Urbana;VIA DELLE CAPANNELLE;in corrispondenza;;del civico n.;168;;Tamponamento Multiplo;Rettilineo;Una carreggiata a doppio senso;Asciutto;Asfaltata;Orizzontale;Sereno;Intenso;Buona;;0;0;0;7;12.5731;41.8359;-1;3;Autovettura privata;In marcia / fermata / arresto;Passeggero;M;Illeso;0;;Non accertato;Inesploso
5059192;10;15/09/2020 07:50:00;Strada Urbana;VIA DELLE CAPANNELLE;in corrispondenza;;del civico n.;168;;Tamponamento Multiplo;Rettilineo;Una carreggiata a doppio senso;Asciutto;Asfaltata;Orizzontale;Sereno;Intenso;Buona;;0;0;0;7;12.5731;41.8359;-1;3;Autovettura privata;In marcia / fermata / arresto;Passeggero;F;Illeso;0;;Non accertato;Inesploso
5059219;13;15/09/2020 08:40:00;Strada Urbana;VIA PINDARO;all'intersezione semaforizzata con;VIALE CRISTOFORO COLOMBO;VIALE CRISTOFORO COLOMBO;;;Scontro laterale fra veicoli in marcia;Intersezione semaforizzata;Una carreggiata a doppio senso;Asciutto;Asfaltata;Verticale ed orizzontale;Sereno;Normale;Buona;;1;0;0;1;12.3674;41.7566;-1;1;Autovettura privata;In marcia / fermata / arresto;Conducente;F;Illeso;0;;Non accertato;Inesploso
5059219;13;15/09/2020 08:40:00;Strada Urbana;VIA PINDARO;all'intersezione semaforizzata con;VIALE CRISTOFORO COLOMBO;VIALE CRISTOFORO COLOMBO;;;Scontro laterale fra veicoli in marcia;Intersezione semaforizzata;Una carreggiata a doppio senso;Asciutto;Asfaltata;Verticale ed orizzontale;Sereno;Normale;Buona;;1;0;0;1;12.3674;41.7566;-1;2;Motociclo a solo;In marcia / fermata / arresto;Conducente;M;Rifiuta cure immediate;0;NON DECEDUTO;Utilizzato;
5059223;13;15/09/2020 11:00:00;Strada Urbana;VIA DELLE AZZORRE;all'intersezione con;VIA ARISTIDE CARABELLI;VIA ARISTIDE CARABELLI;;;Scontro frontale/laterale SX fra veicoli in marcia;Incrocio;Una carreggiata a doppio senso;Asciutto;Asfaltata;Orizzontale;Sereno;Normale;Buona;;0;0;0;2;12.2738;41.7413;-1;1;Autovettura privata;In marcia / fermata / arresto;Conducente;M;Illeso;0;;Non accertato;Inesploso
5059223;13;15/09/2020 11:00:00;Strada Urbana;VIA DELLE AZZORRE;all'intersezione con;VIA ARISTIDE CARABELLI;VIA ARISTIDE CARABELLI;;;Scontro frontale/laterale SX fra veicoli in marcia;Incrocio;Una carreggiata a doppio senso;Asciutto;Asfaltata;Orizzontale;Sereno;Normale;Buona;;0;0;0;2;12.2738;41.7413;-1;2;Autovettura privata;In marcia / fermata / arresto;Conducente;F;Illeso;0;;Non accertato;Inesploso
5059226;13;15/09/2020 10:30:00;Strada Urbana;VIA CESARE MACCARI;all'intersezione con;VIA TELEMACO SIGNORINI;VIA TELEMACO SIGNORINI;;;Scontro frontale/laterale SX fra veicoli in marcia;Intersezione stradale segnalata;Una carreggiata a doppio senso;Asciutto;Asfaltata;Verticale ed orizzontale;Sereno;Normale;Buona;;0;0;0;2;12.3577;41.7742;-1;1;Autovettura privata;In marcia / fermata / arresto;Conducente;M;Illeso;0;;;
5059226;13;15/09/2020 10:30:00;Strada Urbana;VIA CESARE MACCARI;all'intersezione con;VIA TELEMACO SIGNORINI;VIA TELEMACO SIGNORINI;;;Scontro frontale/laterale SX fra veicoli in marcia;Intersezione stradale segnalata;Una carreggiata a doppio senso;Asciutto;Asfaltata;Verticale ed orizzontale;Sereno;Normale;Buona;;0;0;0;2;12.3577;41.7742;-1;2;Autovettura privata;In marcia / fermata / arresto;Conducente;M;Illeso;0;;;
5059233;13;15/09/2020 15:35:00;Strada Urbana;VIA GIUSEPPE ANTONIO BORGESE;in corrispondenza;;del civico n.;15c;;Scontro frontale/laterale DX fra veicoli in marcia;Rettilineo;Una carreggiata a doppio senso;Asciutto;Asfaltata;Assente;Sereno;Scarso;Buona;;0;0;0;2;12.3482;41.7319;-1;1;Autovettura privata;In marcia / fermata / arresto;Conducente;F;Illeso;0;;Non accertato;Inesploso
5059233;13;15/09/2020 15:35:00;Strada Urbana;VIA GIUSEPPE ANTONIO BORGESE;in corrispondenza;;del civico n.;15c;;Scontro frontale/laterale DX fra veicoli in marcia;Rettilineo;Una carreggiata a doppio senso;Asciutto;Asfaltata;Assente;Sereno;Scarso;Buona;;0;0;0;2;12.3482;41.7319;-1;2;Autovettura privata;In marcia / fermata / arresto;Conducente;F;Illeso;0;;Non accertato;Inesploso
5059236;13;15/09/2020 14:25:00;;PIAZZA VEGA;da specificare;;;;pross. Via Della Tolda;Scontro laterale fra veicoli in marcia;;;;;;;;;;0;0;0;3;12.2949;41.727;0;1;Velocipede;In marcia / fermata / arresto;Conducente;M;Illeso;0;;Esente;
5059236;13;15/09/2020 14:25:00;;PIAZZA VEGA;da specificare;;;;pross. Via Della Tolda;Scontro laterale fra veicoli in marcia;;;;;;;;;;0;0;0;3;12.2949;41.727;0;1;Velocipede;In marcia / fermata / arresto;Passeggero;M;Illeso;0;;Esente;
5059236;13;15/09/2020 14:25:00;;PIAZZA VEGA;da specificare;;;;pross. Via Della Tolda;Scontro laterale fra veicoli in marcia;;;;;;;;;;0;0;0;3;12.2949;41.727;0;2;Autovettura privata;In marcia / fermata / arresto;Conducente;M;Illeso;0;;;
5059241;13;15/09/2020 17:40:00;Strada Urbana;PIAZZA ENRICO MILLO;all'intersezione con;VIA FERDINANDO ACTON;VIA FERDINANDO ACTON;;;Scontro frontale/laterale SX fra veicoli in marcia;Intersezione stradale segnalata;Una carreggiata a senso unico di marcia;Asciutto;Asfaltata;Verticale ed orizzontale;Sereno;Intenso;Buona;;0;0;0;3;12.2898;41.7324;-1;1;Autovettura privata;In marcia / fermata / arresto;Conducente;M;Illeso;0;;Non accertato;Inesploso
5059241;13;15/09/2020 17:40:00;Strada Urbana;PIAZZA ENRICO MILLO;all'intersezione con;VIA FERDINANDO ACTON;VIA FERDINANDO ACTON;;;Scontro frontale/laterale SX fra veicoli in marcia;Intersezione stradale segnalata;Una carreggiata a senso unico di marcia;Asciutto;Asfaltata;Verticale ed orizzontale;Sereno;Intenso;Buona;;0;0;0;3;12.2898;41.7324;-1;2;Autovettura privata;In marcia / fermata / arresto;Conducente;F;Illeso;0;;Non accertato;Inesploso
5059241;13;15/09/2020 17:40:00;Strada Urbana;PIAZZA ENRICO MILLO;all'intersezione con;VIA FERDINANDO ACTON;VIA FERDINANDO ACTON;;;Scontro frontale/laterale SX fra veicoli in marcia;Intersezione stradale segnalata;Una carreggiata a senso unico di marcia;Asciutto;Asfaltata;Verticale ed orizzontale;Sereno;Intenso;Buona;;0;0;0;3;12.2898;41.7324;-1;2;Autovettura privata;In marcia / fermata / arresto;Passeggero;M;Illeso;0;;Non accertato;Inesploso
5059247;13;15/09/2020 19:40:00;Strada Urbana;VIA MANUEL DE FALLA;in corrispondenza;;del civico n.;76;;Veicolo in marcia contro veicolo fermo;Rettilineo;Una carreggiata a doppio senso;Asciutto;Asfaltata;Verticale ed orizzontale;Sole radente;Scarso;Buona;;0;0;0;1;12.3718;41.7497;-1;1;Autovettura privata;In marcia / fermata / arresto;Conducente;F;Illeso;0;;Non accertato;Inesploso
5059247;13;15/09/2020 19:40:00;Strada Urbana;VIA MANUEL DE FALLA;in corrispondenza;;del civico n.;76;;Veicolo in marcia contro veicolo fermo;Rettilineo;Una carreggiata a doppio senso;Asciutto;Asfaltata;Verticale ed orizzontale;Sole radente;Scarso;Buona;;0;0;0;1;12.3718;41.7497;-1;2;Autocarro inferiore 35 q.;Allontanatosi;;;;;;;
5059252;13;16/09/2020 02:00:00;Strada Urbana;VIA DELLE AZZORRE;all'intersezione con;VIA DELL'APPAGLIATORE;VIA DELL'APPAGLIATORE;;;Scontro frontale/laterale DX fra veicoli in marcia;Incrocio;Due carreggiate;Asciutto;Asfaltata;Verticale ed orizzontale;Sereno;Scarso;Buona;;2;0;0;3;12.2738;41.7413;-1;1;Autovettura privata;In marcia / fermata / arresto;Conducente;F;Rimandato;0;NON DECEDUTO;Non accertato;Inesploso
5059252;13;16/09/2020 02:00:00;Strada Urbana;VIA DELLE AZZORRE;all'intersezione con;VIA DELL'APPAGLIATORE;VIA DELL'APPAGLIATORE;;;Scontro frontale/laterale DX fra veicoli in marcia;Incrocio;Due carreggiate;Asciutto;Asfaltata;Verticale ed orizzontale;Sereno;Scarso;Buona;;2;0;0;3;12.2738;41.7413;-1;2;Autovettura privata;In marcia / fermata / arresto;Conducente;M;Illeso;0;;Non accertato;Inesploso
5059252;13;16/09/2020 02:00:00;Strada Urbana;VIA DELLE AZZORRE;all'intersezione con;VIA DELL'APPAGLIATORE;VIA DELL'APPAGLIATORE;;;Scontro frontale/laterale DX fra veicoli in marcia;Incrocio;Due carreggiate;Asciutto;Asfaltata;Verticale ed orizzontale;Sereno;Scarso;Buona;;2;0;0;3;12.2738;41.7413;-1;2;Autovettura privata;In marcia / fermata / arresto;Passeggero;F;Illeso;0;;Non accertato;Inesploso
5059252;13;16/09/2020 02:00:00;Strada Urbana;VIA DELLE AZZORRE;all'intersezione con;VIA DELL'APPAGLIATORE;VIA DELL'APPAGLIATORE;;;Scontro frontale/laterale DX fra veicoli in marcia;Incrocio;Due carreggiate;Asciutto;Asfaltata;Verticale ed orizzontale;Sereno;Scarso;Buona;;2;0;0;3;12.2738;41.7413;-1;2;Autovettura privata;In marcia / fermata / arresto;Passeggero;F;Illeso;0;;Non accertato;Inesploso
5059252;13;16/09/2020 02:00:00;Strada Urbana;VIA DELLE AZZORRE;all'intersezione con;VIA DELL'APPAGLIATORE;VIA DELL'APPAGLIATORE;;;Scontro frontale/laterale DX fra veicoli in marcia;Incrocio;Due carreggiate;Asciutto;Asfaltata;Verticale ed orizzontale;Sereno;Scarso;Buona;;2;0;0;3;12.2738;41.7413;-1;2;Autovettura privata;In marcia / fermata / arresto;Passeggero;M;Rimandato;0;NON DECEDUTO;Non accertato;Inesploso