Protocollo;Gruppo;DataOraIncidente;Localizzazione1;STRADA1;Localizzazione2;STRADA2;Strada02;Chilometrica;DaSpecificare;NaturaIncidente;particolaritastrade;TipoStrada;FondoStradale;Pavimentazione;Segnaletica;CondizioneAtmosferica;Traffico;Visibilita;Illuminazione;NUM_FERITI;NUM_RISERVATA;NUM_MORTI;NUM_ILLESI;Longitude;Latitude;Confermato;Progressivo;TipoVeicolo;StatoVeicolo;TipoPersona;Sesso;Tipolesione;Deceduto;DecedutoDopo;CinturaCascoUtilizzato;Airbag;
5061725;12;16/09/2020 20:55:00;Strada Urbana;VIALE CRISTOFORO COLOMBO;all'intersezione con;VIALE ASIA;VIALE ASIA;;;Veicolo in marcia contro veicolo fermo;Intersezione semaforizzata;Una carreggiata a senso unico di marcia;Asciutto;Asfaltata;Verticale ed orizzontale;Sereno;Normale;Buona;;1;0;0;4;12.4705;41.8319;-1;2;Autovettura privata;In marcia / fermata / arresto;Conducente;M;Illeso;0;;;
5061737;12;16/09/2020 13:35:00;Provinciale entro l'abitato;VIA LAURENTINA;da specificare;;;;PROX LARGO PETER BENENSON;Tamponamento Multiplo;Rettilineo;Più di due carreggiate;Asciutto;Asfaltata;Verticale ed orizzontale;Sereno;Normale;Buona;;0;0;0;5;12.4846;41.8147;-1;1;Autovettura privata;In marcia / fermata / arresto;Conducente;M;Illeso;0;;Non accertato;Inesploso
5061737;12;16/09/2020 13:35:00;Provinciale entro l'abitato;VIA LAURENTINA;da specificare;;;;PROX LARGO PETER BENENSON;Tamponamento Multiplo;Rettilineo;Più di due carreggiate;Asciutto;Asfaltata;Verticale ed orizzontale;Sereno;Normale;Buona;;0;0;0;5;12.4846;41.8147;-1;2;Autovettura privata;In marcia / fermata / arresto;Conducente;M;Illeso;0;;Non accertato;Inesploso
5061737;12;16/09/2020 13:35:00;Provinciale entro l'abitato;VIA LAURENTINA;da specificare;;;;PROX LARGO PETER BENENSON;Tamponamento Multiplo;Rettilineo;Più di due carreggiate;Asciutto;Asfaltata;Verticale ed orizzontale;Sereno;Normale;Buona;;0;0;0;5;12.4846;41.8147;-1;3;Autovettura privata;In marcia / fermata / arresto;Conducente;M;Illeso;0;;Non accertato;Inesploso
5061737;12;16/09/2020 13:35:00;Provinciale entro l'abitato;VIA LAURENTINA;da specificare;;;;PROX LARGO PETER BENENSON;Tamponamento Multiplo;Rettilineo;Più di due carreggiate;Asciutto;Asfaltata;Verticale ed orizzontale;Sereno;Normale;Buona;;0;0;0;5;12.4846;41.8147;-1;3;Autovettura privata;In marcia / fermata / arresto;Passeggero;F;Illeso;0;;Non accertato;Inesploso
5061737;12;16/09/2020 13:35:00;Provinciale entro l'abitato;VIA LAURENTINA;da specificare;;;;PROX LARGO PETER BENENSON;Tamponamento Multiplo;Rettilineo;Più di due carreggiate;Asciutto;Asfaltata;Verticale ed orizzontale;Sereno;Normale;Buona;;0;0;0;5;12.4846;41.8147;-1;3;Autovettura privata;In marcia / fermata / arresto;Passeggero;F;Illeso;0;;Utilizzato;Inesploso
5061763;19;17/09/2020 08:45:00;Strada Urbana;VIA TRIONFALE;in prossimità;;del civico n.;7214;;Veicolo in marcia contro veicolo in sosta;Rettilineo;Una carreggiata a doppio senso;Asciutto;Asfaltata;Verticale ed orizzontale;Sereno;Normale;Buona;;0;0;0;1;12.4375;41.9361;-1;1;Autovettura privata;Sosta;;;;;;;
5061763;19;17/09/2020 08:45:00;Strada Urbana;VIA TRIONFALE;in prossimità;;del civico n.;7214;;Veicolo in marcia contro veicolo in sosta;Rettilineo;Una carreggiata a doppio senso;Asciutto;Asfaltata;Verticale ed orizzontale;Sereno;Normale;Buona;;0;0;0;1;12.4375;41.9361;-1;2;Autovettura privata;In marcia / fermata / arresto;Conducente;M;Illeso;0;;;
5061763;19;17/09/2020 08:45:00;Strada Urbana;VIA TRIONFALE;in prossimità;;del civico n.;7214;;Veicolo in marcia contro veicolo in sosta;Rettilineo;Una carreggiata a doppio senso;Asciutto;Asfaltata;Verticale ed orizzontale;Sereno;Normale;Buona;;0;0;0;1;12.4375;41.9361;-1;3;Motociclo a solo;Sosta;;;;;;;
5061801;6;17/09/2020 10:10:00;Provinciale entro l'abitato;VIA PRENESTINA;all'intersezione con;VIA FANFULLA DA LODI;VIA FANFULLA DA LODI;;;Scontro frontale/laterale DX fra veicoli in marcia;Incrocio;Due carreggiate;Asciutto;Asfaltata;Orizzontale;Sereno;Intenso;Buona;;0;0;0;2;12.5299;41.8916;-1;1;Autovettura privata;In marcia / fermata / arresto;Conducente;F;Illeso;0;;Non accertato;Inesploso
5061801;6;17/09/2020 10:10:00;Provinciale entro l'abitato;VIA PRENESTINA;all'intersezione con;VIA FANFULLA DA LODI;VIA FANFULLA DA LODI;;;Scontro frontale/laterale DX fra veicoli in marcia;Incrocio;Due carreggiate;Asciutto;Asfaltata;Orizzontale;Sereno;Intenso;Buona;;0;0;0;2;12.5299;41.8916;-1;2;Motociclo a solo;In marcia / fermata / arresto;Conducente;M;Illeso;0;;Non accertato;
5061837;1;16/09/2020 10:20:00;Strada Urbana;VIA DEL TRITONE;all'intersezione semaforizzata con;VIA ZUCCHELLI;VIA ZUCCHELLI;;;Tamponamento;Intersezione semaforizzata;Una carreggiata a doppio senso;Asciutto;Asfaltata;Verticale ed orizzontale;Sereno;Intenso;Buona;;0;0;0;2;;;0;1;Motociclo a solo;In marcia / fermata / arresto;Conducente;M;Illeso;0;;;
5061837;1;16/09/2020 10:20:00;Strada Urbana;VIA DEL TRITONE;all'intersezione semaforizzata con;VIA ZUCCHELLI;VIA ZUCCHELLI;;;Tamponamento;Intersezione semaforizzata;Una carreggiata a doppio senso;Asciutto;Asfaltata;Verticale ed orizzontale;Sereno;Intenso;Buona;;0;0;0;2;;;0;2;Motociclo a solo;In marcia / fermata / arresto;Conducente;M;Illeso;0;;;
5061847;1;16/09/2020 17:30:00;;VIA DEL PORTICO D'OTTAVIA;in prossimità;;del civico n.;44;;Veicolo in marcia contro veicolo in sosta;;;;;;;;;;0;0;0;0;12.4782;41.8926;0;1;Altro;Allontanatosi;;;;;;;
5061847;1;16/09/2020 17:30:00;;VIA DEL PORTICO D'OTTAVIA;in prossimità;;del civico n.;44;;Veicolo in marcia contro veicolo in sosta;;;;;;;;;;0;0;0;0;12.4782;41.8926;0;2;Autovettura privata;Sosta;;;;;;;
5061921;12;16/09/2020 17:30:00;Provinciale;VIA DI PRATICA;da specificare;;;;prox via della comunella;Scontro frontale fra veicoli in marcia;Rettilineo;Una carreggiata a doppio senso;Asciutto;Asfaltata;Verticale ed orizzontale;Sereno;Normale;Buona;;1;0;0;1;12.4239;41.7109;-1;1;Autovettura privata;In marcia / fermata / arresto;Conducente;M;Illeso;0;;;
5061921;12;16/09/2020 17:30:00;Provinciale;VIA DI PRATICA;da specificare;;;;prox via della comunella;Scontro frontale fra veicoli in marcia;Rettilineo;Una carreggiata a doppio senso;Asciutto;Asfaltata;Verticale ed orizzontale;Sereno;Normale;Buona;;1;0;0;1;12.4239;41.7109;-1;2;Motociclo a solo;In marcia / fermata / arresto;Conducente;M;Rimandato;0;NON DECEDUTO;Utilizzato;
5061928;1;17/09/2020 07:40:00;Strada Urbana;VIA GUSTAVO MODENA;all'intersezione con;PIAZZA GIUDITTA TAVANI ARQUATI;PIAZZA GIUDITTA TAVANI ARQUATI;;;Scontro laterale fra veicoli in marcia;Intersezione stradale segnalata;Una carreggiata a senso unico di marcia;Asciutto;In cubetti di porfido;Verticale;Sereno;Normale;Buona;;0;0;0;2;12.473;41.8901;-1;1;Autovettura privata;In marcia / fermata / arresto;Conducente;M;Illeso;0;;Non accertato;Inesploso
5061928;1;17/09/2020 07:40:00;Strada Urbana;VIA GUSTAVO MODENA;all'intersezione con;PIAZZA GIUDITTA TAVANI ARQUATI;PIAZZA GIUDITTA TAVANI ARQUATI;;;Scontro laterale fra veicoli in marcia;Intersezione stradale segnalata;Una carreggiata a senso unico di marcia;Asciutto;In cubetti di porfido;Verticale;Sereno;Normale;Buona;;0;0;0;2;12.473;41.8901;-1;2;Autovettura privata;In marcia / fermata / arresto;Conducente;M;Illeso;0;;Non accertato;Inesploso
5061969;15;17/09/2020 07:40:00;Strada Urbana;VIALE LEOPOLDO TORLONIA;in corrispondenza;;del civico n.;21;;Scontro frontale/laterale DX fra veicoli in marcia;Rettilineo;Una carreggiata a doppio senso;Asciutto;Asfaltata;Assente;Sereno;Scarso;Buona;;0;0;0;2;12.4574;41.8553;-1;1;Quadriciclo leggero;In marcia / fermata / arresto;Conducente;M;Illeso;0;;Non accertato;Inesploso
5061969;15;17/09/2020 07:40:00;Strada Urbana;VIALE LEOPOLDO TORLONIA;in corrispondenza;;del civico n.;21;;Scontro frontale/laterale DX fra veicoli in marcia;Rettilineo;Una carreggiata a doppio senso;Asciutto;Asfaltata;Assente;Sereno;Scarso;Buona;;0;0;0;2;12.4574;41.8553;-1;2;Autovettura privata;In marcia / fermata / arresto;Conducente;M;Illeso;0;;Non accertato;Inesploso
5061972;3;16/09/2020 20:05:00;Strada Urbana;VIA NOMENTANA;all'intersezione semaforizzata con;VIALE REGINA MARGHERITA;VIALE REGINA MARGHERITA;;;Scontro laterale fra veicoli in marcia;Intersezione semaforizzata;Più di due carreggiate;Asciutto;Asfaltata;Verticale ed orizzontale;Sereno;Normale;Buona;;1;0;0;1;12.5736;41.959;-1;1;Motociclo a solo;In marcia / fermata / arresto;Conducente;M;Rimandato;0;NON DECEDUTO;Non accertato;
5061972;3;16/09/2020 20:05:00;Strada Urbana;VIA NOMENTANA;all'intersezione semaforizzata con;VIALE REGINA MARGHERITA;VIALE REGINA MARGHERITA;;;Scontro laterale fra veicoli in marcia;Intersezione semaforizzata;Più di due carreggiate;Asciutto;Asfaltata;Verticale ed orizzontale;Sereno;Normale;Buona;;1;0;0;1;12.5736;41.959;-1;2;Autovettura privata;In marcia / fermata / arresto;Conducente;M;Illeso;0;;Non accertato;Inesploso
5061994;17;15/09/2020 14:30:00;Strada Urbana;PIAZZALE DEGLI EROI;all'intersezione semaforizzata con;CIRCONVALLAZIONE TRIONFALE;CIRCONVALLAZIONE TRIONFALE;;;Scontro laterale fra veicoli in marcia;Intersezione semaforizzata;Una carreggiata a doppio senso;Asciutto;Asfaltata;Verticale ed orizzontale;Sereno;Intenso;Buona;;1;0;0;1;12.4489;41.9094;-1;1;Motociclo a solo;In marcia / fermata / arresto;Conducente;F;Illeso;0;;;
5061994;17;15/09/2020 14:30:00;Strada Urbana;PIAZZALE DEGLI EROI;all'intersezione semaforizzata con;CIRCONVALLAZIONE TRIONFALE;CIRCONVALLAZIONE TRIONFALE;;;Scontro laterale fra veicoli in marcia;Intersezione semaforizzata;Una carreggiata a doppio senso;Asciutto;Asfaltata;Verticale ed orizzontale;Sereno;Intenso;Buona;;1;0;0;1;12.4489;41.9094;-1;2;Motociclo a solo;In marcia / fermata / arresto;Conducente;M;Rimandato;0;NON DECEDUTO;;
5061997;3;16/09/2020 13:30:00;Strada Urbana;VIALE DEL POLICLINICO;in prossimità;;del civico n.;143;;Scontro laterale fra veicoli in marcia;Rettilineo;Due carreggiate;Asciutto;Asfaltata;Assente;Sereno;Normale;Buona;;0;0;0;2;12.507;41.909;-1;1;Autovettura privata;In marcia / fermata / arresto;Conducente;M;Illeso;0;;Non accertato;
5061997;3;16/09/2020 13:30:00;Strada Urbana;VIALE DEL POLICLINICO;in prossimità;;del civico n.;143;;Scontro laterale fra veicoli in marcia;Rettilineo;Due carreggiate;Asciutto;Asfaltata;Assente;Sereno;Normale;Buona;;0;0;0;2;12.507;41.909;-1;2;Autovettura pubblica;In marcia / fermata / arresto;Conducente;M;Illeso;0;;Non accertato;
5062042;3;16/09/2020 08:40:00;Strada Urbana;VIALE DELLO SCALO S. LORENZO;all'intersezione con;VIA DI PORTA LABICANA;VIA DI PORTA LABICANA;;;Scontro laterale fra veicoli in marcia;Intersezione stradale segnalata;Una carreggiata a senso unico di marcia;Asciutto;Asfaltata;Assente;Nuvoloso;Normale;Buona;;0;0;0;2;12.5157;41.8929;-1;1;Autovettura privata;In marcia / fermata / arresto;Conducente;M;Illeso;0;;;
5062042;3;16/09/2020 08:40:00;Strada Urbana;VIALE DELLO SCALO S. LORENZO;all'intersezione con;VIA DI PORTA LABICANA;VIA DI PORTA LABICANA;;;Scontro laterale fra veicoli in marcia;Intersezione stradale segnalata;Una carreggiata a senso unico di marcia;Asciutto;Asfaltata;Assente;Nuvoloso;Normale;Buona;;0;0;0;2;12.5157;41.8929;-1;2;Monopattino elettrico;In marcia / fermata / arresto;Conducente;M;Illeso;0;;;
5062049;18;17/09/2020 10:45:00;Strada Urbana;VIA GIULIO III;all'intersezione con;PIAZZA PIO IX;PIAZZA PIO IX;;;Scontro frontale fra veicoli in marcia;Intersezione stradale segnalata;Una carreggiata a senso unico di marcia;Asciutto;In cubetti di porfido;Verticale ed orizzontale;Sereno;Normale;Buona;;0;0;0;2;12.4217;41.9104;-1;1;Autovettura privata;In marcia / fermata / arresto;Conducente;F;Illeso;0;;Non accertato;Inesploso
5062049;18;17/09/2020 10:45:00;Strada Urbana;VIA GIULIO III;all'intersezione con;PIAZZA PIO IX;PIAZZA PIO IX;;;Scontro frontale fra veicoli in marcia;Intersezione stradale segnalata;Una carreggiata a senso unico di marcia;Asciutto;In cubetti di porfido;Verticale ed orizzontale;Sereno;Normale;Buona;;0;0;0;2;12.4217;41.9104;-1;2;Autovettura privata;In marcia / fermata / arresto;Conducente;F;Illeso;0;;Non accertato;Inesploso
5062050;12;17/09/2020 09:00:00;Strada Urbana;VIA DI VALLERANO;da specificare;;;;prossimità civico 165, dir. via Pontina;Tamponamento Multiplo;Rettilineo;Una carreggiata a doppio senso;Asciutto;Asfaltata;Verticale;Sereno;Intenso;Buona;;0;0;0;4;12.4657;41.7865;-1;1;Autovettura privata;In marcia / fermata / arresto;Conducente;F;Illeso;0;;;
5062050;12;17/09/2020 09:00:00;Strada Urbana;VIA DI VALLERANO;da specificare;;;;prossimità civico 165, dir. via Pontina;Tamponamento Multiplo;Rettilineo;Una carreggiata a doppio senso;Asciutto;Asfaltata;Verticale;Sereno;Intenso;Buona;;0;0;0;4;12.4657;41.7865;-1;2;Autovettura privata;In marcia / fermata / arresto;Conducente;F;Illeso;0;;;
5062050;12;17/09/2020 09:00:00;Strada Urbana;VIA DI VALLERANO;da specificare;;;;prossimità civico 165, dir. via Pontina;Tamponamento Multiplo;Rettilineo;Una carreggiata a doppio senso;Asciutto;Asfaltata;Verticale;Sereno;Intenso;Buona;;0;0;0;4;12.4657;41.7865;-1;2;Autovettura privata;In marcia / fermata / arresto;Passeggero;M;Illeso;0;;;
5062050;12;17/09/2020 09:00:00;Strada Urbana;VIA DI VALLERANO;da specificare;;;;prossimità civico 165, dir. via Pontina;Tamponamento Multiplo;Rettilineo;Una carreggiata a doppio senso;Asciutto;Asfaltata;Verticale;Sereno;Intenso;Buona;;0;0;0;4;12.4657;41.7865;-1;3;Autocarro inferiore 35 q.;In marcia / fermata / arresto;Conducente;M;Illeso;0;;;
5062054;17;15/09/2020 13:45:00;Strada Urbana;VIALE DELLE MILIZIE;all'intersezione semaforizzata con;LARGO TRIONFALE;LARGO TRIONFALE;;;Scontro laterale fra veicoli in marcia;Intersezione semaforizzata;Più di due carreggiate;Asciutto;Asfaltata;Verticale ed orizzontale;Sereno;Normale;Buona;;1;0;0;2;12.4549;41.9104;-1;1;Autovettura privata;In marcia / fermata / arresto;Conducente;F;Illeso;0;;Non accertato;
5062054;17;15/09/2020 13:45:00;Strada Urbana;VIALE DELLE MILIZIE;all'intersezione semaforizzata con;LARGO TRIONFALE;LARGO TRIONFALE;;;Scontro laterale fra veicoli in marcia;Intersezione semaforizzata;Più di due carreggiate;Asciutto;Asfaltata;Verticale ed orizzontale;Sereno;Normale;Buona;;1;0;0;2;12.4549;41.9104;-1;2;Motociclo con passeggero;In marcia / fermata / arresto;Conducente;M;Illeso;0;;Non accertato;
5062054;17;15/09/2020 13:45:00;Strada Urbana;VIALE DELLE MILIZIE;all'intersezione semaforizzata con;LARGO TRIONFALE;LARGO TRIONFALE;;;Scontro laterale fra veicoli in marcia;Intersezione semaforizzata;Più di due carreggiate;Asciutto;Asfaltata;Verticale ed orizzontale;Sereno;Normale;Buona;;1;0;0;2;12.4549;41.9104;-1;2;Motociclo con passeggero;In marcia / fermata / arresto;Passeggero;F;Rimandato;0;NON DECEDUTO;Non accertato;
5062059;3;16/09/2020 08:42:00;Strada Urbana;LARGO RODOLFO LANCIANI;in prossimità;;del civico n.;18;;Scontro frontale/laterale DX fra veicoli in marcia;Rettilineo;Una carreggiata a senso unico di marcia;Asciutto;Asfaltata;Verticale ed orizzontale;Sereno;Normale;Buona;;0;0;0;2;12.5262;41.9212;-1;1;Autovettura privata;In marcia / fermata / arresto;Conducente;F;Illeso;0;;;
5062059;3;16/09/2020 08:42:00;Strada Urbana;LARGO RODOLFO LANCIANI;in prossimità;;del civico n.;18;;Scontro frontale/laterale DX fra veicoli in marcia;Rettilineo;Una carreggiata a senso unico di marcia;Asciutto;Asfaltata;Verticale ed orizzontale;Sereno;Normale;Buona;;0;0;0;2;12.5262;41.9212;-1;2;Autovettura privata;In marcia / fermata / arresto;Conducente;F;Illeso;0;;;
5062110;9;17/09/2020 08:00:00;Strada Urbana;VIA LA SPEZIA;da specificare;;;;fronte civico 10A;Scontro frontale fra veicoli in marcia;Rettilineo;Una carreggiata a doppio senso;Asciutto;Asfaltata;Verticale ed orizzontale;Sereno;Intenso;Buona;;0;0;0;5;12.5153;41.8863;-1;1;Autovettura privata;In marcia / fermata / arresto;Conducente;M;Illeso;0;;Non accertato;Inesploso
5062110;9;17/09/2020 08:00:00;Strada Urbana;VIA LA SPEZIA;da specificare;;;;fronte civico 10A;Scontro frontale fra veicoli in marcia;Rettilineo;Una carreggiata a doppio senso;Asciutto;Asfaltata;Verticale ed orizzontale;Sereno;Intenso;Buona;;0;0;0;5;12.5153;41.8863;-1;1;Autovettura privata;In marcia / fermata / arresto;Passeggero;M;Illeso;0;;;
5062110;9;17/09/2020 08:00:00;Strada Urbana;VIA LA SPEZIA;da specificare;;;;fronte civico 10A;Scontro frontale fra veicoli in marcia;Rettilineo;Una carreggiata a doppio senso;Asciutto;Asfaltata;Verticale ed orizzontale;Sereno;Intenso;Buona;;0;0;0;5;12.5153;41.8863;-1;1;Autovettura privata;In marcia / fermata / arresto;Passeggero;F;Illeso;0;;Non accertato;Inesploso
5062110;9;17/09/2020 08:00:00;Strada Urbana;VIA LA SPEZIA;da specificare;;;;fronte civico 10A;Scontro frontale fra veicoli in marcia;Rettilineo;Una carreggiata a doppio senso;Asciutto;Asfaltata;Verticale ed orizzontale;Sereno;Intenso;Buona;;0;0;0;5;12.5153;41.8863;-1;1;Autovettura privata;In marcia / fermata / arresto;Passeggero;F;Illeso;0;;;
5062110;9;17/09/2020 08:00:00;Strada Urbana;VIA LA SPEZIA;da specificare;;;;fronte civico 10A;Scontro frontale fra veicoli in marcia;Rettilineo;Una carreggiata a doppio senso;Asciutto;Asfaltata;Verticale ed orizzontale;Sereno;Intenso;Buona;;0;0;0;5;12.5153;41.8863;-1;2;Motociclo a solo;In marcia / fermata / arresto;Conducente;M;Illeso;0;;Non accertato;
5062110;9;17/09/2020 08:00:00;Strada Urbana;VIA LA SPEZIA;da specificare;;;;fronte civico 10A;Scontro frontale fra veicoli in marcia;Rettilineo;Una carreggiata a doppio senso;Asciutto;Asfaltata;Verticale ed orizzontale;Sereno;Intenso;Buona;;0;0;0;5;12.5153;41.8863;-1;3;Autovettura privata;Sosta;;;;;;;
5062183;17;15/09/2020 16:40:00;Strada Urbana;VIA GIULIO VENTICINQUE;in prossimità;;del civico n.;35;;Veicolo in marcia contro veicolo in sosta;Rettilineo;Una carreggiata a senso unico di marcia;Asciutto;Asfaltata;Verticale ed orizzontale;Sereno;Scarso;Buona;;0;0;0;0;12.447;41.9083;-1;1;Motociclo a solo;Sosta;;;;;;;
5062183;17;15/09/2020 16:40:00;Strada Urbana;VIA GIULIO VENTICINQUE;in prossimità;;del civico n.;35;;Veicolo in marcia contro veicolo in sosta;Rettilineo;Una carreggiata a senso unico di marcia;Asciutto;Asfaltata;Verticale ed orizzontale;Sereno;Scarso;Buona;;0;0;0;0;12.447;41.9083;-1;2;Autovettura privata;Allontanatosi;;;;;;;
5062215;12;16/09/2020 11:25:00;Strada Urbana;VIALE CAMILLO SABATINI;in prossimità;;del civico n.;111;;Veicolo in marcia contro ostacolo fisso;Rettilineo;Una carreggiata a doppio senso;Asciutto;Asfaltata;Verticale ed orizzontale;Sereno;Scarso;Buona;;0;0;0;1;12.4415;41.8193;-1;1;Autoarticolato;In marcia / fermata / arresto;Conducente;M;Illeso;0;;Utilizzato;Inesploso
5062225;1;17/09/2020 09:45:00;Strada Urbana;VIA MARCO AURELIO;in corrispondenza;;del civico n.;11;;Scontro frontale/laterale DX fra veicoli in marcia;Rettilineo;Una carreggiata a senso unico di marcia;Asciutto;Asfaltata;Verticale ed orizzontale;Sereno;Scarso;Buona;;1;0;0;1;12.4944;41.8884;-1;1;Motociclo a solo;In marcia / fermata / arresto;Conducente;F;Rimandato;0;NON DECEDUTO;Non accertato;
5062225;1;17/09/2020 09:45:00;Strada Urbana;VIA MARCO AURELIO;in corrispondenza;;del civico n.;11;;Scontro frontale/laterale DX fra veicoli in marcia;Rettilineo;Una carreggiata a senso unico di marcia;Asciutto;Asfaltata;Verticale ed orizzontale;Sereno;Scarso;Buona;;1;0;0;1;12.4944;41.8884;-1;2;Autovettura privata;In marcia / fermata / arresto;Conducente;M;Illeso;0;;Non accertato;Inesploso
5062252;16;16/09/2020 20:15:00;Strada Urbana;PIAZZA DI DONNA OLIMPIA;all'intersezione con;VIA DI DONNA OLIMPIA;VIA DI DONNA OLIMPIA;;;Tamponamento;Incrocio;Una carreggiata a senso unico di marcia;Asciutto;Asfaltata;Verticale ed orizzontale;Sereno;Normale;Buona;;0;0;0;2;12.4525;41.8776;-1;1;Motociclo a solo;In marcia / fermata / arresto;Conducente;M;Illeso;0;;;
5062252;16;16/09/2020 20:15:00;Strada Urbana;PIAZZA DI DONNA OLIMPIA;all'intersezione con;VIA DI DONNA OLIMPIA;VIA DI DONNA OLIMPIA;;;Tamponamento;Incrocio;Una carreggiata a senso unico di marcia;Asciutto;Asfaltata;Verticale ed orizzontale;Sereno;Normale;Buona;;0;0;0;2;12.4525;41.8776;-1;2;Autovettura privata;In marcia / fermata / arresto;Conducente;M;Illeso;0;;;
5062269;16;16/09/2020 21:40:00;;VIALE DEI COLLI PORTUENSI;in corrispondenza;;del civico n.;518;;Veicolo in marcia contro ostacolo fisso;;;;;;;;;;0;0;0;1;12.4433;41.8629;0;1;Motociclo a solo;In marcia / fermata / arresto;Conducente;M;Illeso;0;;;
5062289;1;15/09/2020 12:55:00;Strada Urbana;PIAZZA DI S. GIOVANNI IN LATERANO;all'intersezione semaforizzata con;VIA MERULANA;VIA MERULANA;;;Scontro laterale fra veicoli in marcia;Incrocio;Più di due carreggiate;Asciutto;Asfaltata;Verticale ed orizzontale;Sereno;Normale;Buona;;0;0;0;3;12.5068;41.8869;-1;1;Autovettura privata;In marcia / fermata / arresto;Conducente;M;Illeso;0;;;
5062289;1;15/09/2020 12:55:00;Strada Urbana;PIAZZA DI S. GIOVANNI IN LATERANO;all'intersezione semaforizzata con;VIA MERULANA;VIA MERULANA;;;Scontro laterale fra veicoli in marcia;Incrocio;Più di due carreggiate;Asciutto;Asfaltata;Verticale ed orizzontale;Sereno;Normale;Buona;;0;0;0;3;12.5068;41.8869;-1;1;Autovettura privata;In marcia / fermata / arresto;Passeggero;M;Illeso;0;;;
5062289;1;15/09/2020 12:55:00;Strada Urbana;PIAZZA DI S. GIOVANNI IN LATERANO;all'intersezione semaforizzata con;VIA MERULANA;VIA MERULANA;;;Scontro laterale fra veicoli in marcia;Incrocio;Più di due carreggiate;Asciutto;Asfaltata;Verticale ed orizzontale;Sereno;Normale;Buona;;0;0;0;3;12.5068;41.8869;-1;2;Autocarro inferiore 35 q.;In marcia / fermata / arresto;Conducente;M;Illeso;0;;;
5062303;17;16/09/2020 00:50:00;Strada Urbana;VIALE DEI BASTIONI DI MICHELANGELO;in corrispondenza;;del civico n.;9;;Scontro laterale fra veicoli in marcia;Rettilineo;Una carreggiata a doppio senso;Asciutto;Asfaltata;Verticale ed orizzontale;Nuvoloso;Scarso;Sufficiente;;0;0;0;1;12.4562;41.9064;-1;1;Autovettura privata;In marcia / fermata / arresto;Conducente;M;Illeso;0;;;
5062303;17;16/09/2020 00:50:00;Strada Urbana;VIALE DEI BASTIONI DI MICHELANGELO;in corrispondenza;;del civico n.;9;;Scontro laterale fra veicoli in marcia;Rettilineo;Una carreggiata a doppio senso;Asciutto;Asfaltata;Verticale ed orizzontale;Nuvoloso;Scarso;Sufficiente;;0;0;0;1;12.4562;41.9064;-1;2;Autovettura privata;Allontanatosi;;;;;;;
5062374;12;16/09/2020 16:05:00;Regionale;VIA PONTINA;da specificare;;;;km 16 Direzione Roma;Veicolo in marcia contro ostacolo fisso;Rettilineo;Due carreggiate;Asciutto;Asfaltata;Verticale ed orizzontale;Sereno;Intenso;Buona;;0;0;0;3;12.4423;41.7701;-1;1;Autovettura privata;In marcia / fermata / arresto;Conducente;M;Illeso;0;;Non accertato;Inesploso
5062374;12;16/09/2020 16:05:00;Regionale;VIA PONTINA;da specificare;;;;km 16 Direzione Roma;Veicolo in marcia contro ostacolo fisso;Rettilineo;Due carreggiate;Asciutto;Asfaltata;Verticale ed orizzontale;Sereno;Intenso;Buona;;0;0;0;3;12.4423;41.7701;-1;1;Autovettura privata;In marcia / fermata / arresto;Passeggero;F;Illeso;0;;Utilizzato;Inesploso
5062374;12;16/09/2020 16:05:00;Regionale;VIA PONTINA;da specificare;;;;km 16 Direzione Roma;Veicolo in marcia contro ostacolo fisso;Rettilineo;Due carreggiate;Asciutto;Asfaltata;Verticale ed orizzontale;Sereno;Intenso;Buona;;0;0;0;3;12.4423;41.7701;-1;1;Autovettura privata;In marcia / fermata / arresto;Passeggero;F;Illeso;0;;Utilizzato;Inesploso
5062389;17;16/09/2020 08:30:00;Strada Urbana;VIA PLINIO;in corrispondenza;;del civico n.;44;;Veicolo in marcia contro veicoli in sosta;Rettilineo;Una carreggiata a senso unico di marcia;Asciutto;Asfaltata;Verticale ed orizzontale;Sereno;Scarso;Buona;;0;0;0;0;12.4646;41.9073;-1;1;Autovettura privata;Sosta;;;;;;;
5062389;17;16/09/2020 08:30:00;Strada Urbana;VIA PLINIO;in corrispondenza;;del civico n.;44;;Veicolo in marcia contro veicoli in sosta;Rettilineo;Una carreggiata a senso unico di marcia;Asciutto;Asfaltata;Verticale ed orizzontale;Sereno;Scarso;Buona;;0;0;0;0;12.4646;41.9073;-1;2;Autovettura privata;Sosta;;;;;;;
5062500;6;17/09/2020 16:10:00;Strada Urbana;VIA DI TOR PIGNATTARA;in prossimità;;del civico n.;15;;Veicolo in marcia contro ostacolo accidentale;Rettilineo;Una carreggiata a doppio senso;Asciutto;Asfaltata;Verticale ed orizzontale;Sereno;Normale;Buona;;0;0;0;2;12.5422;41.8797;-1;1;Autovettura privata;In marcia / fermata / arresto;Conducente;M;Illeso;0;;Non accertato;Inesploso
5062500;6;17/09/2020 16:10:00;Strada Urbana;VIA DI TOR PIGNATTARA;in prossimità;;del civico n.;15;;Veicolo in marcia contro ostacolo accidentale;Rettilineo;Una carreggiata a doppio senso;Asciutto;Asfaltata;Verticale ed orizzontale;Sereno;Normale;Buona;;0;0;0;2;12.5422;41.8797;-1;1;Autovettura privata;In marcia / fermata / arresto;Passeggero;M;Illeso;0;;Non accertato;Inesploso