Protocollo;Gruppo;DataOraIncidente;Localizzazione1;STRADA1;Localizzazione2;STRADA2;Strada02;Chilometrica;DaSpecificare;NaturaIncidente;particolaritastrade;TipoStrada;FondoStradale;Pavimentazione;Segnaletica;CondizioneAtmosferica;Traffico;Visibilita;Illuminazione;NUM_FERITI;NUM_RISERVATA;NUM_MORTI;NUM_ILLESI;Longitude;Latitude;Confermato;Progressivo;TipoVeicolo;StatoVeicolo;TipoPersona;Sesso;Tipolesione;Deceduto;DecedutoDopo;CinturaCascoUtilizzato;Airbag;
5064919;8;18/09/2020 21:50:00;Strada Urbana;VIALE PALMIRO TOGLIATTI;in corrispondenza;;del civico n.;960;;Scontro laterale fra veicoli in marcia;Rettilineo;Due carreggiate;Asciutto;Asfaltata;Verticale ed orizzontale;Sereno;Normale;Sufficiente;;1;0;0;1;12.5749;41.8925;-1;2;Velocipede;In marcia / fermata / arresto;Conducente;M;Rifiuta cure immediate;0;NON DECEDUTO;Esente;
5064939;11;18/09/2020 12:15:00;Strada Urbana;VIA ALBERTO ASCARI;in corrispondenza;;del civico n.;60;;Veicolo in marcia contro veicolo in sosta;Rettilineo;Una carreggiata a senso unico di marcia;Asciutto;Asfaltata;Verticale ed orizzontale;Sereno;Scarso;Buona;;1;0;0;0;12.508;41.8346;-1;1;Autovettura privata;In marcia / fermata / arresto;Conducente;F;Rimandato;0;NON DECEDUTO;;
5064939;11;18/09/2020 12:15:00;Strada Urbana;VIA ALBERTO ASCARI;in corrispondenza;;del civico n.;60;;Veicolo in marcia contro veicolo in sosta;Rettilineo;Una carreggiata a senso unico di marcia;Asciutto;Asfaltata;Verticale ed orizzontale;Sereno;Scarso;Buona;;1;0;0;0;12.508;41.8346;-1;2;Autovettura privata;Sosta;;;;;;;
5064941;1;18/09/2020 12:40:00;Strada Urbana;VIA PRINCIPE EUGENIO;all'intersezione semaforizzata con;VIA BIXIO;VIA BIXIO;;;Scontro frontale/laterale SX fra veicoli in marcia;Incrocio;Una carreggiata a doppio senso;Asciutto;Asfaltata;Verticale;Sereno;Normale;Buona;;0;0;0;4;12.508;41.8937;-1;1;Autovettura privata;In marcia / fermata / arresto;Conducente;M;Illeso;0;;;
5064941;1;18/09/2020 12:40:00;Strada Urbana;VIA PRINCIPE EUGENIO;all'intersezione semaforizzata con;VIA BIXIO;VIA BIXIO;;;Scontro frontale/laterale SX fra veicoli in marcia;Incrocio;Una carreggiata a doppio senso;Asciutto;Asfaltata;Verticale;Sereno;Normale;Buona;;0;0;0;4;12.508;41.8937;-1;1;Autovettura privata;In marcia / fermata / arresto;Passeggero;F;Illeso;0;;;
5064941;1;18/09/2020 12:40:00;Strada Urbana;VIA PRINCIPE EUGENIO;all'intersezione semaforizzata con;VIA BIXIO;VIA BIXIO;;;Scontro frontale/laterale SX fra veicoli in marcia;Incrocio;Una carreggiata a doppio senso;Asciutto;Asfaltata;Verticale;Sereno;Normale;Buona;;0;0;0;4;12.508;41.8937;-1;2;Autovettura privata;In marcia / fermata / arresto;Conducente;M;Illeso;0;;;
5064941;1;18/09/2020 12:40:00;Strada Urbana;VIA PRINCIPE EUGENIO;all'intersezione semaforizzata con;VIA BIXIO;VIA BIXIO;;;Scontro frontale/laterale SX fra veicoli in marcia;Incrocio;Una carreggiata a doppio senso;Asciutto;Asfaltata;Verticale;Sereno;Normale;Buona;;0;0;0;4;12.508;41.8937;-1;2;Autovettura privata;In marcia / fermata / arresto;Passeggero;M;Illeso;0;;;
5064964;11;18/09/2020 20:45:00;Strada Urbana;VIA ANTONINO PIO;all'intersezione con;VIALE LEONARDO DA VINCI;VIALE LEONARDO DA VINCI;;;Investimento di pedone;Incrocio;Una carreggiata a senso unico di marcia;Asciutto;Asfaltata;Verticale ed orizzontale;Sereno;Normale;Buona;;1;0;0;1;12.48;41.8528;-1;;;;Pedone;F;Ricoverato;0;NON DECEDUTO;;
5064964;11;18/09/2020 20:45:00;Strada Urbana;VIA ANTONINO PIO;all'intersezione con;VIALE LEONARDO DA VINCI;VIALE LEONARDO DA VINCI;;;Investimento di pedone;Incrocio;Una carreggiata a senso unico di marcia;Asciutto;Asfaltata;Verticale ed orizzontale;Sereno;Normale;Buona;;1;0;0;1;12.48;41.8528;-1;1;Autovettura privata;In marcia / fermata / arresto;Conducente;M;Illeso;0;;Non accertato;
5064973;1;18/09/2020 17:45:00;Strada Urbana;VIA DEL TRITONE;in prossimità;;del civico n.;56;;Investimento di pedone;Rettilineo;Una carreggiata a senso unico di marcia;Asciutto;Asfaltata;Verticale ed orizzontale;Sereno;Normale;Buona;;1;0;0;1;12.484;41.9024;-1;;;;Pedone;F;Rimandato;0;NON DECEDUTO;;
5064973;1;18/09/2020 17:45:00;Strada Urbana;VIA DEL TRITONE;in prossimità;;del civico n.;56;;Investimento di pedone;Rettilineo;Una carreggiata a senso unico di marcia;Asciutto;Asfaltata;Verticale ed orizzontale;Sereno;Normale;Buona;;1;0;0;1;12.484;41.9024;-1;1;Monopattino elettrico;In marcia / fermata / arresto;Conducente;M;Illeso;0;;;
5064990;20;19/09/2020 00:45:00;Regionale entro l'abitato;VIA CASSIA;in prossimità;;del civico n.;740;;Scontro frontale/laterale DX fra veicoli in marcia;Rettilineo;Una carreggiata a doppio senso;Asciutto;Asfaltata;Orizzontale;Sereno;Scarso;Sufficiente;;2;0;0;1;12.4436;41.9651;-1;1;Autovettura privata;In marcia / fermata / arresto;Conducente;M;Illeso;0;;Non accertato;Inesploso
5064990;20;19/09/2020 00:45:00;Regionale entro l'abitato;VIA CASSIA;in prossimità;;del civico n.;740;;Scontro frontale/laterale DX fra veicoli in marcia;Rettilineo;Una carreggiata a doppio senso;Asciutto;Asfaltata;Orizzontale;Sereno;Scarso;Sufficiente;;2;0;0;1;12.4436;41.9651;-1;2;Motociclo a solo;In marcia / fermata / arresto;Conducente;M;Rimandato;0;NON DECEDUTO;Utilizzato;
5064990;20;19/09/2020 00:45:00;Regionale entro l'abitato;VIA CASSIA;in prossimità;;del civico n.;740;;Scontro frontale/laterale DX fra veicoli in marcia;Rettilineo;Una carreggiata a doppio senso;Asciutto;Asfaltata;Orizzontale;Sereno;Scarso;Sufficiente;;2;0;0;1;12.4436;41.9651;-1;2;Motociclo a solo;In marcia / fermata / arresto;Passeggero;F;Ricoverato;0;NON DECEDUTO;Non accertato;
5064992;6;18/09/2020 16:20:00;Strada Urbana;VIA CASILINA;da specificare;;;;F.C. 299;Scontro laterale fra veicoli in marcia;Rettilineo;Più di due carreggiate;Asciutto;Asfaltata;Verticale ed orizzontale;Sereno;Normale;Buona;;1;0;0;1;12.5338;41.883;-1;1;Motociclo a solo;In marcia / fermata / arresto;Conducente;M;Rifiuta cure immediate;0;NON DECEDUTO;Non accertato;
5064992;6;18/09/2020 16:20:00;Strada Urbana;VIA CASILINA;da specificare;;;;F.C. 299;Scontro laterale fra veicoli in marcia;Rettilineo;Più di due carreggiate;Asciutto;Asfaltata;Verticale ed orizzontale;Sereno;Normale;Buona;;1;0;0;1;12.5338;41.883;-1;2;Autovettura privata;In marcia / fermata / arresto;Conducente;M;Illeso;0;;Non accertato;Inesploso
5065017;1;18/09/2020 15:30:00;Strada Urbana;VIA GOFFREDO MAMELI;all'intersezione con;VIA LUCIANO MANARA;VIA LUCIANO MANARA;;;Tamponamento;Incrocio;Una carreggiata a doppio senso;Asciutto;Asfaltata;Verticale ed orizzontale;Sereno;Scarso;Buona;;0;0;0;2;12.4676;41.888;-1;1;Autovettura di polizia;In marcia / fermata / arresto;Conducente;M;Illeso;0;;;
5065017;1;18/09/2020 15:30:00;Strada Urbana;VIA GOFFREDO MAMELI;all'intersezione con;VIA LUCIANO MANARA;VIA LUCIANO MANARA;;;Tamponamento;Incrocio;Una carreggiata a doppio senso;Asciutto;Asfaltata;Verticale ed orizzontale;Sereno;Scarso;Buona;;0;0;0;2;12.4676;41.888;-1;1;Autovettura di polizia;In marcia / fermata / arresto;Passeggero;M;Illeso;0;;;
5065017;1;18/09/2020 15:30:00;Strada Urbana;VIA GOFFREDO MAMELI;all'intersezione con;VIA LUCIANO MANARA;VIA LUCIANO MANARA;;;Tamponamento;Incrocio;Una carreggiata a doppio senso;Asciutto;Asfaltata;Verticale ed orizzontale;Sereno;Scarso;Buona;;0;0;0;2;12.4676;41.888;-1;2;Autovettura privata;In marcia / fermata / arresto;;;;;;;
5065028;20;18/09/2020 22:10:00;Strada Urbana;VIA VALLE DELLA STORTA;in corrispondenza;;del civico n.;f.c. 75;;Scontro frontale/laterale DX fra veicoli in marcia;Rettilineo;Una carreggiata a doppio senso;Asciutto;Asfaltata;Assente;Sereno;Scarso;Sufficiente;;0;0;0;2;12.3796;42.011;-1;1;Autovettura privata;In marcia / fermata / arresto;Conducente;M;Illeso;0;;Non accertato;
5065028;20;18/09/2020 22:10:00;Strada Urbana;VIA VALLE DELLA STORTA;in corrispondenza;;del civico n.;f.c. 75;;Scontro frontale/laterale DX fra veicoli in marcia;Rettilineo;Una carreggiata a doppio senso;Asciutto;Asfaltata;Assente;Sereno;Scarso;Sufficiente;;0;0;0;2;12.3796;42.011;-1;2;Autovettura privata;In marcia / fermata / arresto;Conducente;M;Illeso;0;;Non accertato;
5065032;20;18/09/2020 16:45:00;Strada Urbana;VIA FLAMINIA NUOVA;in corrispondenza;;del civico n.;f.c. 299;;Scontro laterale fra veicoli in marcia;Rettilineo;Una carreggiata a doppio senso;Asciutto;Asfaltata;Verticale ed orizzontale;Sereno;Intenso;Buona;;1;0;0;2;12.4759;41.9545;-1;1;Motociclo a solo;In marcia / fermata / arresto;Conducente;M;Rimandato;0;NON DECEDUTO;Non accertato;
5065032;20;18/09/2020 16:45:00;Strada Urbana;VIA FLAMINIA NUOVA;in corrispondenza;;del civico n.;f.c. 299;;Scontro laterale fra veicoli in marcia;Rettilineo;Una carreggiata a doppio senso;Asciutto;Asfaltata;Verticale ed orizzontale;Sereno;Intenso;Buona;;1;0;0;2;12.4759;41.9545;-1;2;Autovettura privata;In marcia / fermata / arresto;Conducente;M;Illeso;0;;;
5065032;20;18/09/2020 16:45:00;Strada Urbana;VIA FLAMINIA NUOVA;in corrispondenza;;del civico n.;f.c. 299;;Scontro laterale fra veicoli in marcia;Rettilineo;Una carreggiata a doppio senso;Asciutto;Asfaltata;Verticale ed orizzontale;Sereno;Intenso;Buona;;1;0;0;2;12.4759;41.9545;-1;2;Autovettura privata;In marcia / fermata / arresto;Passeggero;F;Illeso;0;;;
5065036;1;18/09/2020 13:55:00;Strada Urbana;PIAZZALE NUMA POMPILIO;all'intersezione semaforizzata con;VIALE DELLE TERME DI CARACALLA;VIALE DELLE TERME DI CARACALLA;;;Scontro laterale fra veicoli in marcia;Intersezione semaforizzata;Una carreggiata a doppio senso;Asciutto;Asfaltata;Verticale ed orizzontale;Sereno;Normale;Buona;;0;0;0;2;;;0;1;Autovettura privata;In marcia / fermata / arresto;;;;;;;
5065036;1;18/09/2020 13:55:00;Strada Urbana;PIAZZALE NUMA POMPILIO;all'intersezione semaforizzata con;VIALE DELLE TERME DI CARACALLA;VIALE DELLE TERME DI CARACALLA;;;Scontro laterale fra veicoli in marcia;Intersezione semaforizzata;Una carreggiata a doppio senso;Asciutto;Asfaltata;Verticale ed orizzontale;Sereno;Normale;Buona;;0;0;0;2;;;0;2;Autovettura privata;In marcia / fermata / arresto;Conducente;M;Illeso;0;;;
5065036;1;18/09/2020 13:55:00;Strada Urbana;PIAZZALE NUMA POMPILIO;all'intersezione semaforizzata con;VIALE DELLE TERME DI CARACALLA;VIALE DELLE TERME DI CARACALLA;;;Scontro laterale fra veicoli in marcia;Intersezione semaforizzata;Una carreggiata a doppio senso;Asciutto;Asfaltata;Verticale ed orizzontale;Sereno;Normale;Buona;;0;0;0;2;;;0;2;Autovettura privata;In marcia / fermata / arresto;Passeggero;M;Illeso;0;;;
5065038;12;18/09/2020 18:15:00;Strada Urbana;VIA CRISTOFORO COLOMBO;da specificare;;;;direzione Roma centro altezza Palo Acea n. 561;Scontro laterale fra veicoli in marcia;Rettilineo;Due carreggiate;Asciutto;Asfaltata;Verticale ed orizzontale;Sereno;Normale;Buona;;1;0;0;1;12.4536;41.8089;-1;1;Autovettura privata;In marcia / fermata / arresto;Conducente;F;Illeso;0;;Non accertato;
5065038;12;18/09/2020 18:15:00;Strada Urbana;VIA CRISTOFORO COLOMBO;da specificare;;;;direzione Roma centro altezza Palo Acea n. 561;Scontro laterale fra veicoli in marcia;Rettilineo;Due carreggiate;Asciutto;Asfaltata;Verticale ed orizzontale;Sereno;Normale;Buona;;1;0;0;1;12.4536;41.8089;-1;2;Motociclo a solo;In marcia / fermata / arresto;Conducente;M;Rimandato;0;NON DECEDUTO;;
5065048;2;19/09/2020 06:00:00;Strada Urbana;VIA COLLALTO SABINO;in corrispondenza;;del civico n.;58a;;Veicolo in marcia contro veicolo in sosta;Rettilineo;Una carreggiata a senso unico di marcia;Asciutto;Asfaltata;Verticale ed orizzontale;Sereno;Scarso;Sufficiente;;1;0;0;0;12.517;41.9307;-1;1;Autovettura privata;In marcia / fermata / arresto;Conducente;F;Rimandato;0;NON DECEDUTO;;
5065048;2;19/09/2020 06:00:00;Strada Urbana;VIA COLLALTO SABINO;in corrispondenza;;del civico n.;58a;;Veicolo in marcia contro veicolo in sosta;Rettilineo;Una carreggiata a senso unico di marcia;Asciutto;Asfaltata;Verticale ed orizzontale;Sereno;Scarso;Sufficiente;;1;0;0;0;12.517;41.9307;-1;2;Autovettura privata;Sosta;;;;;;;
5065052;20;18/09/2020 10:00:00;Strada Urbana;VIA CASSIA;all'intersezione con;VIA GIUSEPPE BELARDINELLI;VIA GIUSEPPE BELARDINELLI;;;Scontro frontale/laterale DX fra veicoli in marcia;Intersezione stradale segnalata;Una carreggiata a doppio senso;Asciutto;Asfaltata;Verticale ed orizzontale;Sereno;Intenso;Buona;;1;0;0;1;12.378;42.0152;-1;1;Autovettura privata;In marcia / fermata / arresto;Conducente;M;Illeso;0;;Non accertato;Inesploso
5065052;20;18/09/2020 10:00:00;Strada Urbana;VIA CASSIA;all'intersezione con;VIA GIUSEPPE BELARDINELLI;VIA GIUSEPPE BELARDINELLI;;;Scontro frontale/laterale DX fra veicoli in marcia;Intersezione stradale segnalata;Una carreggiata a doppio senso;Asciutto;Asfaltata;Verticale ed orizzontale;Sereno;Intenso;Buona;;1;0;0;1;12.378;42.0152;-1;2;Motociclo a solo;In marcia / fermata / arresto;Conducente;M;Rifiuta cure immediate;0;NON DECEDUTO;Non accertato;
5065073;20;18/09/2020 08:30:00;Strada Urbana;VIA CASSIA;da specificare;;;;altezza via Monte Mignaio;Tamponamento;Rettilineo;Una carreggiata a doppio senso;Asciutto;Asfaltata;Verticale ed orizzontale;Sereno;Normale;Buona;;1;0;0;1;12.4573;41.9585;-1;1;Autocarro inferiore 35 q.;In marcia / fermata / arresto;Conducente;M;Illeso;0;;Non accertato;Inesploso
5065073;20;18/09/2020 08:30:00;Strada Urbana;VIA CASSIA;da specificare;;;;altezza via Monte Mignaio;Tamponamento;Rettilineo;Una carreggiata a doppio senso;Asciutto;Asfaltata;Verticale ed orizzontale;Sereno;Normale;Buona;;1;0;0;1;12.4573;41.9585;-1;2;Autovettura privata;In marcia / fermata / arresto;Conducente;F;Rimandato;0;NON DECEDUTO;Non accertato;Inesploso
5065080;1;19/09/2020 04:30:00;Strada Urbana;VIA DI S. BIBIANA;da specificare;;;;ALL'INTERNO DELLA GALLERIA ;Veicolo in marcia contro ostacolo fisso;Galleria illuminata;Una carreggiata a senso unico di marcia;Asciutto;Asfaltata;Verticale ed orizzontale;Sereno;Scarso;Buona;;0;0;0;1;12.5102;41.8959;-1;1;Autovettura privata;In marcia / fermata / arresto;Conducente;M;Illeso;0;;Non accertato;Esploso
5065171;6;19/09/2020 05:50:00;Provinciale entro l'abitato;VIA PRENESTINA;in prossimità;;del civico n.;58;;Investimento di pedone;Rettilineo;Più di due carreggiate;Asciutto;Asfaltata;Verticale ed orizzontale;Nuvoloso;Scarso;Buona;;0;1;0;2;12.5204;41.8913;-1;;;;Pedone;F;Prognosi riservata;0;NON DECEDUTO;;
5065171;6;19/09/2020 05:50:00;Provinciale entro l'abitato;VIA PRENESTINA;in prossimità;;del civico n.;58;;Investimento di pedone;Rettilineo;Più di due carreggiate;Asciutto;Asfaltata;Verticale ed orizzontale;Nuvoloso;Scarso;Buona;;0;1;0;2;12.5204;41.8913;-1;1;Autovettura privata;In marcia / fermata / arresto;Conducente;M;Illeso;0;;Non accertato;Inesploso
5065171;6;19/09/2020 05:50:00;Provinciale entro l'abitato;VIA PRENESTINA;in prossimità;;del civico n.;58;;Investimento di pedone;Rettilineo;Più di due carreggiate;Asciutto;Asfaltata;Verticale ed orizzontale;Nuvoloso;Scarso;Buona;;0;1;0;2;12.5204;41.8913;-1;1;Autovettura privata;In marcia / fermata / arresto;Passeggero;M;Illeso;0;;Non accertato;Inesploso
5065381;2;19/09/2020 12:40:00;Strada Urbana;VIALE XVII OLIMPIADE;da specificare;;;;altezza Piazza Grecia;Investimento di pedone;Rettilineo;Due carreggiate;Asciutto;Asfaltata;Verticale ed orizzontale;Sereno;Scarso;Buona;;0;1;0;1;12.4744;41.9328;-1;;;;Pedone;F;Prognosi riservata;0;NON DECEDUTO;;
5065381;2;19/09/2020 12:40:00;Strada Urbana;VIALE XVII OLIMPIADE;da specificare;;;;altezza Piazza Grecia;Investimento di pedone;Rettilineo;Due carreggiate;Asciutto;Asfaltata;Verticale ed orizzontale;Sereno;Scarso;Buona;;0;1;0;1;12.4744;41.9328;-1;1;Autovettura privata;In marcia / fermata / arresto;Conducente;M;Illeso;0;;;
5065413;10;18/09/2020 15:30:00;Strada Urbana;VIALE OPITA OPPIO;in prossimità;;del civico n.;77;;Tamponamento;Rettilineo;Una carreggiata a doppio senso;Asciutto;Asfaltata;Verticale ed orizzontale;Sereno;Normale;Buona;;0;0;0;4;12.5503;41.8607;-1;1;Autovettura privata;In marcia / fermata / arresto;Conducente;M;Illeso;0;;Non accertato;Inesploso
5065413;10;18/09/2020 15:30:00;Strada Urbana;VIALE OPITA OPPIO;in prossimità;;del civico n.;77;;Tamponamento;Rettilineo;Una carreggiata a doppio senso;Asciutto;Asfaltata;Verticale ed orizzontale;Sereno;Normale;Buona;;0;0;0;4;12.5503;41.8607;-1;1;Autovettura privata;In marcia / fermata / arresto;Passeggero;F;Illeso;0;;Non accertato;Inesploso
5065413;10;18/09/2020 15:30:00;Strada Urbana;VIALE OPITA OPPIO;in prossimità;;del civico n.;77;;Tamponamento;Rettilineo;Una carreggiata a doppio senso;Asciutto;Asfaltata;Verticale ed orizzontale;Sereno;Normale;Buona;;0;0;0;4;12.5503;41.8607;-1;1;Autovettura privata;In marcia / fermata / arresto;Passeggero;M;Illeso;0;;Non accertato;Inesploso
5065413;10;18/09/2020 15:30:00;Strada Urbana;VIALE OPITA OPPIO;in prossimità;;del civico n.;77;;Tamponamento;Rettilineo;Una carreggiata a doppio senso;Asciutto;Asfaltata;Verticale ed orizzontale;Sereno;Normale;Buona;;0;0;0;4;12.5503;41.8607;-1;2;Motociclo a solo;In marcia / fermata / arresto;Conducente;M;Illeso;0;;Non accertato;
5065414;4;19/09/2020;Strada Urbana;PIAZZA PAOLO CARCANO;da specificare;;;;(area di parcheggio altezza Via Filippo Cordova);Veicolo in marcia contro veicolo in sosta;Rettilineo;Due carreggiate;Asciutto;Asfaltata;Verticale;Sereno;Scarso;Buona;;0;0;0;1;12.5257;41.9585;-1;1;Autovettura privata;In marcia / fermata / arresto;Conducente;M;Illeso;0;;;
5065414;4;19/09/2020;Strada Urbana;PIAZZA PAOLO CARCANO;da specificare;;;;(area di parcheggio altezza Via Filippo Cordova);Veicolo in marcia contro veicolo in sosta;Rettilineo;Due carreggiate;Asciutto;Asfaltata;Verticale;Sereno;Scarso;Buona;;0;0;0;1;12.5257;41.9585;-1;2;Autovettura privata;Sosta;;;;;;;
5065428;9;18/09/2020 01:00:00;Strada Urbana;PIAZZA EPIRO;in corrispondenza;;del civico n.;24;;Veicolo in marcia contro veicoli in sosta;Rettilineo;Una carreggiata a senso unico di marcia;Asciutto;Asfaltata;Verticale ed orizzontale;Sereno;Scarso;Buona;;0;0;0;0;12.5046;41.8787;-1;1;Altro;Allontanatosi;;;;;;;
5065428;9;18/09/2020 01:00:00;Strada Urbana;PIAZZA EPIRO;in corrispondenza;;del civico n.;24;;Veicolo in marcia contro veicoli in sosta;Rettilineo;Una carreggiata a senso unico di marcia;Asciutto;Asfaltata;Verticale ed orizzontale;Sereno;Scarso;Buona;;0;0;0;0;12.5046;41.8787;-1;2;Autovettura privata;Sosta;;;;;;;
5065428;9;18/09/2020 01:00:00;Strada Urbana;PIAZZA EPIRO;in corrispondenza;;del civico n.;24;;Veicolo in marcia contro veicoli in sosta;Rettilineo;Una carreggiata a senso unico di marcia;Asciutto;Asfaltata;Verticale ed orizzontale;Sereno;Scarso;Buona;;0;0;0;0;12.5046;41.8787;-1;3;Autovettura privata;Sosta;;;;;;;
5065429;4;18/09/2020 17:30:00;Strada Urbana;VIA VAGLIA;in corrispondenza;;del civico n.;33;;Tamponamento Multiplo;Rettilineo;Una carreggiata a doppio senso;Asciutto;Asfaltata;Orizzontale;Sereno;Normale;Buona;;2;0;0;2;12.5142;41.9497;-1;1;Autovettura privata;In marcia / fermata / arresto;Conducente;M;Illeso;0;;;
5065429;4;18/09/2020 17:30:00;Strada Urbana;VIA VAGLIA;in corrispondenza;;del civico n.;33;;Tamponamento Multiplo;Rettilineo;Una carreggiata a doppio senso;Asciutto;Asfaltata;Orizzontale;Sereno;Normale;Buona;;2;0;0;2;12.5142;41.9497;-1;2;Motociclo con passeggero;In marcia / fermata / arresto;Conducente;F;Rimandato;0;NON DECEDUTO;Non accertato;
5065429;4;18/09/2020 17:30:00;Strada Urbana;VIA VAGLIA;in corrispondenza;;del civico n.;33;;Tamponamento Multiplo;Rettilineo;Una carreggiata a doppio senso;Asciutto;Asfaltata;Orizzontale;Sereno;Normale;Buona;;2;0;0;2;12.5142;41.9497;-1;2;Motociclo con passeggero;In marcia / fermata / arresto;Passeggero;F;Rimandato;0;NON DECEDUTO;;
5065429;4;18/09/2020 17:30:00;Strada Urbana;VIA VAGLIA;in corrispondenza;;del civico n.;33;;Tamponamento Multiplo;Rettilineo;Una carreggiata a doppio senso;Asciutto;Asfaltata;Orizzontale;Sereno;Normale;Buona;;2;0;0;2;12.5142;41.9497;-1;3;Autovettura privata;In marcia / fermata / arresto;Conducente;M;Illeso;0;;;
5065441;9;18/09/2020 10:50:00;Strada Urbana;VIA MACEDONIA;all'intersezione con;VIA PIETRO FEDELE;VIA PIETRO FEDELE;;;Scontro frontale/laterale DX fra veicoli in marcia;Incrocio;Una carreggiata a doppio senso;Asciutto;Asfaltata;Verticale ed orizzontale;Sereno;Normale;Buona;;0;0;0;3;12.5129;41.8718;-1;1;Autovettura privata;In marcia / fermata / arresto;Conducente;M;Illeso;0;;Non accertato;Inesploso
5065441;9;18/09/2020 10:50:00;Strada Urbana;VIA MACEDONIA;all'intersezione con;VIA PIETRO FEDELE;VIA PIETRO FEDELE;;;Scontro frontale/laterale DX fra veicoli in marcia;Incrocio;Una carreggiata a doppio senso;Asciutto;Asfaltata;Verticale ed orizzontale;Sereno;Normale;Buona;;0;0;0;3;12.5129;41.8718;-1;2;Autovettura privata;In marcia / fermata / arresto;Conducente;M;Illeso;0;;;
5065441;9;18/09/2020 10:50:00;Strada Urbana;VIA MACEDONIA;all'intersezione con;VIA PIETRO FEDELE;VIA PIETRO FEDELE;;;Scontro frontale/laterale DX fra veicoli in marcia;Incrocio;Una carreggiata a doppio senso;Asciutto;Asfaltata;Verticale ed orizzontale;Sereno;Normale;Buona;;0;0;0;3;12.5129;41.8718;-1;2;Autovettura privata;In marcia / fermata / arresto;Passeggero;M;Illeso;0;;;Inesploso
5065443;10;18/09/2020 15:45:00;Strada Urbana;VIA TUSCOLANA;all'intersezione con;VIA VITTORIO OCCORSIO;VIA VITTORIO OCCORSIO;;;Tamponamento Multiplo;Intersezione semaforizzata;Due carreggiate;Asciutto;Asfaltata;Verticale ed orizzontale;Sereno;Intenso;Buona;;2;0;0;2;12.5791;41.8462;-1;1;Autovettura privata;In marcia / fermata / arresto;Conducente;F;Illeso;0;;Non accertato;Inesploso
5065443;10;18/09/2020 15:45:00;Strada Urbana;VIA TUSCOLANA;all'intersezione con;VIA VITTORIO OCCORSIO;VIA VITTORIO OCCORSIO;;;Tamponamento Multiplo;Intersezione semaforizzata;Due carreggiate;Asciutto;Asfaltata;Verticale ed orizzontale;Sereno;Intenso;Buona;;2;0;0;2;12.5791;41.8462;-1;2;Autovettura privata;In marcia / fermata / arresto;Conducente;M;Illeso;0;;Non accertato;Esploso
5065443;10;18/09/2020 15:45:00;Strada Urbana;VIA TUSCOLANA;all'intersezione con;VIA VITTORIO OCCORSIO;VIA VITTORIO OCCORSIO;;;Tamponamento Multiplo;Intersezione semaforizzata;Due carreggiate;Asciutto;Asfaltata;Verticale ed orizzontale;Sereno;Intenso;Buona;;2;0;0;2;12.5791;41.8462;-1;3;Autovettura privata;In marcia / fermata / arresto;Conducente;M;Rimandato;0;NON DECEDUTO;Non accertato;Esploso
5065443;10;18/09/2020 15:45:00;Strada Urbana;VIA TUSCOLANA;all'intersezione con;VIA VITTORIO OCCORSIO;VIA VITTORIO OCCORSIO;;;Tamponamento Multiplo;Intersezione semaforizzata;Due carreggiate;Asciutto;Asfaltata;Verticale ed orizzontale;Sereno;Intenso;Buona;;2;0;0;2;12.5791;41.8462;-1;4;Autocarro inferiore 35 q.;In marcia / fermata / arresto;Conducente;M;Rimandato;0;NON DECEDUTO;Non accertato;Inesploso
5065446;9;18/09/2020 11:40:00;Strada Urbana;VIA DI PORTA FURBA;da specificare;;;;FRONTE CIVICO 28;Tamponamento;Rettilineo;Una carreggiata a doppio senso;Asciutto;Asfaltata;Verticale ed orizzontale;Sereno;Normale;Buona;;1;0;0;3;12.5396;41.8706;-1;1;Autovettura privata;In marcia / fermata / arresto;Conducente;F;Rimandato;0;NON DECEDUTO;Non accertato;Inesploso
5065446;9;18/09/2020 11:40:00;Strada Urbana;VIA DI PORTA FURBA;da specificare;;;;FRONTE CIVICO 28;Tamponamento;Rettilineo;Una carreggiata a doppio senso;Asciutto;Asfaltata;Verticale ed orizzontale;Sereno;Normale;Buona;;1;0;0;3;12.5396;41.8706;-1;1;Autovettura privata;In marcia / fermata / arresto;Passeggero;F;Illeso;0;;Non accertato;Inesploso
5065446;9;18/09/2020 11:40:00;Strada Urbana;VIA DI PORTA FURBA;da specificare;;;;FRONTE CIVICO 28;Tamponamento;Rettilineo;Una carreggiata a doppio senso;Asciutto;Asfaltata;Verticale ed orizzontale;Sereno;Normale;Buona;;1;0;0;3;12.5396;41.8706;-1;1;Autovettura privata;In marcia / fermata / arresto;Passeggero;M;Illeso;0;;Non accertato;Inesploso
5065446;9;18/09/2020 11:40:00;Strada Urbana;VIA DI PORTA FURBA;da specificare;;;;FRONTE CIVICO 28;Tamponamento;Rettilineo;Una carreggiata a doppio senso;Asciutto;Asfaltata;Verticale ed orizzontale;Sereno;Normale;Buona;;1;0;0;3;12.5396;41.8706;-1;2;Autovettura privata;In marcia / fermata / arresto;Conducente;M;Illeso;0;;Non accertato;Inesploso
5065449;4;18/09/2020 22:40:00;Strada Urbana;VIA DELLA BUFALOTTA;in corrispondenza;;del civico n.;135;;Veicolo in marcia contro veicolo in sosta;Rettilineo;Una carreggiata a doppio senso;Asciutto;Asfaltata;Verticale ed orizzontale;Sereno;Scarso;Sufficiente;;0;0;0;1;12.5408;41.9495;-1;1;Autovettura privata;Sosta;;;;;;;