Protocollo;Gruppo;DataOraIncidente;Localizzazione1;STRADA1;Localizzazione2;STRADA2;Strada02;Chilometrica;DaSpecificare;NaturaIncidente;particolaritastrade;TipoStrada;FondoStradale;Pavimentazione;Segnaletica;CondizioneAtmosferica;Traffico;Visibilita;Illuminazione;NUM_FERITI;NUM_RISERVATA;NUM_MORTI;NUM_ILLESI;Longitude;Latitude;Confermato;Progressivo;TipoVeicolo;StatoVeicolo;TipoPersona;Sesso;Tipolesione;Deceduto;DecedutoDopo;CinturaCascoUtilizzato;Airbag;
5067018;5;20/09/2020 14:10:00;Strada Urbana;VIA RECANATI;all'intersezione con;VIA FIUMINATA;VIA FIUMINATA;;;Scontro frontale/laterale DX fra veicoli in marcia;Incrocio;Una carreggiata a senso unico di marcia;Asciutto;Asfaltata;Verticale;Sereno;Scarso;Buona;;0;0;0;1;12.5857;41.94;-1;2;Autovettura privata;In marcia / fermata / arresto;;;;;;;
5067028;7;20/09/2020;Strada Urbana;VIALE DELLO SCALO S. LORENZO;in corrispondenza;;del civico n.;9;;Tamponamento;Rettilineo;Una carreggiata a senso unico di marcia;Asciutto;Asfaltata;Verticale ed orizzontale;Sereno;Normale;Sufficiente;;1;0;0;2;12.5158;41.8932;-1;1;Motociclo a solo;In marcia / fermata / arresto;Conducente;F;Rimandato;0;NON DECEDUTO;;
5067028;7;20/09/2020;Strada Urbana;VIALE DELLO SCALO S. LORENZO;in corrispondenza;;del civico n.;9;;Tamponamento;Rettilineo;Una carreggiata a senso unico di marcia;Asciutto;Asfaltata;Verticale ed orizzontale;Sereno;Normale;Sufficiente;;1;0;0;2;12.5158;41.8932;-1;1;Motociclo a solo;In marcia / fermata / arresto;Passeggero;F;Illeso;0;;;
5067028;7;20/09/2020;Strada Urbana;VIALE DELLO SCALO S. LORENZO;in corrispondenza;;del civico n.;9;;Tamponamento;Rettilineo;Una carreggiata a senso unico di marcia;Asciutto;Asfaltata;Verticale ed orizzontale;Sereno;Normale;Sufficiente;;1;0;0;2;12.5158;41.8932;-1;2;Autovettura privata;In marcia / fermata / arresto;Conducente;M;Illeso;0;;;
5067034;5;20/09/2020 02:00:00;Strada Urbana;VIALE DELLA TORRE DI PRATOLUNGO;da specificare;;;;fronte civico 11;Veicolo in marcia contro veicolo in sosta;Curva a visuale libera;Una carreggiata a doppio senso;Asciutto;Asfaltata;Orizzontale;Sereno;Scarso;Buona;;0;0;0;0;12.6058;41.9465;-1;1;Autovettura privata;Sosta;;;;;;;
5067034;5;20/09/2020 02:00:00;Strada Urbana;VIALE DELLA TORRE DI PRATOLUNGO;da specificare;;;;fronte civico 11;Veicolo in marcia contro veicolo in sosta;Curva a visuale libera;Una carreggiata a doppio senso;Asciutto;Asfaltata;Orizzontale;Sereno;Scarso;Buona;;0;0;0;0;12.6058;41.9465;-1;2;Autovettura privata;In marcia / fermata / arresto;;;;;;;
5067043;17;21/09/2020 00:05:00;Strada Urbana;CIRCONVALLAZIONE TRIONFALE;da specificare;;;;all'altezza via Carlo Passaglia;Infortunio per caduta del veicolo;Rettilineo;Due carreggiate;Asciutto;Asfaltata;Verticale ed orizzontale;Sereno;Scarso;Buona;;0;0;0;3;12.4493;41.9108;-1;1;Motociclo a solo;In marcia / fermata / arresto;Conducente;M;Illeso;0;;;
5067043;17;21/09/2020 00:05:00;Strada Urbana;CIRCONVALLAZIONE TRIONFALE;da specificare;;;;all'altezza via Carlo Passaglia;Infortunio per caduta del veicolo;Rettilineo;Due carreggiate;Asciutto;Asfaltata;Verticale ed orizzontale;Sereno;Scarso;Buona;;0;0;0;3;12.4493;41.9108;-1;1;Motociclo a solo;In marcia / fermata / arresto;Passeggero;F;Illeso;0;;;
5067043;17;21/09/2020 00:05:00;Strada Urbana;CIRCONVALLAZIONE TRIONFALE;da specificare;;;;all'altezza via Carlo Passaglia;Infortunio per caduta del veicolo;Rettilineo;Due carreggiate;Asciutto;Asfaltata;Verticale ed orizzontale;Sereno;Scarso;Buona;;0;0;0;3;12.4493;41.9108;-1;2;Autovettura privata;In marcia / fermata / arresto;Conducente;M;Illeso;0;;;
5067047;13;20/09/2020 18:55:00;Comunale extraurbana;VIA OSTIENSE;all'intersezione con;VIALE DEI ROMAGNOLI;VIALE DEI ROMAGNOLI;;;Tamponamento;Incrocio;Una carreggiata a senso unico di marcia;Asciutto;Asfaltata;Verticale ed orizzontale;Sereno;Scarso;Buona;;0;0;0;2;12.4229;41.8109;-1;1;Autovettura privata;In marcia / fermata / arresto;Conducente;M;Illeso;0;;;
5067047;13;20/09/2020 18:55:00;Comunale extraurbana;VIA OSTIENSE;all'intersezione con;VIALE DEI ROMAGNOLI;VIALE DEI ROMAGNOLI;;;Tamponamento;Incrocio;Una carreggiata a senso unico di marcia;Asciutto;Asfaltata;Verticale ed orizzontale;Sereno;Scarso;Buona;;0;0;0;2;12.4229;41.8109;-1;2;Autovettura privata;In marcia / fermata / arresto;Conducente;F;Illeso;0;;;
5067052;5;18/09/2020 18:25:00;Strada Urbana;VIA TIBURTINA;all'intersezione con;VIA DI PORTONACCIO;VIA DI PORTONACCIO;;;Scontro frontale/laterale DX fra veicoli in marcia;Incrocio;Più di due carreggiate;Asciutto;Asfaltata;Verticale ed orizzontale;Sereno;Intenso;Buona;;0;0;0;3;12.5342;41.9081;-1;1;Autovettura privata;In marcia / fermata / arresto;Conducente;M;Illeso;0;;;
5067052;5;18/09/2020 18:25:00;Strada Urbana;VIA TIBURTINA;all'intersezione con;VIA DI PORTONACCIO;VIA DI PORTONACCIO;;;Scontro frontale/laterale DX fra veicoli in marcia;Incrocio;Più di due carreggiate;Asciutto;Asfaltata;Verticale ed orizzontale;Sereno;Intenso;Buona;;0;0;0;3;12.5342;41.9081;-1;1;Autovettura privata;In marcia / fermata / arresto;Passeggero;M;Illeso;0;;;
5067052;5;18/09/2020 18:25:00;Strada Urbana;VIA TIBURTINA;all'intersezione con;VIA DI PORTONACCIO;VIA DI PORTONACCIO;;;Scontro frontale/laterale DX fra veicoli in marcia;Incrocio;Più di due carreggiate;Asciutto;Asfaltata;Verticale ed orizzontale;Sereno;Intenso;Buona;;0;0;0;3;12.5342;41.9081;-1;2;Autovettura privata;In marcia / fermata / arresto;Conducente;M;Illeso;0;;;
5067061;19;18/09/2020 08:45:00;Strada Urbana;VIA ANTONIO BERTOLOTTI;in corrispondenza;;del civico n.;15;;Scontro laterale fra veicoli in marcia;Rettilineo;Una carreggiata a senso unico di marcia;Asciutto;Asfaltata;Assente;Sereno;Normale;Buona;;0;0;0;2;12.4115;41.9584;-1;1;Autovettura privata;In marcia / fermata / arresto;Conducente;M;Illeso;0;;Non accertato;Inesploso
5067061;19;18/09/2020 08:45:00;Strada Urbana;VIA ANTONIO BERTOLOTTI;in corrispondenza;;del civico n.;15;;Scontro laterale fra veicoli in marcia;Rettilineo;Una carreggiata a senso unico di marcia;Asciutto;Asfaltata;Assente;Sereno;Normale;Buona;;0;0;0;2;12.4115;41.9584;-1;2;Autovettura privata;In marcia / fermata / arresto;Conducente;F;Illeso;0;;Non accertato;Inesploso
5067064;3;18/09/2020 15:32:00;;PIAZZALE DELLE PROVINCIE;da specificare;;;;Via della Lega Lombarda;Tamponamento;;;;;;;;;;0;0;0;2;;;0;1;Autocarro inferiore 35 q.;In marcia / fermata / arresto;Conducente;M;Illeso;0;;;
5067064;3;18/09/2020 15:32:00;;PIAZZALE DELLE PROVINCIE;da specificare;;;;Via della Lega Lombarda;Tamponamento;;;;;;;;;;0;0;0;2;;;0;2;Autovettura privata;In marcia / fermata / arresto;Conducente;M;Illeso;0;;;
5067065;17;21/09/2020 00:15:00;Strada Urbana;CIRCONVALLAZIONE TRIONFALE;all'intersezione semaforizzata con;VIA BERNARDINO TELESIO;VIA BERNARDINO TELESIO;;;Veicolo in marcia contro veicoli in sosta;Intersezione semaforizzata;Due carreggiate;Asciutto;Asfaltata;Verticale ed orizzontale;Nuvoloso;Normale;Sufficiente;;1;0;0;0;12.4495;41.9109;-1;1;Autovettura privata;In marcia / fermata / arresto;Conducente;M;Rimandato;0;NON DECEDUTO;;
5067065;17;21/09/2020 00:15:00;Strada Urbana;CIRCONVALLAZIONE TRIONFALE;all'intersezione semaforizzata con;VIA BERNARDINO TELESIO;VIA BERNARDINO TELESIO;;;Veicolo in marcia contro veicoli in sosta;Intersezione semaforizzata;Due carreggiate;Asciutto;Asfaltata;Verticale ed orizzontale;Nuvoloso;Normale;Sufficiente;;1;0;0;0;12.4495;41.9109;-1;2;Autovettura privata;Sosta;;;;;;;
5067065;17;21/09/2020 00:15:00;Strada Urbana;CIRCONVALLAZIONE TRIONFALE;all'intersezione semaforizzata con;VIA BERNARDINO TELESIO;VIA BERNARDINO TELESIO;;;Veicolo in marcia contro veicoli in sosta;Intersezione semaforizzata;Due carreggiate;Asciutto;Asfaltata;Verticale ed orizzontale;Nuvoloso;Normale;Sufficiente;;1;0;0;0;12.4495;41.9109;-1;3;Autovettura privata;Sosta;;;;;;;
5067065;17;21/09/2020 00:15:00;Strada Urbana;CIRCONVALLAZIONE TRIONFALE;all'intersezione semaforizzata con;VIA BERNARDINO TELESIO;VIA BERNARDINO TELESIO;;;Veicolo in marcia contro veicoli in sosta;Intersezione semaforizzata;Due carreggiate;Asciutto;Asfaltata;Verticale ed orizzontale;Nuvoloso;Normale;Sufficiente;;1;0;0;0;12.4495;41.9109;-1;4;Autovettura privata;Sosta;;;;;;;
5067065;17;21/09/2020 00:15:00;Strada Urbana;CIRCONVALLAZIONE TRIONFALE;all'intersezione semaforizzata con;VIA BERNARDINO TELESIO;VIA BERNARDINO TELESIO;;;Veicolo in marcia contro veicoli in sosta;Intersezione semaforizzata;Due carreggiate;Asciutto;Asfaltata;Verticale ed orizzontale;Nuvoloso;Normale;Sufficiente;;1;0;0;0;12.4495;41.9109;-1;5;Motociclo a solo;Sosta;;;;;;;
5067072;5;20/09/2020 21:50:00;Strada Urbana;VIA ALBERTO BERGAMINI;da specificare;;;;fronte civico 76;Veicolo in marcia contro veicoli in sosta;Rettilineo;Una carreggiata a senso unico di marcia;Asciutto;Asfaltata;Verticale ed orizzontale;Sereno;Scarso;Buona;;0;0;0;1;12.552;41.9055;-1;1;Autovettura privata;In marcia / fermata / arresto;Conducente;F;Illeso;0;;;
5067072;5;20/09/2020 21:50:00;Strada Urbana;VIA ALBERTO BERGAMINI;da specificare;;;;fronte civico 76;Veicolo in marcia contro veicoli in sosta;Rettilineo;Una carreggiata a senso unico di marcia;Asciutto;Asfaltata;Verticale ed orizzontale;Sereno;Scarso;Buona;;0;0;0;1;12.552;41.9055;-1;2;Autovettura privata;Sosta;;;;;;;
5067072;5;20/09/2020 21:50:00;Strada Urbana;VIA ALBERTO BERGAMINI;da specificare;;;;fronte civico 76;Veicolo in marcia contro veicoli in sosta;Rettilineo;Una carreggiata a senso unico di marcia;Asciutto;Asfaltata;Verticale ed orizzontale;Sereno;Scarso;Buona;;0;0;0;1;12.552;41.9055;-1;3;Autovettura privata;Sosta;;;;;;;
5067077;19;19/09/2020 14:30:00;Strada Urbana;VIA DELLA STORTA;in prossimità;;del civico n.;798;;Fuoriuscita dalla sede stradale;Curva a visuale libera;Una carreggiata a doppio senso;Asciutto;Asfaltata;Verticale ed orizzontale;Sereno;Scarso;Buona;;1;0;0;0;12.3745;41.9971;-1;1;Motociclo con passeggero;In marcia / fermata / arresto;Conducente;M;Rimandato;0;NON DECEDUTO;;
5067078;3;18/09/2020 15:15:00;Strada Urbana;VIA NOMENTANA;da specificare;;;;corsia centrale civ 187;Tamponamento;Rettilineo;Più di due carreggiate;Asciutto;Asfaltata;Verticale ed orizzontale;Sereno;Intenso;Buona;;1;0;0;1;12.5064;41.9128;-1;1;Autocarro inferiore 35 q.;In marcia / fermata / arresto;Conducente;M;Illeso;0;;;
5067078;3;18/09/2020 15:15:00;Strada Urbana;VIA NOMENTANA;da specificare;;;;corsia centrale civ 187;Tamponamento;Rettilineo;Più di due carreggiate;Asciutto;Asfaltata;Verticale ed orizzontale;Sereno;Intenso;Buona;;1;0;0;1;12.5064;41.9128;-1;2;Autovettura privata;In marcia / fermata / arresto;Conducente;M;Ricoverato;0;NON DECEDUTO;;
5067096;1;21/09/2020 09:10:00;Strada Urbana;PIAZZA DI PONTE UMBERTO I;da specificare;;;;in prossimità del Lungotevere Tor di Nona;Tamponamento;Rettilineo;Una carreggiata a senso unico di marcia;Bagnato (pioggia);Asfaltata;Verticale ed orizzontale;Pioggia in atto;Normale;Sufficiente;;0;0;0;2;;;0;1;Autovettura privata;In marcia / fermata / arresto;Conducente;M;Illeso;0;;;
5067096;1;21/09/2020 09:10:00;Strada Urbana;PIAZZA DI PONTE UMBERTO I;da specificare;;;;in prossimità del Lungotevere Tor di Nona;Tamponamento;Rettilineo;Una carreggiata a senso unico di marcia;Bagnato (pioggia);Asfaltata;Verticale ed orizzontale;Pioggia in atto;Normale;Sufficiente;;0;0;0;2;;;0;2;Autovettura privata;In marcia / fermata / arresto;Conducente;;Illeso;0;;;
5067106;4;21/09/2020 02:05:00;Strada Urbana;VIALE ADRIATICO;in corrispondenza;;del civico n.;83;;Veicolo in marcia contro veicolo in sosta;Rettilineo;Una carreggiata a senso unico di marcia;Asciutto;Asfaltata;Verticale ed orizzontale;Sereno;Scarso;Sufficiente;;1;0;0;0;12.5361;41.9402;-1;1;Autovettura privata;In marcia / fermata / arresto;Conducente;F;Ricoverato;0;NON DECEDUTO;;
5067106;4;21/09/2020 02:05:00;Strada Urbana;VIALE ADRIATICO;in corrispondenza;;del civico n.;83;;Veicolo in marcia contro veicolo in sosta;Rettilineo;Una carreggiata a senso unico di marcia;Asciutto;Asfaltata;Verticale ed orizzontale;Sereno;Scarso;Sufficiente;;1;0;0;0;12.5361;41.9402;-1;2;Autovettura privata;Sosta;;;;;;;
5067106;4;21/09/2020 02:05:00;Strada Urbana;VIALE ADRIATICO;in corrispondenza;;del civico n.;83;;Veicolo in marcia contro veicolo in sosta;Rettilineo;Una carreggiata a senso unico di marcia;Asciutto;Asfaltata;Verticale ed orizzontale;Sereno;Scarso;Sufficiente;;1;0;0;0;12.5361;41.9402;-1;3;Autovettura privata;Sosta;;;;;;;
5067106;4;21/09/2020 02:05:00;Strada Urbana;VIALE ADRIATICO;in corrispondenza;;del civico n.;83;;Veicolo in marcia contro veicolo in sosta;Rettilineo;Una carreggiata a senso unico di marcia;Asciutto;Asfaltata;Verticale ed orizzontale;Sereno;Scarso;Sufficiente;;1;0;0;0;12.5361;41.9402;-1;4;Autovettura privata;Sosta;;;;;;;
5067120;6;21/09/2020 08:45:00;Strada Urbana;VIA DI PORTA FURBA;in corrispondenza;;del civico n.;34;;Veicolo in marcia contro ostacolo fisso;Rettilineo;Una carreggiata a doppio senso;Bagnato (pioggia);Asfaltata;Orizzontale;Pioggia in atto;Intenso;Buona;;1;0;0;1;12.5408;41.8719;-1;;;;Pedone;M;Rimandato;0;NON DECEDUTO;;
5067120;6;21/09/2020 08:45:00;Strada Urbana;VIA DI PORTA FURBA;in corrispondenza;;del civico n.;34;;Veicolo in marcia contro ostacolo fisso;Rettilineo;Una carreggiata a doppio senso;Bagnato (pioggia);Asfaltata;Orizzontale;Pioggia in atto;Intenso;Buona;;1;0;0;1;12.5408;41.8719;-1;1;Autovettura privata;In marcia / fermata / arresto;Conducente;M;Illeso;0;;Non accertato;Inesploso
5067136;3;18/09/2020 15:30:00;Strada Urbana;VIA CATANZARO;da specificare;;;;civico 5;Veicolo in marcia contro veicolo in sosta;Rettilineo;Una carreggiata a doppio senso;Asciutto;Asfaltata;Verticale ed orizzontale;Sereno;Intenso;Buona;;0;0;0;1;12.5175;41.9122;-1;1;Autovettura privata;Sosta;;;;;;;
5067136;3;18/09/2020 15:30:00;Strada Urbana;VIA CATANZARO;da specificare;;;;civico 5;Veicolo in marcia contro veicolo in sosta;Rettilineo;Una carreggiata a doppio senso;Asciutto;Asfaltata;Verticale ed orizzontale;Sereno;Intenso;Buona;;0;0;0;1;12.5175;41.9122;-1;2;Autovettura privata;In marcia / fermata / arresto;Conducente;M;Illeso;0;;;
5067193;12;21/09/2020 09:30:00;Strada Urbana;VIALE EGEO;in corrispondenza;;del civico n.;130;;Infortunio per caduta del veicolo;Rettilineo;Una carreggiata a senso unico di marcia;Bagnato (pioggia);Asfaltata;Verticale ed orizzontale;Pioggia in atto;Normale;Buona;;1;0;0;1;12.454;41.8287;-1;1;Autovettura privata;In marcia / fermata / arresto;Conducente;M;Illeso;0;;;
5067193;12;21/09/2020 09:30:00;Strada Urbana;VIALE EGEO;in corrispondenza;;del civico n.;130;;Infortunio per caduta del veicolo;Rettilineo;Una carreggiata a senso unico di marcia;Bagnato (pioggia);Asfaltata;Verticale ed orizzontale;Pioggia in atto;Normale;Buona;;1;0;0;1;12.454;41.8287;-1;2;Motociclo a solo;In marcia / fermata / arresto;Conducente;F;Rimandato;0;NON DECEDUTO;Utilizzato;
5067234;12;21/09/2020 07:28:00;Strada Urbana;VIALE DELL'UMANESIMO;all'intersezione con;PIAZZA CARLO VITA FINZI;PIAZZA CARLO VITA FINZI;;;Scontro frontale/laterale SX fra veicoli in marcia;Incrocio;Una carreggiata a doppio senso;Asciutto;Asfaltata;Verticale ed orizzontale;Nuvoloso;Normale;Buona;;1;0;0;2;12.4789;41.8207;-1;1;Autovettura privata;In marcia / fermata / arresto;Conducente;F;Rimandato;0;NON DECEDUTO;Non accertato;Esploso
5067234;12;21/09/2020 07:28:00;Strada Urbana;VIALE DELL'UMANESIMO;all'intersezione con;PIAZZA CARLO VITA FINZI;PIAZZA CARLO VITA FINZI;;;Scontro frontale/laterale SX fra veicoli in marcia;Incrocio;Una carreggiata a doppio senso;Asciutto;Asfaltata;Verticale ed orizzontale;Nuvoloso;Normale;Buona;;1;0;0;2;12.4789;41.8207;-1;2;Autovettura privata;In marcia / fermata / arresto;Conducente;F;Illeso;0;;Non accertato;Inesploso
5067234;12;21/09/2020 07:28:00;Strada Urbana;VIALE DELL'UMANESIMO;all'intersezione con;PIAZZA CARLO VITA FINZI;PIAZZA CARLO VITA FINZI;;;Scontro frontale/laterale SX fra veicoli in marcia;Incrocio;Una carreggiata a doppio senso;Asciutto;Asfaltata;Verticale ed orizzontale;Nuvoloso;Normale;Buona;;1;0;0;2;12.4789;41.8207;-1;2;Autovettura privata;In marcia / fermata / arresto;Passeggero;M;Illeso;0;;Utilizzato;Inesploso
5067250;19;20/09/2020 19:50:00;Strada Urbana;VIA BEREGUARDO;in corrispondenza;;del civico n.;53;;Investimento di pedone;Rettilineo;Una carreggiata a doppio senso;Asciutto;Asfaltata;Assente;Sereno;Normale;Buona;;1;0;0;0;12.3795;41.9584;-1;;;;Pedone;M;Rifiuta cure immediate;0;NON DECEDUTO;;
5067250;19;20/09/2020 19:50:00;Strada Urbana;VIA BEREGUARDO;in corrispondenza;;del civico n.;53;;Investimento di pedone;Rettilineo;Una carreggiata a doppio senso;Asciutto;Asfaltata;Assente;Sereno;Normale;Buona;;1;0;0;0;12.3795;41.9584;-1;1;Autovettura privata;Allontanatosi;;;;;;;
5067250;19;20/09/2020 19:50:00;Strada Urbana;VIA BEREGUARDO;in corrispondenza;;del civico n.;53;;Investimento di pedone;Rettilineo;Una carreggiata a doppio senso;Asciutto;Asfaltata;Assente;Sereno;Normale;Buona;;1;0;0;0;12.3795;41.9584;-1;2;Autovettura privata;Allontanatosi;;;;;;;
5067278;7;20/09/2020 03:10:00;Strada Urbana;VIA DEI GELSI;all'intersezione con;VIA DELLE BETULLE;VIA DELLE BETULLE;;;Scontro frontale/laterale SX fra veicoli in marcia;Incrocio;Una carreggiata a doppio senso;Asciutto;Asfaltata;Verticale ed orizzontale;Sereno;Normale;Buona;;0;0;0;4;12.5635;41.8882;-1;1;Autovettura privata;In marcia / fermata / arresto;Conducente;M;Illeso;0;;Non accertato;Inesploso
5067278;7;20/09/2020 03:10:00;Strada Urbana;VIA DEI GELSI;all'intersezione con;VIA DELLE BETULLE;VIA DELLE BETULLE;;;Scontro frontale/laterale SX fra veicoli in marcia;Incrocio;Una carreggiata a doppio senso;Asciutto;Asfaltata;Verticale ed orizzontale;Sereno;Normale;Buona;;0;0;0;4;12.5635;41.8882;-1;1;Autovettura privata;In marcia / fermata / arresto;Passeggero;M;Illeso;0;;Non accertato;Inesploso
5067278;7;20/09/2020 03:10:00;Strada Urbana;VIA DEI GELSI;all'intersezione con;VIA DELLE BETULLE;VIA DELLE BETULLE;;;Scontro frontale/laterale SX fra veicoli in marcia;Incrocio;Una carreggiata a doppio senso;Asciutto;Asfaltata;Verticale ed orizzontale;Sereno;Normale;Buona;;0;0;0;4;12.5635;41.8882;-1;2;Autovettura privata;In marcia / fermata / arresto;Conducente;F;Illeso;0;;Non accertato;Inesploso
5067278;7;20/09/2020 03:10:00;Strada Urbana;VIA DEI GELSI;all'intersezione con;VIA DELLE BETULLE;VIA DELLE BETULLE;;;Scontro frontale/laterale SX fra veicoli in marcia;Incrocio;Una carreggiata a doppio senso;Asciutto;Asfaltata;Verticale ed orizzontale;Sereno;Normale;Buona;;0;0;0;4;12.5635;41.8882;-1;2;Autovettura privata;In marcia / fermata / arresto;Passeggero;M;Illeso;0;;Non accertato;Inesploso
5067278;7;20/09/2020 03:10:00;Strada Urbana;VIA DEI GELSI;all'intersezione con;VIA DELLE BETULLE;VIA DELLE BETULLE;;;Scontro frontale/laterale SX fra veicoli in marcia;Incrocio;Una carreggiata a doppio senso;Asciutto;Asfaltata;Verticale ed orizzontale;Sereno;Normale;Buona;;0;0;0;4;12.5635;41.8882;-1;3;Autovettura privata;Sosta;;;;;;;
5067284;17;21/09/2020 07:20:00;Strada Urbana;CIRCONVALLAZIONE TRIONFALE;in corrispondenza;;del civico n.;16;;Infortunio per sola frenata improvvisa;Rettilineo;Due carreggiate;Viscido da liquidi oleosi;Asfaltata;Verticale ed orizzontale;Sereno;Intenso;Buona;;1;0;0;0;12.4496;41.9107;-1;1;Motociclo a solo;In marcia / fermata / arresto;Conducente;F;Rimandato;0;NON DECEDUTO;;
5067290;3;19/09/2020 22:00:00;Strada Urbana;VIA NOMENTANA;all'intersezione con;VIALE REGINA MARGHERITA;VIALE REGINA MARGHERITA;;;Scontro frontale/laterale DX fra veicoli in marcia;Intersezione semaforizzata;Più di due carreggiate;Asciutto;Asfaltata;Verticale ed orizzontale;Sereno;Normale;Buona;;0;0;0;2;12.5067;41.9128;-1;1;Autovettura privata;In marcia / fermata / arresto;Conducente;F;Illeso;0;;Non accertato;
5067290;3;19/09/2020 22:00:00;Strada Urbana;VIA NOMENTANA;all'intersezione con;VIALE REGINA MARGHERITA;VIALE REGINA MARGHERITA;;;Scontro frontale/laterale DX fra veicoli in marcia;Intersezione semaforizzata;Più di due carreggiate;Asciutto;Asfaltata;Verticale ed orizzontale;Sereno;Normale;Buona;;0;0;0;2;12.5067;41.9128;-1;2;Autovettura privata;In marcia / fermata / arresto;Conducente;M;Illeso;0;;Non accertato;
5067294;3;18/09/2020 23:15:00;Strada Urbana;VIA NOMENTANA;all'intersezione con;VIA ALESSANDRO TORLONIA;VIA ALESSANDRO TORLONIA;;;Scontro frontale/laterale DX fra veicoli in marcia;Incrocio;Più di due carreggiate;Asciutto;Asfaltata;Verticale ed orizzontale;Sereno;Normale;Sufficiente;;2;0;0;2;12.5116;41.9162;-1;1;Motociclo con passeggero;In marcia / fermata / arresto;Conducente;M;Ricoverato;0;NON DECEDUTO;Non accertato;
5067294;3;18/09/2020 23:15:00;Strada Urbana;VIA NOMENTANA;all'intersezione con;VIA ALESSANDRO TORLONIA;VIA ALESSANDRO TORLONIA;;;Scontro frontale/laterale DX fra veicoli in marcia;Incrocio;Più di due carreggiate;Asciutto;Asfaltata;Verticale ed orizzontale;Sereno;Normale;Sufficiente;;2;0;0;2;12.5116;41.9162;-1;1;Motociclo con passeggero;In marcia / fermata / arresto;Passeggero;F;Ricoverato;0;NON DECEDUTO;Non accertato;
5067294;3;18/09/2020 23:15:00;Strada Urbana;VIA NOMENTANA;all'intersezione con;VIA ALESSANDRO TORLONIA;VIA ALESSANDRO TORLONIA;;;Scontro frontale/laterale DX fra veicoli in marcia;Incrocio;Più di due carreggiate;Asciutto;Asfaltata;Verticale ed orizzontale;Sereno;Normale;Sufficiente;;2;0;0;2;12.5116;41.9162;-1;2;Autocarro inferiore 35 q.;In marcia / fermata / arresto;Conducente;M;Illeso;0;;Non accertato;
5067294;3;18/09/2020 23:15:00;Strada Urbana;VIA NOMENTANA;all'intersezione con;VIA ALESSANDRO TORLONIA;VIA ALESSANDRO TORLONIA;;;Scontro frontale/laterale DX fra veicoli in marcia;Incrocio;Più di due carreggiate;Asciutto;Asfaltata;Verticale ed orizzontale;Sereno;Normale;Sufficiente;;2;0;0;2;12.5116;41.9162;-1;2;Autocarro inferiore 35 q.;In marcia / fermata / arresto;Passeggero;M;Illeso;0;;Non accertato;
5067423;10;21/09/2020 13:20:00;Strada Urbana;VIA DELLE VIGNE DI MORENA;da specificare;;;;a 4 mt da via Stazione di Ciampino;Scontro laterale fra veicoli in marcia;Rettilineo;Una carreggiata a senso unico di marcia;Asciutto;Asfaltata;Verticale ed orizzontale;Sereno;Normale;Buona;;1;0;0;3;12.6103;41.8085;-1;1;Motociclo a solo;In marcia / fermata / arresto;Conducente;M;Rimandato;0;NON DECEDUTO;;
5067423;10;21/09/2020 13:20:00;Strada Urbana;VIA DELLE VIGNE DI MORENA;da specificare;;;;a 4 mt da via Stazione di Ciampino;Scontro laterale fra veicoli in marcia;Rettilineo;Una carreggiata a senso unico di marcia;Asciutto;Asfaltata;Verticale ed orizzontale;Sereno;Normale;Buona;;1;0;0;3;12.6103;41.8085;-1;2;Autovettura privata;In marcia / fermata / arresto;Conducente;M;Illeso;0;;Non accertato;Inesploso
5067423;10;21/09/2020 13:20:00;Strada Urbana;VIA DELLE VIGNE DI MORENA;da specificare;;;;a 4 mt da via Stazione di Ciampino;Scontro laterale fra veicoli in marcia;Rettilineo;Una carreggiata a senso unico di marcia;Asciutto;Asfaltata;Verticale ed orizzontale;Sereno;Normale;Buona;;1;0;0;3;12.6103;41.8085;-1;2;Autovettura privata;In marcia / fermata / arresto;Passeggero;F;Illeso;0;;Non accertato;Inesploso
5067427;7;21/09/2020 13:15:00;Strada Urbana;VIA PAPIRIA;all'intersezione con;VIALE MARCO FULVIO NOBILIORE;VIALE MARCO FULVIO NOBILIORE;;;Scontro frontale fra veicoli in marcia;Incrocio;Una carreggiata a doppio senso;Asciutto;Asfaltata;Verticale ed orizzontale;Nebbia;Normale;Buona;;0;0;0;2;12.5623;41.8634;-1;1;Motociclo con passeggero;In marcia / fermata / arresto;Conducente;M;Illeso;0;;Non accertato;
5067427;7;21/09/2020 13:15:00;Strada Urbana;VIA PAPIRIA;all'intersezione con;VIALE MARCO FULVIO NOBILIORE;VIALE MARCO FULVIO NOBILIORE;;;Scontro frontale fra veicoli in marcia;Incrocio;Una carreggiata a doppio senso;Asciutto;Asfaltata;Verticale ed orizzontale;Nebbia;Normale;Buona;;0;0;0;2;12.5623;41.8634;-1;2;Autovettura privata;In marcia / fermata / arresto;Conducente;M;Illeso;0;;Non accertato;Inesploso
5067463;12;21/09/2020 07:50:00;Strada Urbana;VIA CRISTOFORO COLOMBO;da specificare;;;;LAT,200MT VIA BOSCHIERO, DIR ROMA PROX MAESTRINI;Veicolo in marcia contro ostacolo fisso;Rettilineo;Più di due carreggiate;Bagnato (pioggia);Asfaltata;Verticale ed orizzontale;Nuvoloso;Normale;Buona;;1;0;0;0;12.4415;41.7995;-1;1;Autovettura privata;In marcia / fermata / arresto;Conducente;F;Rimandato;0;NON DECEDUTO;Non accertato;Inesploso
5067489;16;18/09/2020 17:50:00;Strada Urbana;VIA CASIMIRO MANASSEI;in prossimità;;del civico n.;29;;Investimento di pedone;Curva a visuale libera;Una carreggiata a doppio senso;Asciutto;Asfaltata;Assente;Sereno;Normale;Buona;;1;0;0;0;12.4411;41.8667;0;;;;Pedone;F;Rimandato;0;NON DECEDUTO;;