Protocollo;Gruppo;DataOraIncidente;Localizzazione1;STRADA1;Localizzazione2;STRADA2;Strada02;Chilometrica;DaSpecificare;NaturaIncidente;particolaritastrade;TipoStrada;FondoStradale;Pavimentazione;Segnaletica;CondizioneAtmosferica;Traffico;Visibilita;Illuminazione;NUM_FERITI;NUM_RISERVATA;NUM_MORTI;NUM_ILLESI;Longitude;Latitude;Confermato;Progressivo;TipoVeicolo;StatoVeicolo;TipoPersona;Sesso;Tipolesione;Deceduto;DecedutoDopo;CinturaCascoUtilizzato;Airbag;
5067489;16;18/09/2020 17:50:00;Strada Urbana;VIA CASIMIRO MANASSEI;in prossimità;;del civico n.;29;;Investimento di pedone;Curva a visuale libera;Una carreggiata a doppio senso;Asciutto;Asfaltata;Assente;Sereno;Normale;Buona;;1;0;0;0;12.4411;41.8667;0;1;Autovettura privata;Allontanatosi;;;;;;;
5067520;16;18/09/2020 19:25:00;Strada Urbana;VIA AURELIA ANTICA;da specificare;;;;in prossimità fronte palo Acea 94;Tamponamento;Rettilineo;Una carreggiata a doppio senso;Asciutto;Asfaltata;Assente;Sereno;Normale;Sufficiente;;0;0;0;3;12.435;41.8902;-1;1;Autovettura privata;In marcia / fermata / arresto;Conducente;M;Illeso;0;;;
5067520;16;18/09/2020 19:25:00;Strada Urbana;VIA AURELIA ANTICA;da specificare;;;;in prossimità fronte palo Acea 94;Tamponamento;Rettilineo;Una carreggiata a doppio senso;Asciutto;Asfaltata;Assente;Sereno;Normale;Sufficiente;;0;0;0;3;12.435;41.8902;-1;1;Autovettura privata;In marcia / fermata / arresto;Passeggero;F;Illeso;0;;;
5067520;16;18/09/2020 19:25:00;Strada Urbana;VIA AURELIA ANTICA;da specificare;;;;in prossimità fronte palo Acea 94;Tamponamento;Rettilineo;Una carreggiata a doppio senso;Asciutto;Asfaltata;Assente;Sereno;Normale;Sufficiente;;0;0;0;3;12.435;41.8902;-1;2;Autovettura privata;In marcia / fermata / arresto;Conducente;F;Illeso;0;;;
5067546;15;21/09/2020 12:10:00;Strada Urbana;VIA PORTUENSE;in corrispondenza;;del civico n.;505;;Scontro laterale fra veicoli in marcia;Rettilineo;Una carreggiata a doppio senso;Asciutto;Asfaltata;Orizzontale;Sereno;Normale;Buona;;0;0;0;3;12.4517;41.8602;-1;1;Autovettura privata;In marcia / fermata / arresto;Conducente;M;Illeso;0;;Utilizzato;
5067546;15;21/09/2020 12:10:00;Strada Urbana;VIA PORTUENSE;in corrispondenza;;del civico n.;505;;Scontro laterale fra veicoli in marcia;Rettilineo;Una carreggiata a doppio senso;Asciutto;Asfaltata;Orizzontale;Sereno;Normale;Buona;;0;0;0;3;12.4517;41.8602;-1;1;Autovettura privata;In marcia / fermata / arresto;Passeggero;M;Illeso;0;;;
5067546;15;21/09/2020 12:10:00;Strada Urbana;VIA PORTUENSE;in corrispondenza;;del civico n.;505;;Scontro laterale fra veicoli in marcia;Rettilineo;Una carreggiata a doppio senso;Asciutto;Asfaltata;Orizzontale;Sereno;Normale;Buona;;0;0;0;3;12.4517;41.8602;-1;2;Autovettura privata;In marcia / fermata / arresto;Conducente;M;Illeso;0;;Utilizzato;
5067558;16;18/09/2020 19:45:00;Strada Urbana;PIAZZA S. GIOVANNI DI DIO;all'intersezione con;VIA EDOARDO JENNER;VIA EDOARDO JENNER;;;Scontro laterale fra veicoli in marcia;Intersezione semaforizzata;Più di due carreggiate;Asciutto;Asfaltata;Verticale ed orizzontale;Sereno;Normale;Buona;;0;0;0;2;12.4467;41.8744;-1;1;Autovettura privata;In marcia / fermata / arresto;Conducente;M;Illeso;0;;;
5067558;16;18/09/2020 19:45:00;Strada Urbana;PIAZZA S. GIOVANNI DI DIO;all'intersezione con;VIA EDOARDO JENNER;VIA EDOARDO JENNER;;;Scontro laterale fra veicoli in marcia;Intersezione semaforizzata;Più di due carreggiate;Asciutto;Asfaltata;Verticale ed orizzontale;Sereno;Normale;Buona;;0;0;0;2;12.4467;41.8744;-1;2;Autobus urbano;In marcia / fermata / arresto;Conducente;M;Illeso;0;;;
5067564;17;21/09/2020 07:20:00;Strada Urbana;PIAZZA CAVOUR;all'intersezione semaforizzata con;VIA CICERONE;VIA CICERONE;;;Scontro laterale fra veicoli in marcia;Intersezione semaforizzata;Una carreggiata a doppio senso;Asciutto;Strada pavimentata dissestata;Verticale ed orizzontale;Sereno;Normale;Buona;;0;0;0;2;12.4695;41.9057;-1;1;Autobus di linea;In marcia / fermata / arresto;Conducente;M;Illeso;0;;;
5067564;17;21/09/2020 07:20:00;Strada Urbana;PIAZZA CAVOUR;all'intersezione semaforizzata con;VIA CICERONE;VIA CICERONE;;;Scontro laterale fra veicoli in marcia;Intersezione semaforizzata;Una carreggiata a doppio senso;Asciutto;Strada pavimentata dissestata;Verticale ed orizzontale;Sereno;Normale;Buona;;0;0;0;2;12.4695;41.9057;-1;2;Autocarro inferiore 35 q.;In marcia / fermata / arresto;Conducente;M;Illeso;0;;;
5067571;12;21/09/2020 12:35:00;Strada Urbana;VIA LAURENTINA;in corrispondenza;;del civico n.;738;;Tamponamento;Rettilineo;Una carreggiata a senso unico di marcia;Asciutto;Asfaltata;Verticale ed orizzontale;Nuvoloso;Normale;Buona;;0;0;0;3;12.4858;41.8131;-1;1;Autovettura privata;In marcia / fermata / arresto;Conducente;F;Illeso;0;;Non accertato;Esploso
5067571;12;21/09/2020 12:35:00;Strada Urbana;VIA LAURENTINA;in corrispondenza;;del civico n.;738;;Tamponamento;Rettilineo;Una carreggiata a senso unico di marcia;Asciutto;Asfaltata;Verticale ed orizzontale;Nuvoloso;Normale;Buona;;0;0;0;3;12.4858;41.8131;-1;2;Autovettura privata;In marcia / fermata / arresto;Conducente;M;Illeso;0;;Non accertato;Inesploso
5067571;12;21/09/2020 12:35:00;Strada Urbana;VIA LAURENTINA;in corrispondenza;;del civico n.;738;;Tamponamento;Rettilineo;Una carreggiata a senso unico di marcia;Asciutto;Asfaltata;Verticale ed orizzontale;Nuvoloso;Normale;Buona;;0;0;0;3;12.4858;41.8131;-1;2;Autovettura privata;In marcia / fermata / arresto;Passeggero;F;Illeso;0;;;
5067617;16;20/09/2020 01:15:00;;VIA DI DONNA OLIMPIA;in corrispondenza;;del civico n.;3;;Veicolo in marcia contro veicolo arresto;;;;;;;;;;0;0;0;2;12.4505;41.8802;0;1;Autovettura privata;In marcia / fermata / arresto;Conducente;M;Illeso;0;;;
5067617;16;20/09/2020 01:15:00;;VIA DI DONNA OLIMPIA;in corrispondenza;;del civico n.;3;;Veicolo in marcia contro veicolo arresto;;;;;;;;;;0;0;0;2;12.4505;41.8802;0;2;Autovettura privata;In marcia / fermata / arresto;Conducente;M;Illeso;0;;;
5067638;16;20/09/2020 03:40:00;Strada Urbana;VIA DELLA PISANA;in prossimità;;del civico n.;200;;Veicolo in marcia contro veicolo in sosta;Rettilineo;Una carreggiata a doppio senso;Asciutto;Asfaltata;Verticale ed orizzontale;Sereno;Scarso;Sufficiente;;1;0;0;0;12.4165;41.8794;-1;1;Quadriciclo leggero;In marcia / fermata / arresto;Conducente;F;Rimandato;0;NON DECEDUTO;Non accertato;Inesploso
5067638;16;20/09/2020 03:40:00;Strada Urbana;VIA DELLA PISANA;in prossimità;;del civico n.;200;;Veicolo in marcia contro veicolo in sosta;Rettilineo;Una carreggiata a doppio senso;Asciutto;Asfaltata;Verticale ed orizzontale;Sereno;Scarso;Sufficiente;;1;0;0;0;12.4165;41.8794;-1;2;Autovettura privata;Sosta;;;;;;;
5067651;6;21/09/2020 14:30:00;Strada Urbana;VIA DEI CORNELI;all'intersezione con;VIA DEI PISONI;VIA DEI PISONI;;;Scontro frontale/laterale DX fra veicoli in marcia;Incrocio;Una carreggiata a senso unico di marcia;Asciutto;Asfaltata;Verticale;Nuvoloso;Normale;Buona;;2;0;0;0;12.5453;41.8661;-1;1;Autovettura privata;In marcia / fermata / arresto;Conducente;M;Rimandato;0;NON DECEDUTO;;
5067651;6;21/09/2020 14:30:00;Strada Urbana;VIA DEI CORNELI;all'intersezione con;VIA DEI PISONI;VIA DEI PISONI;;;Scontro frontale/laterale DX fra veicoli in marcia;Incrocio;Una carreggiata a senso unico di marcia;Asciutto;Asfaltata;Verticale;Nuvoloso;Normale;Buona;;2;0;0;0;12.5453;41.8661;-1;2;Autovettura privata;In marcia / fermata / arresto;Conducente;F;Rifiuta cure immediate;0;NON DECEDUTO;;
5067655;16;20/09/2020 10:40:00;Strada Urbana;VIA DELLA MAGLIANA;in prossimità;;del civico n.;128/B;;Investimento di pedone;Curva a visuale libera;Una carreggiata a doppio senso;Asciutto;Asfaltata;Verticale ed orizzontale;Sereno;Normale;Buona;;1;0;0;1;12.4582;41.8544;-1;;;;Pedone;M;Rimandato;0;NON DECEDUTO;;
5067655;16;20/09/2020 10:40:00;Strada Urbana;VIA DELLA MAGLIANA;in prossimità;;del civico n.;128/B;;Investimento di pedone;Curva a visuale libera;Una carreggiata a doppio senso;Asciutto;Asfaltata;Verticale ed orizzontale;Sereno;Normale;Buona;;1;0;0;1;12.4582;41.8544;-1;1;Autovettura privata;In marcia / fermata / arresto;Conducente;F;Illeso;0;;Non utilizzato;Inesploso
5067662;16;20/09/2020 16:00:00;Strada Urbana;VIALE DI VILLA PAMPHILI;in prossimità;;del civico n.;210;;Veicolo in marcia contro veicolo in sosta;Rettilineo;Una carreggiata a doppio senso;Asciutto;In cubetti di porfido;Orizzontale;Sereno;Normale;Buona;;0;0;0;1;12.4578;41.8773;-1;1;Autovettura privata;Sosta;;;;;;;
5067662;16;20/09/2020 16:00:00;Strada Urbana;VIALE DI VILLA PAMPHILI;in prossimità;;del civico n.;210;;Veicolo in marcia contro veicolo in sosta;Rettilineo;Una carreggiata a doppio senso;Asciutto;In cubetti di porfido;Orizzontale;Sereno;Normale;Buona;;0;0;0;1;12.4578;41.8773;-1;2;Motociclo a solo;In marcia / fermata / arresto;Conducente;M;Illeso;0;;;
5067676;16;21/09/2020 00:20:00;Strada Urbana;VIALE DEI QUATTRO VENTI;all'intersezione con;PIAZZALE DEI QUATTRO VENTI;PIAZZALE DEI QUATTRO VENTI;;;Scontro frontale fra veicoli in marcia;Incrocio;Una carreggiata a doppio senso;Asciutto;Asfaltata;Verticale ed orizzontale;Sereno;Normale;Sufficiente;;3;0;0;2;12.4585;41.8796;-1;1;Autovettura privata;In marcia / fermata / arresto;Conducente;F;Rimandato;0;NON DECEDUTO;;
5067676;16;21/09/2020 00:20:00;Strada Urbana;VIALE DEI QUATTRO VENTI;all'intersezione con;PIAZZALE DEI QUATTRO VENTI;PIAZZALE DEI QUATTRO VENTI;;;Scontro frontale fra veicoli in marcia;Incrocio;Una carreggiata a doppio senso;Asciutto;Asfaltata;Verticale ed orizzontale;Sereno;Normale;Sufficiente;;3;0;0;2;12.4585;41.8796;-1;1;Autovettura privata;In marcia / fermata / arresto;Passeggero;M;Rimandato;0;NON DECEDUTO;Non accertato;Esploso
5067676;16;21/09/2020 00:20:00;Strada Urbana;VIALE DEI QUATTRO VENTI;all'intersezione con;PIAZZALE DEI QUATTRO VENTI;PIAZZALE DEI QUATTRO VENTI;;;Scontro frontale fra veicoli in marcia;Incrocio;Una carreggiata a doppio senso;Asciutto;Asfaltata;Verticale ed orizzontale;Sereno;Normale;Sufficiente;;3;0;0;2;12.4585;41.8796;-1;2;Autovettura privata;In marcia / fermata / arresto;Conducente;M;Illeso;0;;Non accertato;Esploso
5067676;16;21/09/2020 00:20:00;Strada Urbana;VIALE DEI QUATTRO VENTI;all'intersezione con;PIAZZALE DEI QUATTRO VENTI;PIAZZALE DEI QUATTRO VENTI;;;Scontro frontale fra veicoli in marcia;Incrocio;Una carreggiata a doppio senso;Asciutto;Asfaltata;Verticale ed orizzontale;Sereno;Normale;Sufficiente;;3;0;0;2;12.4585;41.8796;-1;2;Autovettura privata;In marcia / fermata / arresto;Passeggero;F;Illeso;0;;Non accertato;Esploso
5067676;16;21/09/2020 00:20:00;Strada Urbana;VIALE DEI QUATTRO VENTI;all'intersezione con;PIAZZALE DEI QUATTRO VENTI;PIAZZALE DEI QUATTRO VENTI;;;Scontro frontale fra veicoli in marcia;Incrocio;Una carreggiata a doppio senso;Asciutto;Asfaltata;Verticale ed orizzontale;Sereno;Normale;Sufficiente;;3;0;0;2;12.4585;41.8796;-1;2;Autovettura privata;In marcia / fermata / arresto;Passeggero;M;Rimandato;0;NON DECEDUTO;Non accertato;Inesploso
5067703;10;21/09/2020 17:30:00;Strada Urbana;VIA STATILIO OTTATO;all'intersezione con;VIA LICINIO STOLONE;VIA LICINIO STOLONE;;;Scontro laterale fra veicoli in marcia;Incrocio;Due carreggiate;Asciutto;Asfaltata;Verticale ed orizzontale;Nuvoloso;Normale;Buona;;0;0;0;3;12.5674;41.8557;-1;1;Autovettura privata;In marcia / fermata / arresto;Conducente;M;Illeso;0;;Non accertato;Inesploso
5067703;10;21/09/2020 17:30:00;Strada Urbana;VIA STATILIO OTTATO;all'intersezione con;VIA LICINIO STOLONE;VIA LICINIO STOLONE;;;Scontro laterale fra veicoli in marcia;Incrocio;Due carreggiate;Asciutto;Asfaltata;Verticale ed orizzontale;Nuvoloso;Normale;Buona;;0;0;0;3;12.5674;41.8557;-1;1;Autovettura privata;In marcia / fermata / arresto;Passeggero;M;Illeso;0;;Non accertato;Inesploso
5067703;10;21/09/2020 17:30:00;Strada Urbana;VIA STATILIO OTTATO;all'intersezione con;VIA LICINIO STOLONE;VIA LICINIO STOLONE;;;Scontro laterale fra veicoli in marcia;Incrocio;Due carreggiate;Asciutto;Asfaltata;Verticale ed orizzontale;Nuvoloso;Normale;Buona;;0;0;0;3;12.5674;41.8557;-1;2;Autovettura privata;In marcia / fermata / arresto;Conducente;M;Illeso;0;;Non accertato;Inesploso
5067759;7;19/09/2020 09:20:00;Strada Urbana;VIALE PALMIRO TOGLIATTI;in prossimità;;del civico n.;729;;Scontro laterale fra veicoli in marcia;Rettilineo;Due carreggiate;Asciutto;Asfaltata;Verticale ed orizzontale;Sereno;Normale;Buona;;0;0;0;2;12.5731;41.8821;-1;1;Autovettura privata;In marcia / fermata / arresto;Conducente;M;Illeso;0;;;
5067759;7;19/09/2020 09:20:00;Strada Urbana;VIALE PALMIRO TOGLIATTI;in prossimità;;del civico n.;729;;Scontro laterale fra veicoli in marcia;Rettilineo;Due carreggiate;Asciutto;Asfaltata;Verticale ed orizzontale;Sereno;Normale;Buona;;0;0;0;2;12.5731;41.8821;-1;2;Autovettura privata;In marcia / fermata / arresto;Conducente;M;Illeso;0;;;
5067772;7;21/09/2020 01:45:00;Strada Urbana;PIAZZA GIUSEPPE CARDINALI;all'intersezione con;VIA CAMILLO MANFRONI;VIA CAMILLO MANFRONI;;;Veicolo in marcia contro veicoli in sosta;Incrocio;Una carreggiata a doppio senso;Asciutto;Asfaltata;Assente;Sereno;Scarso;Buona;;0;0;0;4;12.5457;41.8743;-1;1;Autovettura privata;In marcia / fermata / arresto;Conducente;M;Illeso;0;;Non accertato;Inesploso
5067772;7;21/09/2020 01:45:00;Strada Urbana;PIAZZA GIUSEPPE CARDINALI;all'intersezione con;VIA CAMILLO MANFRONI;VIA CAMILLO MANFRONI;;;Veicolo in marcia contro veicoli in sosta;Incrocio;Una carreggiata a doppio senso;Asciutto;Asfaltata;Assente;Sereno;Scarso;Buona;;0;0;0;4;12.5457;41.8743;-1;1;Autovettura privata;In marcia / fermata / arresto;Passeggero;M;Illeso;0;;Non accertato;Inesploso
5067772;7;21/09/2020 01:45:00;Strada Urbana;PIAZZA GIUSEPPE CARDINALI;all'intersezione con;VIA CAMILLO MANFRONI;VIA CAMILLO MANFRONI;;;Veicolo in marcia contro veicoli in sosta;Incrocio;Una carreggiata a doppio senso;Asciutto;Asfaltata;Assente;Sereno;Scarso;Buona;;0;0;0;4;12.5457;41.8743;-1;1;Autovettura privata;In marcia / fermata / arresto;Passeggero;M;Illeso;0;;Non accertato;Inesploso
5067772;7;21/09/2020 01:45:00;Strada Urbana;PIAZZA GIUSEPPE CARDINALI;all'intersezione con;VIA CAMILLO MANFRONI;VIA CAMILLO MANFRONI;;;Veicolo in marcia contro veicoli in sosta;Incrocio;Una carreggiata a doppio senso;Asciutto;Asfaltata;Assente;Sereno;Scarso;Buona;;0;0;0;4;12.5457;41.8743;-1;2;Autovettura privata;Sosta;;;;;;;
5067772;7;21/09/2020 01:45:00;Strada Urbana;PIAZZA GIUSEPPE CARDINALI;all'intersezione con;VIA CAMILLO MANFRONI;VIA CAMILLO MANFRONI;;;Veicolo in marcia contro veicoli in sosta;Incrocio;Una carreggiata a doppio senso;Asciutto;Asfaltata;Assente;Sereno;Scarso;Buona;;0;0;0;4;12.5457;41.8743;-1;3;Autovettura privata;Sosta;;;;;;;
5067776;17;21/09/2020 15:45:00;Strada Urbana;VIA PROPERZIO;in corrispondenza;;del civico n.;4;;Veicolo in marcia contro veicolo in sosta;Rettilineo;Una carreggiata a senso unico di marcia;Asciutto;Asfaltata;Verticale ed orizzontale;Nuvoloso;Normale;Buona;;0;0;0;1;12.4613;41.9065;-1;1;Autocarro inferiore 35 q.;In marcia / fermata / arresto;Conducente;M;Illeso;0;;;
5067776;17;21/09/2020 15:45:00;Strada Urbana;VIA PROPERZIO;in corrispondenza;;del civico n.;4;;Veicolo in marcia contro veicolo in sosta;Rettilineo;Una carreggiata a senso unico di marcia;Asciutto;Asfaltata;Verticale ed orizzontale;Nuvoloso;Normale;Buona;;0;0;0;1;12.4613;41.9065;-1;2;Autocarro inferiore 35 q.;Sosta;;;;;;;
5067797;12;21/09/2020 13:45:00;Provinciale;VIA ARDEATINA;in corrispondenza;;della chilometrica;15.5;;Scontro laterale fra veicoli in marcia;Rettilineo;Una carreggiata a doppio senso;Asciutto;Asfaltata;Orizzontale;Nuvoloso;Normale;Buona;;0;0;0;2;12.5404;41.7828;-1;1;Autovettura privata;In marcia / fermata / arresto;Conducente;M;Illeso;0;;Utilizzato;Inesploso
5067797;12;21/09/2020 13:45:00;Provinciale;VIA ARDEATINA;in corrispondenza;;della chilometrica;15.5;;Scontro laterale fra veicoli in marcia;Rettilineo;Una carreggiata a doppio senso;Asciutto;Asfaltata;Orizzontale;Nuvoloso;Normale;Buona;;0;0;0;2;12.5404;41.7828;-1;2;Autovettura privata;In marcia / fermata / arresto;Conducente;M;Illeso;0;;Non accertato;Inesploso
5067810;15;21/09/2020 15:40:00;Strada Urbana;VIA VAIANO;in corrispondenza;;del civico n.;13;;Veicolo in marcia contro veicoli in sosta;Rettilineo;Due carreggiate;Asciutto;Asfaltata;Assente;Nuvoloso;Normale;Buona;;0;0;0;1;12.4601;41.8452;-1;1;Autovettura privata;In marcia / fermata / arresto;Conducente;M;Illeso;0;;Non accertato;Inesploso
5067810;15;21/09/2020 15:40:00;Strada Urbana;VIA VAIANO;in corrispondenza;;del civico n.;13;;Veicolo in marcia contro veicoli in sosta;Rettilineo;Due carreggiate;Asciutto;Asfaltata;Assente;Nuvoloso;Normale;Buona;;0;0;0;1;12.4601;41.8452;-1;2;Autocarro inferiore 35 q.;Sosta;;;;;;;
5067810;15;21/09/2020 15:40:00;Strada Urbana;VIA VAIANO;in corrispondenza;;del civico n.;13;;Veicolo in marcia contro veicoli in sosta;Rettilineo;Due carreggiate;Asciutto;Asfaltata;Assente;Nuvoloso;Normale;Buona;;0;0;0;1;12.4601;41.8452;-1;3;Autovettura privata;Sosta;;;;;;;
5067898;10;21/09/2020 23:20:00;Strada Urbana;VIA ANAGNINA;da specificare;;;;altezza IKEA;Scontro laterale fra veicoli in marcia;Sottopasso non illuminato;Due carreggiate;Asciutto;Asfaltata;Verticale ed orizzontale;Sereno;Normale;Sufficiente;;0;0;0;4;12.6092;41.8214;-1;1;Autovettura privata;In marcia / fermata / arresto;Conducente;M;Illeso;0;;Non accertato;Inesploso
5067898;10;21/09/2020 23:20:00;Strada Urbana;VIA ANAGNINA;da specificare;;;;altezza IKEA;Scontro laterale fra veicoli in marcia;Sottopasso non illuminato;Due carreggiate;Asciutto;Asfaltata;Verticale ed orizzontale;Sereno;Normale;Sufficiente;;0;0;0;4;12.6092;41.8214;-1;2;Autovettura privata;In marcia / fermata / arresto;Conducente;M;Illeso;0;;Non accertato;Inesploso
5067898;10;21/09/2020 23:20:00;Strada Urbana;VIA ANAGNINA;da specificare;;;;altezza IKEA;Scontro laterale fra veicoli in marcia;Sottopasso non illuminato;Due carreggiate;Asciutto;Asfaltata;Verticale ed orizzontale;Sereno;Normale;Sufficiente;;0;0;0;4;12.6092;41.8214;-1;2;Autovettura privata;In marcia / fermata / arresto;Passeggero;M;Illeso;0;;Non accertato;Inesploso
5067898;10;21/09/2020 23:20:00;Strada Urbana;VIA ANAGNINA;da specificare;;;;altezza IKEA;Scontro laterale fra veicoli in marcia;Sottopasso non illuminato;Due carreggiate;Asciutto;Asfaltata;Verticale ed orizzontale;Sereno;Normale;Sufficiente;;0;0;0;4;12.6092;41.8214;-1;2;Autovettura privata;In marcia / fermata / arresto;Passeggero;M;Illeso;0;;Non accertato;Inesploso
5067924;8;21/09/2020 14:20:00;Strada Urbana;VIA DI TOR BELLA MONACA;da specificare;;;;rampa immissione GRA Casilina;Veicolo in marcia contro ostacolo accidentale;Curva senza visuale libera;Una carreggiata a senso unico di marcia;Asciutto;Asfaltata;Verticale ed orizzontale;Nuvoloso;Normale;Buona;;0;0;0;1;12.6281;41.8764;-1;1;Autovettura privata;In marcia / fermata / arresto;Conducente;M;Illeso;0;;Non accertato;Inesploso
5067925;8;21/09/2020 16:15:00;Strada Urbana;VIALE FRANCESCO CALTAGIRONE;in corrispondenza;;del civico n.;309;;Scontro frontale/laterale DX fra veicoli in marcia;Rettilineo;Due carreggiate;Bagnato (umidità in atto);Asfaltata;Verticale ed orizzontale;Nuvoloso;Normale;Buona;;0;0;0;3;12.6534;41.9103;-1;1;Autovettura privata;In marcia / fermata / arresto;Conducente;M;Illeso;0;;Non accertato;Inesploso
5067925;8;21/09/2020 16:15:00;Strada Urbana;VIALE FRANCESCO CALTAGIRONE;in corrispondenza;;del civico n.;309;;Scontro frontale/laterale DX fra veicoli in marcia;Rettilineo;Due carreggiate;Bagnato (umidità in atto);Asfaltata;Verticale ed orizzontale;Nuvoloso;Normale;Buona;;0;0;0;3;12.6534;41.9103;-1;2;Autovettura privata;In marcia / fermata / arresto;Conducente;F;Illeso;0;;Non accertato;Inesploso
5067925;8;21/09/2020 16:15:00;Strada Urbana;VIALE FRANCESCO CALTAGIRONE;in corrispondenza;;del civico n.;309;;Scontro frontale/laterale DX fra veicoli in marcia;Rettilineo;Due carreggiate;Bagnato (umidità in atto);Asfaltata;Verticale ed orizzontale;Nuvoloso;Normale;Buona;;0;0;0;3;12.6534;41.9103;-1;2;Autovettura privata;In marcia / fermata / arresto;Passeggero;F;Illeso;0;;Non accertato;Inesploso
5067928;8;21/09/2020 20:00:00;Strada Urbana;VIA PRENESTINA;in prossimità;;del civico n.;1147;;Tamponamento;Rettilineo;Una carreggiata a doppio senso;Bagnato (umidità in atto);Asfaltata;Verticale;Nuvoloso;Normale;Sufficiente;;0;0;0;4;12.625;41.8928;-1;1;Autovettura privata;In marcia / fermata / arresto;Conducente;M;Illeso;0;;Non accertato;Inesploso
5067928;8;21/09/2020 20:00:00;Strada Urbana;VIA PRENESTINA;in prossimità;;del civico n.;1147;;Tamponamento;Rettilineo;Una carreggiata a doppio senso;Bagnato (umidità in atto);Asfaltata;Verticale;Nuvoloso;Normale;Sufficiente;;0;0;0;4;12.625;41.8928;-1;1;Autovettura privata;In marcia / fermata / arresto;Passeggero;F;Illeso;0;;Non accertato;Inesploso
5067928;8;21/09/2020 20:00:00;Strada Urbana;VIA PRENESTINA;in prossimità;;del civico n.;1147;;Tamponamento;Rettilineo;Una carreggiata a doppio senso;Bagnato (umidità in atto);Asfaltata;Verticale;Nuvoloso;Normale;Sufficiente;;0;0;0;4;12.625;41.8928;-1;2;Autovettura privata;In marcia / fermata / arresto;Conducente;M;Illeso;0;;Non accertato;Inesploso
5067928;8;21/09/2020 20:00:00;Strada Urbana;VIA PRENESTINA;in prossimità;;del civico n.;1147;;Tamponamento;Rettilineo;Una carreggiata a doppio senso;Bagnato (umidità in atto);Asfaltata;Verticale;Nuvoloso;Normale;Sufficiente;;0;0;0;4;12.625;41.8928;-1;2;Autovettura privata;In marcia / fermata / arresto;Passeggero;F;Illeso;0;;Non accertato;Inesploso
5067944;10;22/09/2020 02:15:00;Strada Urbana;VIA APPIA NUOVA;in prossimità;;del palo luce n.;253;;Ribaltamento senza urto contro ostacolo fisso;Rettilineo;Due carreggiate;Bagnato (pioggia);Asfaltata;Verticale ed orizzontale;Nuvoloso;Normale;Sufficiente;;0;0;0;3;12.5479;41.8516;-1;1;Autovettura privata;In marcia / fermata / arresto;Conducente;M;Illeso;0;;Non accertato;Inesploso
5067944;10;22/09/2020 02:15:00;Strada Urbana;VIA APPIA NUOVA;in prossimità;;del palo luce n.;253;;Ribaltamento senza urto contro ostacolo fisso;Rettilineo;Due carreggiate;Bagnato (pioggia);Asfaltata;Verticale ed orizzontale;Nuvoloso;Normale;Sufficiente;;0;0;0;3;12.5479;41.8516;-1;1;Autovettura privata;In marcia / fermata / arresto;Passeggero;M;Illeso;0;;Non accertato;Inesploso
5067944;10;22/09/2020 02:15:00;Strada Urbana;VIA APPIA NUOVA;in prossimità;;del palo luce n.;253;;Ribaltamento senza urto contro ostacolo fisso;Rettilineo;Due carreggiate;Bagnato (pioggia);Asfaltata;Verticale ed orizzontale;Nuvoloso;Normale;Sufficiente;;0;0;0;3;12.5479;41.8516;-1;1;Autovettura privata;In marcia / fermata / arresto;Passeggero;M;Illeso;0;;Non accertato;Inesploso
5068023;8;22/09/2020 02:30:00;Strada Urbana;VIA PRENESTINA NUOVA;in corrispondenza;;del palo luce n.;532;;Fuoriuscita dalla sede stradale;Rettilineo;Una carreggiata a doppio senso;Asciutto;Asfaltata;Verticale ed orizzontale;Nuvoloso;Scarso;Buona;;2;0;0;0;12.6976;41.8884;-1;1;Autovettura privata;In marcia / fermata / arresto;Conducente;M;Rimandato;0;NON DECEDUTO;Non accertato;Inesploso
5068023;8;22/09/2020 02:30:00;Strada Urbana;VIA PRENESTINA NUOVA;in corrispondenza;;del palo luce n.;532;;Fuoriuscita dalla sede stradale;Rettilineo;Una carreggiata a doppio senso;Asciutto;Asfaltata;Verticale ed orizzontale;Nuvoloso;Scarso;Buona;;2;0;0;0;12.6976;41.8884;-1;1;Autovettura privata;In marcia / fermata / arresto;Passeggero;M;Rimandato;0;NON DECEDUTO;;
5068029;8;21/09/2020 23:35:00;Strada Urbana;VIALE DELLA PRIMAVERA;all'intersezione con;VIA DEI GLICINI;VIA DEI GLICINI;;;Scontro frontale/laterale SX fra veicoli in marcia;Incrocio;Una carreggiata a senso unico di marcia;Bagnato (pioggia);Asfaltata;Verticale ed orizzontale;Nuvoloso;Scarso;Insufficiente;;0;0;0;1;12.5604;41.8814;-1;1;Autovettura privata;In marcia / fermata / arresto;Conducente;M;Illeso;0;;Non accertato;
5068029;8;21/09/2020 23:35:00;Strada Urbana;VIALE DELLA PRIMAVERA;all'intersezione con;VIA DEI GLICINI;VIA DEI GLICINI;;;Scontro frontale/laterale SX fra veicoli in marcia;Incrocio;Una carreggiata a senso unico di marcia;Bagnato (pioggia);Asfaltata;Verticale ed orizzontale;Nuvoloso;Scarso;Insufficiente;;0;0;0;1;12.5604;41.8814;-1;2;Autovettura privata;In marcia / fermata / arresto;;;;;;;
5068049;13;18/09/2020 16:45:00;Strada Urbana;VIALE DI CASTEL PORZIANO;in prossimità;;del civico n.;338;;Investimento di pedone;Rettilineo;Una carreggiata a doppio senso;Asciutto;Asfaltata;Orizzontale;Sereno;Normale;Buona;;0;0;0;2;12.3491;41.7308;-1;;;;Pedone;M;Illeso;0;;;