Protocollo;Gruppo;DataOraIncidente;Localizzazione1;STRADA1;Localizzazione2;STRADA2;Strada02;Chilometrica;DaSpecificare;NaturaIncidente;particolaritastrade;TipoStrada;FondoStradale;Pavimentazione;Segnaletica;CondizioneAtmosferica;Traffico;Visibilita;Illuminazione;NUM_FERITI;NUM_RISERVATA;NUM_MORTI;NUM_ILLESI;Longitude;Latitude;Confermato;Progressivo;TipoVeicolo;StatoVeicolo;TipoPersona;Sesso;Tipolesione;Deceduto;DecedutoDopo;CinturaCascoUtilizzato;Airbag;
5068049;13;18/09/2020 16:45:00;Strada Urbana;VIALE DI CASTEL PORZIANO;in prossimità;;del civico n.;338;;Investimento di pedone;Rettilineo;Una carreggiata a doppio senso;Asciutto;Asfaltata;Orizzontale;Sereno;Normale;Buona;;0;0;0;2;12.3491;41.7308;-1;1;Autocarro inferiore 35 q.;In marcia / fermata / arresto;Conducente;M;Illeso;0;;;
5068053;13;21/09/2020 12:00:00;Strada Urbana;VIA ARISTIDE CARABELLI;in corrispondenza;;del civico n.;82;;Scontro laterale fra veicoli in marcia;Rettilineo;Una carreggiata a senso unico di marcia;Asciutto;Asfaltata;Verticale ed orizzontale;Sereno;Normale;Buona;;0;0;0;6;12.2694;41.7386;-1;1;Autovettura privata;In marcia / fermata / arresto;Conducente;M;Illeso;0;;Non accertato;
5068053;13;21/09/2020 12:00:00;Strada Urbana;VIA ARISTIDE CARABELLI;in corrispondenza;;del civico n.;82;;Scontro laterale fra veicoli in marcia;Rettilineo;Una carreggiata a senso unico di marcia;Asciutto;Asfaltata;Verticale ed orizzontale;Sereno;Normale;Buona;;0;0;0;6;12.2694;41.7386;-1;1;Autovettura privata;In marcia / fermata / arresto;Passeggero;F;Illeso;0;;Non accertato;Inesploso
5068053;13;21/09/2020 12:00:00;Strada Urbana;VIA ARISTIDE CARABELLI;in corrispondenza;;del civico n.;82;;Scontro laterale fra veicoli in marcia;Rettilineo;Una carreggiata a senso unico di marcia;Asciutto;Asfaltata;Verticale ed orizzontale;Sereno;Normale;Buona;;0;0;0;6;12.2694;41.7386;-1;1;Autovettura privata;In marcia / fermata / arresto;Passeggero;M;Illeso;0;;Non accertato;
5068053;13;21/09/2020 12:00:00;Strada Urbana;VIA ARISTIDE CARABELLI;in corrispondenza;;del civico n.;82;;Scontro laterale fra veicoli in marcia;Rettilineo;Una carreggiata a senso unico di marcia;Asciutto;Asfaltata;Verticale ed orizzontale;Sereno;Normale;Buona;;0;0;0;6;12.2694;41.7386;-1;1;Autovettura privata;In marcia / fermata / arresto;Passeggero;F;Illeso;0;;Non accertato;
5068053;13;21/09/2020 12:00:00;Strada Urbana;VIA ARISTIDE CARABELLI;in corrispondenza;;del civico n.;82;;Scontro laterale fra veicoli in marcia;Rettilineo;Una carreggiata a senso unico di marcia;Asciutto;Asfaltata;Verticale ed orizzontale;Sereno;Normale;Buona;;0;0;0;6;12.2694;41.7386;-1;2;Autovettura privata;In marcia / fermata / arresto;Conducente;M;Illeso;0;;;
5068053;13;21/09/2020 12:00:00;Strada Urbana;VIA ARISTIDE CARABELLI;in corrispondenza;;del civico n.;82;;Scontro laterale fra veicoli in marcia;Rettilineo;Una carreggiata a senso unico di marcia;Asciutto;Asfaltata;Verticale ed orizzontale;Sereno;Normale;Buona;;0;0;0;6;12.2694;41.7386;-1;2;Autovettura privata;In marcia / fermata / arresto;Passeggero;M;Illeso;0;;Non accertato;
5068054;20;21/09/2020 12:30:00;Strada Urbana;VIA BRACCIANENSE;in prossimità;;del civico n.;11;;Tamponamento;Curva a visuale libera;Una carreggiata a doppio senso;Asciutto;Asfaltata;Verticale ed orizzontale;Sereno;Scarso;Buona;;0;0;0;4;12.3787;42.0093;-1;1;Autovettura privata;In marcia / fermata / arresto;Conducente;M;Illeso;0;;Non accertato;Inesploso
5068054;20;21/09/2020 12:30:00;Strada Urbana;VIA BRACCIANENSE;in prossimità;;del civico n.;11;;Tamponamento;Curva a visuale libera;Una carreggiata a doppio senso;Asciutto;Asfaltata;Verticale ed orizzontale;Sereno;Scarso;Buona;;0;0;0;4;12.3787;42.0093;-1;2;Autovettura privata;In marcia / fermata / arresto;Conducente;M;Illeso;0;;Non accertato;Inesploso
5068054;20;21/09/2020 12:30:00;Strada Urbana;VIA BRACCIANENSE;in prossimità;;del civico n.;11;;Tamponamento;Curva a visuale libera;Una carreggiata a doppio senso;Asciutto;Asfaltata;Verticale ed orizzontale;Sereno;Scarso;Buona;;0;0;0;4;12.3787;42.0093;-1;2;Autovettura privata;In marcia / fermata / arresto;Passeggero;F;Illeso;0;;Non accertato;Inesploso
5068054;20;21/09/2020 12:30:00;Strada Urbana;VIA BRACCIANENSE;in prossimità;;del civico n.;11;;Tamponamento;Curva a visuale libera;Una carreggiata a doppio senso;Asciutto;Asfaltata;Verticale ed orizzontale;Sereno;Scarso;Buona;;0;0;0;4;12.3787;42.0093;-1;2;Autovettura privata;In marcia / fermata / arresto;Passeggero;F;Illeso;0;;Non accertato;Inesploso
5068056;13;21/09/2020 10:20:00;Strada Urbana;VIALE CHARLES LENORMANT;in prossimità;;del civico n.;217;;Tamponamento;Rettilineo;Una carreggiata a senso unico di marcia;Asciutto;Asfaltata;Verticale ed orizzontale;Sereno;Normale;Buona;;0;0;0;2;12.3331;41.7744;-1;1;Autocarro inferiore 35 q.;In marcia / fermata / arresto;Conducente;M;Illeso;0;;Non accertato;Inesploso
5068056;13;21/09/2020 10:20:00;Strada Urbana;VIALE CHARLES LENORMANT;in prossimità;;del civico n.;217;;Tamponamento;Rettilineo;Una carreggiata a senso unico di marcia;Asciutto;Asfaltata;Verticale ed orizzontale;Sereno;Normale;Buona;;0;0;0;2;12.3331;41.7744;-1;2;Autovettura privata;In marcia / fermata / arresto;Conducente;M;Illeso;0;;Non accertato;Inesploso
5068059;13;21/09/2020 19:00:00;Strada Urbana;VIA ANGELO MARIANI;all'intersezione con;VIALE DI CASTEL PORZIANO;VIALE DI CASTEL PORZIANO;;;Scontro frontale/laterale DX fra veicoli in marcia;Incrocio;Una carreggiata a doppio senso;Asciutto;Asfaltata;Verticale ed orizzontale;Nuvoloso;Normale;Sufficiente;;1;0;0;1;12.3725;41.7385;-1;1;Autovettura privata;In marcia / fermata / arresto;Conducente;F;Illeso;0;;Non accertato;
5068059;13;21/09/2020 19:00:00;Strada Urbana;VIA ANGELO MARIANI;all'intersezione con;VIALE DI CASTEL PORZIANO;VIALE DI CASTEL PORZIANO;;;Scontro frontale/laterale DX fra veicoli in marcia;Incrocio;Una carreggiata a doppio senso;Asciutto;Asfaltata;Verticale ed orizzontale;Nuvoloso;Normale;Sufficiente;;1;0;0;1;12.3725;41.7385;-1;2;Motociclo a solo;In marcia / fermata / arresto;Conducente;M;Rimandato;0;NON DECEDUTO;Non accertato;
5068061;13;21/09/2020 20:10:00;Strada Urbana;VIALE DEI ROMAGNOLI;in corrispondenza;;del civico n.;1125;;Scontro laterale fra veicoli in marcia;Rettilineo;Due carreggiate;Asciutto;Asfaltata;Orizzontale;Nuvoloso;Intenso;Buona;;3;0;0;0;12.3198;41.7689;-1;1;Autovettura privata;In marcia / fermata / arresto;Conducente;M;Rimandato;0;NON DECEDUTO;Non accertato;Esploso
5068061;13;21/09/2020 20:10:00;Strada Urbana;VIALE DEI ROMAGNOLI;in corrispondenza;;del civico n.;1125;;Scontro laterale fra veicoli in marcia;Rettilineo;Due carreggiate;Asciutto;Asfaltata;Orizzontale;Nuvoloso;Intenso;Buona;;3;0;0;0;12.3198;41.7689;-1;2;Autovettura privata;In marcia / fermata / arresto;Conducente;M;Rimandato;0;NON DECEDUTO;Non accertato;Esploso
5068061;13;21/09/2020 20:10:00;Strada Urbana;VIALE DEI ROMAGNOLI;in corrispondenza;;del civico n.;1125;;Scontro laterale fra veicoli in marcia;Rettilineo;Due carreggiate;Asciutto;Asfaltata;Orizzontale;Nuvoloso;Intenso;Buona;;3;0;0;0;12.3198;41.7689;-1;3;Autovettura privata;In marcia / fermata / arresto;Conducente;M;Rimandato;0;NON DECEDUTO;Non accertato;
5068067;13;21/09/2020 11:50:00;Comunale extraurbana;VIA DEL MARE;in corrispondenza;;del civico n.;209;;Scontro laterale fra veicoli in marcia;Rettilineo;Una carreggiata a doppio senso;Asciutto;Asfaltata;Verticale ed orizzontale;Sereno;Normale;Buona;;1;0;0;2;12.4617;41.8391;-1;1;Autovettura privata;In marcia / fermata / arresto;Conducente;F;Illeso;0;;;Inesploso
5068067;13;21/09/2020 11:50:00;Comunale extraurbana;VIA DEL MARE;in corrispondenza;;del civico n.;209;;Scontro laterale fra veicoli in marcia;Rettilineo;Una carreggiata a doppio senso;Asciutto;Asfaltata;Verticale ed orizzontale;Sereno;Normale;Buona;;1;0;0;2;12.4617;41.8391;-1;2;Autovettura privata;In marcia / fermata / arresto;Conducente;M;Rimandato;0;NON DECEDUTO;;Inesploso
5068067;13;21/09/2020 11:50:00;Comunale extraurbana;VIA DEL MARE;in corrispondenza;;del civico n.;209;;Scontro laterale fra veicoli in marcia;Rettilineo;Una carreggiata a doppio senso;Asciutto;Asfaltata;Verticale ed orizzontale;Sereno;Normale;Buona;;1;0;0;2;12.4617;41.8391;-1;3;Autovettura privata;In marcia / fermata / arresto;Conducente;M;Illeso;0;;;Esploso
5068075;1;21/09/2020 08:45:00;Strada Urbana;VIA DI S. GREGORIO;da specificare;;;;fermata atac n. 72066;Tamponamento Multiplo;Rettilineo;Due carreggiate;Bagnato (pioggia);In cubetti di porfido;Assente;Pioggia in atto;Normale;Buona;;2;0;0;3;12.4901;41.8876;-1;1;Autocarro inferiore 35 q.;In marcia / fermata / arresto;Conducente;M;Illeso;0;;Non accertato;Inesploso
5068075;1;21/09/2020 08:45:00;Strada Urbana;VIA DI S. GREGORIO;da specificare;;;;fermata atac n. 72066;Tamponamento Multiplo;Rettilineo;Due carreggiate;Bagnato (pioggia);In cubetti di porfido;Assente;Pioggia in atto;Normale;Buona;;2;0;0;3;12.4901;41.8876;-1;2;Autovettura privata;In marcia / fermata / arresto;Conducente;M;Rifiuta cure immediate;0;NON DECEDUTO;Non accertato;Inesploso
5068075;1;21/09/2020 08:45:00;Strada Urbana;VIA DI S. GREGORIO;da specificare;;;;fermata atac n. 72066;Tamponamento Multiplo;Rettilineo;Due carreggiate;Bagnato (pioggia);In cubetti di porfido;Assente;Pioggia in atto;Normale;Buona;;2;0;0;3;12.4901;41.8876;-1;3;Autovettura privata;In marcia / fermata / arresto;Conducente;M;Illeso;0;;Non accertato;Inesploso
5068075;1;21/09/2020 08:45:00;Strada Urbana;VIA DI S. GREGORIO;da specificare;;;;fermata atac n. 72066;Tamponamento Multiplo;Rettilineo;Due carreggiate;Bagnato (pioggia);In cubetti di porfido;Assente;Pioggia in atto;Normale;Buona;;2;0;0;3;12.4901;41.8876;-1;3;Autovettura privata;In marcia / fermata / arresto;Passeggero;F;Rimandato;0;NON DECEDUTO;Non accertato;Inesploso
5068075;1;21/09/2020 08:45:00;Strada Urbana;VIA DI S. GREGORIO;da specificare;;;;fermata atac n. 72066;Tamponamento Multiplo;Rettilineo;Due carreggiate;Bagnato (pioggia);In cubetti di porfido;Assente;Pioggia in atto;Normale;Buona;;2;0;0;3;12.4901;41.8876;-1;4;Autovettura privata;In marcia / fermata / arresto;Conducente;M;Illeso;0;;Non accertato;Inesploso
5068080;20;21/09/2020 19:30:00;Strada Urbana;VIA DI GROTTAROSSA;in corrispondenza;;del civico n.;161;;Scontro laterale fra veicoli in marcia;Rettilineo;Una carreggiata a doppio senso;Asciutto;Asfaltata;Verticale ed orizzontale;Sereno;Normale;Buona;;1;0;0;0;12.4413;41.9735;-1;1;Autovettura privata;In marcia / fermata / arresto;Conducente;M;Rifiuta cure immediate;0;NON DECEDUTO;;
5068080;20;21/09/2020 19:30:00;Strada Urbana;VIA DI GROTTAROSSA;in corrispondenza;;del civico n.;161;;Scontro laterale fra veicoli in marcia;Rettilineo;Una carreggiata a doppio senso;Asciutto;Asfaltata;Verticale ed orizzontale;Sereno;Normale;Buona;;1;0;0;0;12.4413;41.9735;-1;2;Autovettura privata;Allontanatosi;;;;;;;
5068088;10;21/09/2020 12:00:00;Strada Urbana;VIALE PALMIRO TOGLIATTI;all'intersezione con;VIA FILIPPO SERAFINI;VIA FILIPPO SERAFINI;;;Scontro frontale/laterale DX fra veicoli in marcia;Intersezione semaforizzata;Due carreggiate;Asciutto;Asfaltata;Verticale ed orizzontale;Nuvoloso;Normale;Buona;;0;0;0;2;12.5701;41.8608;-1;1;Autobus di linea;In marcia / fermata / arresto;Conducente;M;Illeso;0;;Non accertato;Inesistente
5068088;10;21/09/2020 12:00:00;Strada Urbana;VIALE PALMIRO TOGLIATTI;all'intersezione con;VIA FILIPPO SERAFINI;VIA FILIPPO SERAFINI;;;Scontro frontale/laterale DX fra veicoli in marcia;Intersezione semaforizzata;Due carreggiate;Asciutto;Asfaltata;Verticale ed orizzontale;Nuvoloso;Normale;Buona;;0;0;0;2;12.5701;41.8608;-1;2;Autovettura privata;In marcia / fermata / arresto;Conducente;M;Illeso;0;;Non accertato;Inesploso
5068101;20;21/09/2020 17:50:00;Strada Urbana;VIA INVERIGO;all'intersezione con;VIA DELLA GIUSTINIANA;VIA DELLA GIUSTINIANA;;;Scontro frontale/laterale SX fra veicoli in marcia;Incrocio;Una carreggiata a doppio senso;Asciutto;Asfaltata;Verticale ed orizzontale;Sereno;Normale;Buona;;0;0;0;3;12.4815;42.0032;-1;1;Autovettura privata;In marcia / fermata / arresto;Conducente;M;Illeso;0;;Non accertato;Inesploso
5068101;20;21/09/2020 17:50:00;Strada Urbana;VIA INVERIGO;all'intersezione con;VIA DELLA GIUSTINIANA;VIA DELLA GIUSTINIANA;;;Scontro frontale/laterale SX fra veicoli in marcia;Incrocio;Una carreggiata a doppio senso;Asciutto;Asfaltata;Verticale ed orizzontale;Sereno;Normale;Buona;;0;0;0;3;12.4815;42.0032;-1;2;Autovettura privata;In marcia / fermata / arresto;Conducente;M;Illeso;0;;Non accertato;
5068101;20;21/09/2020 17:50:00;Strada Urbana;VIA INVERIGO;all'intersezione con;VIA DELLA GIUSTINIANA;VIA DELLA GIUSTINIANA;;;Scontro frontale/laterale SX fra veicoli in marcia;Incrocio;Una carreggiata a doppio senso;Asciutto;Asfaltata;Verticale ed orizzontale;Sereno;Normale;Buona;;0;0;0;3;12.4815;42.0032;-1;2;Autovettura privata;In marcia / fermata / arresto;Passeggero;M;Illeso;0;;Non accertato;Inesploso
5068108;10;21/09/2020 18:30:00;Strada Urbana;VIA DI CIAMPINO;in prossimità;;del civico n.;70;;Veicolo in marcia contro ostacolo fisso;Curva a visuale libera;Una carreggiata a doppio senso;Asciutto;Asfaltata;Orizzontale;Nuvoloso;Scarso;Sufficiente;;0;0;0;1;12.5817;41.8108;-1;1;Autovettura privata;In marcia / fermata / arresto;Conducente;F;Illeso;0;;Non accertato;Esploso
5068119;20;21/09/2020 12:25:00;Strada Urbana;VIA VILFREDO PARETO;in corrispondenza;;del civico n.;15;;Scontro frontale/laterale DX fra veicoli in marcia;Rettilineo;Una carreggiata a doppio senso;Asciutto;Asfaltata;Verticale ed orizzontale;Nuvoloso;Normale;Buona;;0;0;0;2;12.4672;41.9504;-1;1;Autovettura privata;In marcia / fermata / arresto;Conducente;M;Illeso;0;;;
5068119;20;21/09/2020 12:25:00;Strada Urbana;VIA VILFREDO PARETO;in corrispondenza;;del civico n.;15;;Scontro frontale/laterale DX fra veicoli in marcia;Rettilineo;Una carreggiata a doppio senso;Asciutto;Asfaltata;Verticale ed orizzontale;Nuvoloso;Normale;Buona;;0;0;0;2;12.4672;41.9504;-1;2;Autovettura privata;In marcia / fermata / arresto;Conducente;M;Illeso;0;;;
5068168;12;21/09/2020 17:10:00;Provinciale;VIA LAURENTINA;in prossimità;;della chilometrica;12.3;;Scontro laterale fra veicoli in marcia;Rettilineo;Due carreggiate;Asciutto;Asfaltata;Verticale ed orizzontale;Nuvoloso;Normale;Buona;;0;0;0;5;12.4925;41.7688;-1;1;Autovettura privata;In marcia / fermata / arresto;Conducente;F;Illeso;0;;;
5068168;12;21/09/2020 17:10:00;Provinciale;VIA LAURENTINA;in prossimità;;della chilometrica;12.3;;Scontro laterale fra veicoli in marcia;Rettilineo;Due carreggiate;Asciutto;Asfaltata;Verticale ed orizzontale;Nuvoloso;Normale;Buona;;0;0;0;5;12.4925;41.7688;-1;1;Autovettura privata;In marcia / fermata / arresto;Passeggero;F;Illeso;0;;;
5068168;12;21/09/2020 17:10:00;Provinciale;VIA LAURENTINA;in prossimità;;della chilometrica;12.3;;Scontro laterale fra veicoli in marcia;Rettilineo;Due carreggiate;Asciutto;Asfaltata;Verticale ed orizzontale;Nuvoloso;Normale;Buona;;0;0;0;5;12.4925;41.7688;-1;1;Autovettura privata;In marcia / fermata / arresto;Passeggero;F;Illeso;0;;;
5068168;12;21/09/2020 17:10:00;Provinciale;VIA LAURENTINA;in prossimità;;della chilometrica;12.3;;Scontro laterale fra veicoli in marcia;Rettilineo;Due carreggiate;Asciutto;Asfaltata;Verticale ed orizzontale;Nuvoloso;Normale;Buona;;0;0;0;5;12.4925;41.7688;-1;2;Autocarro inferiore 35 q.;In marcia / fermata / arresto;Conducente;M;Illeso;0;;;
5068168;12;21/09/2020 17:10:00;Provinciale;VIA LAURENTINA;in prossimità;;della chilometrica;12.3;;Scontro laterale fra veicoli in marcia;Rettilineo;Due carreggiate;Asciutto;Asfaltata;Verticale ed orizzontale;Nuvoloso;Normale;Buona;;0;0;0;5;12.4925;41.7688;-1;2;Autocarro inferiore 35 q.;In marcia / fermata / arresto;Passeggero;M;Illeso;0;;;
5068174;5;21/09/2020 09:40:00;Strada Urbana;PIAZZA TOMMASO DE CRISTOFORIS;in prossimità;;del civico n.;3;;Scontro frontale/laterale SX fra veicoli in marcia;Rotatoria;Una carreggiata a senso unico di marcia;Asciutto;Asfaltata;Verticale ed orizzontale;Nuvoloso;Normale;Buona;;0;0;0;3;12.5347;41.9005;-1;1;Autovettura privata;In marcia / fermata / arresto;Conducente;M;Illeso;0;;;
5068174;5;21/09/2020 09:40:00;Strada Urbana;PIAZZA TOMMASO DE CRISTOFORIS;in prossimità;;del civico n.;3;;Scontro frontale/laterale SX fra veicoli in marcia;Rotatoria;Una carreggiata a senso unico di marcia;Asciutto;Asfaltata;Verticale ed orizzontale;Nuvoloso;Normale;Buona;;0;0;0;3;12.5347;41.9005;-1;2;Autovettura privata;In marcia / fermata / arresto;Conducente;F;Illeso;0;;;
5068174;5;21/09/2020 09:40:00;Strada Urbana;PIAZZA TOMMASO DE CRISTOFORIS;in prossimità;;del civico n.;3;;Scontro frontale/laterale SX fra veicoli in marcia;Rotatoria;Una carreggiata a senso unico di marcia;Asciutto;Asfaltata;Verticale ed orizzontale;Nuvoloso;Normale;Buona;;0;0;0;3;12.5347;41.9005;-1;2;Autovettura privata;In marcia / fermata / arresto;Passeggero;F;Illeso;0;;;
5068183;6;21/09/2020 14:40:00;Strada Urbana;VIA PRENESTINA;all'intersezione con;VIA RENZO DA CERI;VIA RENZO DA CERI;;;Veicolo in marcia contro veicoli in sosta;Incrocio;Una carreggiata a senso unico di marcia;Asciutto;Asfaltata;Verticale ed orizzontale;Nuvoloso;Normale;Buona;;0;0;0;1;12.5382;41.8923;-1;1;Autobus di linea;In marcia / fermata / arresto;Conducente;M;Illeso;0;;;
5068183;6;21/09/2020 14:40:00;Strada Urbana;VIA PRENESTINA;all'intersezione con;VIA RENZO DA CERI;VIA RENZO DA CERI;;;Veicolo in marcia contro veicoli in sosta;Incrocio;Una carreggiata a senso unico di marcia;Asciutto;Asfaltata;Verticale ed orizzontale;Nuvoloso;Normale;Buona;;0;0;0;1;12.5382;41.8923;-1;2;Autovettura privata;Sosta;;;;;;;
5068183;6;21/09/2020 14:40:00;Strada Urbana;VIA PRENESTINA;all'intersezione con;VIA RENZO DA CERI;VIA RENZO DA CERI;;;Veicolo in marcia contro veicoli in sosta;Incrocio;Una carreggiata a senso unico di marcia;Asciutto;Asfaltata;Verticale ed orizzontale;Nuvoloso;Normale;Buona;;0;0;0;1;12.5382;41.8923;-1;3;Autovettura privata;Sosta;;;;;;;
5068190;5;21/09/2020 12:35:00;Strada Urbana;VIA TIBURTINA;da specificare;;;;prossimità via Casal dei Pazzi;Scontro frontale fra veicoli in marcia;Rettilineo;Una carreggiata a senso unico di marcia;Bagnato (umidità in atto);Asfaltata;Verticale;Nuvoloso;Normale;Buona;;0;0;0;5;12.5711;41.9244;-1;1;Autovettura privata;In marcia / fermata / arresto;Conducente;M;Illeso;0;;;
5068190;5;21/09/2020 12:35:00;Strada Urbana;VIA TIBURTINA;da specificare;;;;prossimità via Casal dei Pazzi;Scontro frontale fra veicoli in marcia;Rettilineo;Una carreggiata a senso unico di marcia;Bagnato (umidità in atto);Asfaltata;Verticale;Nuvoloso;Normale;Buona;;0;0;0;5;12.5711;41.9244;-1;1;Autovettura privata;In marcia / fermata / arresto;Passeggero;M;Illeso;0;;;
5068190;5;21/09/2020 12:35:00;Strada Urbana;VIA TIBURTINA;da specificare;;;;prossimità via Casal dei Pazzi;Scontro frontale fra veicoli in marcia;Rettilineo;Una carreggiata a senso unico di marcia;Bagnato (umidità in atto);Asfaltata;Verticale;Nuvoloso;Normale;Buona;;0;0;0;5;12.5711;41.9244;-1;1;Autovettura privata;In marcia / fermata / arresto;Passeggero;M;Illeso;0;;;
5068190;5;21/09/2020 12:35:00;Strada Urbana;VIA TIBURTINA;da specificare;;;;prossimità via Casal dei Pazzi;Scontro frontale fra veicoli in marcia;Rettilineo;Una carreggiata a senso unico di marcia;Bagnato (umidità in atto);Asfaltata;Verticale;Nuvoloso;Normale;Buona;;0;0;0;5;12.5711;41.9244;-1;1;Autovettura privata;In marcia / fermata / arresto;Passeggero;F;Illeso;0;;;
5068190;5;21/09/2020 12:35:00;Strada Urbana;VIA TIBURTINA;da specificare;;;;prossimità via Casal dei Pazzi;Scontro frontale fra veicoli in marcia;Rettilineo;Una carreggiata a senso unico di marcia;Bagnato (umidità in atto);Asfaltata;Verticale;Nuvoloso;Normale;Buona;;0;0;0;5;12.5711;41.9244;-1;2;Autovettura privata;In marcia / fermata / arresto;Conducente;F;Illeso;0;;;
5068191;7;21/09/2020 11:30:00;Strada Urbana;VIA DEI PIOPPI;all'intersezione con;VIA DELLE MIMOSE;VIA DELLE MIMOSE;;;Veicolo in marcia contro ostacolo accidentale;Incrocio;Una carreggiata a senso unico di marcia;Asciutto;Asfaltata;Verticale ed orizzontale;Sereno;Scarso;Buona;;0;0;0;1;12.5712;41.878;-1;1;Autovettura privata;In marcia / fermata / arresto;Conducente;F;Illeso;0;;Non accertato;Inesploso
5068209;7;21/09/2020 20:10:00;Strada Urbana;VIALE ALESSANDRINO;in prossimità;;del civico n.;321;;Scontro laterale fra veicoli in marcia;Rettilineo;Una carreggiata a doppio senso;Bagnato (umidità in atto);Asfaltata;Verticale ed orizzontale;Nuvoloso;Scarso;Buona;;0;0;0;1;12.5785;41.8773;-1;1;Autovettura privata;In marcia / fermata / arresto;Conducente;M;Illeso;0;;;
5068209;7;21/09/2020 20:10:00;Strada Urbana;VIALE ALESSANDRINO;in prossimità;;del civico n.;321;;Scontro laterale fra veicoli in marcia;Rettilineo;Una carreggiata a doppio senso;Bagnato (umidità in atto);Asfaltata;Verticale ed orizzontale;Nuvoloso;Scarso;Buona;;0;0;0;1;12.5785;41.8773;-1;2;Motociclo a solo;Allontanatosi;;;;;;;
5068216;18;21/09/2020 15:30:00;Strada Urbana;VIA AURELIA;in prossimità;;del civico n.;273;;Infortunio per sola frenata improvvisa;Rettilineo;Una carreggiata a doppio senso;Asciutto;Asfaltata;Verticale ed orizzontale;Nuvoloso;Normale;Buona;;1;0;0;0;12.4385;41.8982;0;1;Motociclo a solo;In marcia / fermata / arresto;Conducente;F;Rimandato;0;NON DECEDUTO;;
5068222;7;21/09/2020 11:20:00;Strada Urbana;VIA COLLATINA;in prossimità;;del civico n.;265;;Investimento di pedone;Rettilineo;Una carreggiata a doppio senso;Asciutto;Asfaltata;Verticale ed orizzontale;Nuvoloso;Normale;Sufficiente;;0;0;0;2;12.5895;41.9042;-1;;;;Pedone sconosciuto;;Illeso;0;;;
5068222;7;21/09/2020 11:20:00;Strada Urbana;VIA COLLATINA;in prossimità;;del civico n.;265;;Investimento di pedone;Rettilineo;Una carreggiata a doppio senso;Asciutto;Asfaltata;Verticale ed orizzontale;Nuvoloso;Normale;Sufficiente;;0;0;0;2;12.5895;41.9042;-1;1;Autovettura privata;In marcia / fermata / arresto;Conducente;M;Illeso;0;;;
5068241;7;21/09/2020 11:30:00;Strada Urbana;VIALE ENZO FERRARI;all'intersezione con;VIA PRENESTINA;VIA PRENESTINA;;;Scontro frontale fra veicoli in marcia;Rotatoria;Una carreggiata a doppio senso;Asciutto;Asfaltata;Verticale ed orizzontale;Sereno;Normale;Buona;;1;0;0;1;12.5921;41.8907;-1;1;Autovettura privata;In marcia / fermata / arresto;Conducente;F;Illeso;0;;Non accertato;Inesploso
5068241;7;21/09/2020 11:30:00;Strada Urbana;VIALE ENZO FERRARI;all'intersezione con;VIA PRENESTINA;VIA PRENESTINA;;;Scontro frontale fra veicoli in marcia;Rotatoria;Una carreggiata a doppio senso;Asciutto;Asfaltata;Verticale ed orizzontale;Sereno;Normale;Buona;;1;0;0;1;12.5921;41.8907;-1;2;Motociclo a solo;In marcia / fermata / arresto;Conducente;M;Rimandato;0;NON DECEDUTO;Non accertato;
5068252;18;21/09/2020 21:00:00;Strada Urbana;VIA VIGNALE;in corrispondenza;;del palo luce n.;19;;Veicolo in marcia contro ostacolo fisso;Pendenza;Una carreggiata a senso unico di marcia;Bagnato (pioggia);Asfaltata;Verticale;Nuvoloso;Scarso;Buona;;0;0;0;1;12.3847;41.9198;0;1;Autocarro inferiore 35 q.;In marcia / fermata / arresto;Conducente;M;Illeso;0;;;
5068283;1;21/09/2020 15:00:00;Strada Urbana;PIAZZA DEL COLOSSEO;all'intersezione con;VIA DEI SS. QUATTRO;VIA DEI SS. QUATTRO;;;Veicolo in marcia contro ostacolo fisso;Intersezione stradale segnalata;Una carreggiata a doppio senso;Asciutto;Asfaltata;Assente;Nuvoloso;Normale;Buona;;0;0;0;2;;;0;1;Autovettura privata;In marcia / fermata / arresto;Conducente;F;Illeso;0;;;
5068283;1;21/09/2020 15:00:00;Strada Urbana;PIAZZA DEL COLOSSEO;all'intersezione con;VIA DEI SS. QUATTRO;VIA DEI SS. QUATTRO;;;Veicolo in marcia contro ostacolo fisso;Intersezione stradale segnalata;Una carreggiata a doppio senso;Asciutto;Asfaltata;Assente;Nuvoloso;Normale;Buona;;0;0;0;2;;;0;1;Autovettura privata;In marcia / fermata / arresto;Passeggero;F;Illeso;0;;;
5068286;9;20/09/2020 23:00:00;Strada Urbana;VIA GALLIA;in prossimità;;del civico n.;62/64;;Veicolo in marcia contro veicolo in sosta;Rettilineo;Una carreggiata a doppio senso;Asciutto;Asfaltata;Verticale ed orizzontale;Sereno;Scarso;Buona;;0;0;0;0;12.5022;41.8813;-1;1;Autovettura privata;Sosta;;;;;;;
5068286;9;20/09/2020 23:00:00;Strada Urbana;VIA GALLIA;in prossimità;;del civico n.;62/64;;Veicolo in marcia contro veicolo in sosta;Rettilineo;Una carreggiata a doppio senso;Asciutto;Asfaltata;Verticale ed orizzontale;Sereno;Scarso;Buona;;0;0;0;0;12.5022;41.8813;-1;2;Autovettura privata;Sosta;;;;;;;