Protocollo;Gruppo;DataOraIncidente;Localizzazione1;STRADA1;Localizzazione2;STRADA2;Strada02;Chilometrica;DaSpecificare;NaturaIncidente;particolaritastrade;TipoStrada;FondoStradale;Pavimentazione;Segnaletica;CondizioneAtmosferica;Traffico;Visibilita;Illuminazione;NUM_FERITI;NUM_RISERVATA;NUM_MORTI;NUM_ILLESI;Longitude;Latitude;Confermato;Progressivo;TipoVeicolo;StatoVeicolo;TipoPersona;Sesso;Tipolesione;Deceduto;DecedutoDopo;CinturaCascoUtilizzato;Airbag;
5068605;1;21/09/2020 10:35:00;Strada Urbana;PIAZZA TESTACCIO;in corrispondenza;;del civico n.;35;;Veicolo in marcia contro veicolo in sosta;Rettilineo;Una carreggiata a senso unico di marcia;Asciutto;Asfaltata;Verticale ed orizzontale;Nuvoloso;Normale;Buona;;0;0;0;0;12.4773;41.8799;-1;2;Autocarro inferiore 35 q.;In marcia / fermata / arresto;;;;;;;
5068632;1;19/09/2020 19:50:00;Strada Urbana;VIA DEI CERCHI;da specificare;;;;altezza stallo sosta breve n. 2;Scontro laterale fra veicoli in marcia;Rettilineo;Una carreggiata a senso unico di marcia;Asciutto;In cubetti di porfido;Verticale ed orizzontale;Sereno;Normale;Sufficiente;;0;0;0;2;12.4872;41.886;-1;1;Autovettura pubblica;In marcia / fermata / arresto;Conducente;M;Illeso;0;;Non accertato;Inesploso
5068632;1;19/09/2020 19:50:00;Strada Urbana;VIA DEI CERCHI;da specificare;;;;altezza stallo sosta breve n. 2;Scontro laterale fra veicoli in marcia;Rettilineo;Una carreggiata a senso unico di marcia;Asciutto;In cubetti di porfido;Verticale ed orizzontale;Sereno;Normale;Sufficiente;;0;0;0;2;12.4872;41.886;-1;2;Autovettura privata;In marcia / fermata / arresto;Conducente;F;Illeso;0;;Non accertato;Inesploso
5068678;1;19/09/2020 23:30:00;Strada Urbana;VIA DELLA GRECA;in prossimità;;del civico n.;1;;Scontro laterale fra veicoli in marcia;Rettilineo;Una carreggiata a doppio senso;Asciutto;Asfaltata;Verticale ed orizzontale;Sereno;Normale;Buona;;0;0;0;3;12.4815;41.8879;-1;1;Autovettura privata;In marcia / fermata / arresto;Conducente;M;Illeso;0;;;
5068678;1;19/09/2020 23:30:00;Strada Urbana;VIA DELLA GRECA;in prossimità;;del civico n.;1;;Scontro laterale fra veicoli in marcia;Rettilineo;Una carreggiata a doppio senso;Asciutto;Asfaltata;Verticale ed orizzontale;Sereno;Normale;Buona;;0;0;0;3;12.4815;41.8879;-1;2;Autovettura privata;In marcia / fermata / arresto;Conducente;M;Illeso;0;;;
5068678;1;19/09/2020 23:30:00;Strada Urbana;VIA DELLA GRECA;in prossimità;;del civico n.;1;;Scontro laterale fra veicoli in marcia;Rettilineo;Una carreggiata a doppio senso;Asciutto;Asfaltata;Verticale ed orizzontale;Sereno;Normale;Buona;;0;0;0;3;12.4815;41.8879;-1;2;Autovettura privata;In marcia / fermata / arresto;Passeggero;M;Illeso;0;;Non accertato;
5068706;23;22/09/2020 01:30:00;Statale;VIA TIBURTINA;all'intersezione con;VIALE DEL TECNOPOLO;VIALE DEL TECNOPOLO;;;Scontro frontale/laterale DX fra veicoli in marcia;Intersezione semaforizzata;Due carreggiate;Bagnato (pioggia);Asfaltata;Verticale ed orizzontale;Nuvoloso;Scarso;Sufficiente;;0;1;0;1;12.6385;41.941;-1;1;Autovettura privata;In marcia / fermata / arresto;Conducente;M;Prognosi riservata;0;NON DECEDUTO;Non accertato;Esploso
5068706;23;22/09/2020 01:30:00;Statale;VIA TIBURTINA;all'intersezione con;VIALE DEL TECNOPOLO;VIALE DEL TECNOPOLO;;;Scontro frontale/laterale DX fra veicoli in marcia;Intersezione semaforizzata;Due carreggiate;Bagnato (pioggia);Asfaltata;Verticale ed orizzontale;Nuvoloso;Scarso;Sufficiente;;0;1;0;1;12.6385;41.941;-1;2;Autovettura pubblica;In marcia / fermata / arresto;Conducente;M;Illeso;0;;Non accertato;Esploso
5068783;17;22/09/2020 08:00:00;Strada Urbana;VIALE DEL FORO ITALICO;in prossimità;;del civico n.;31;;Fuoriuscita dalla sede stradale;Rettilineo;Una carreggiata a senso unico di marcia;Bagnato (pioggia);Asfaltata;Verticale ed orizzontale;Nuvoloso;Normale;Buona;;1;0;0;0;12.4572;41.9326;-1;1;Autovettura privata;In marcia / fermata / arresto;Conducente;M;Rimandato;0;NON DECEDUTO;;
5068811;10;22/09/2020 13:00:00;Strada Urbana;VIA DELLE CAPANNELLE;da specificare;;;;fronte palo acea num.91;Scontro laterale fra veicoli in marcia;Rettilineo;Una carreggiata a doppio senso;Asciutto;Asfaltata;Verticale ed orizzontale;Sereno;Normale;Buona;;0;0;0;5;12.5751;41.84;-1;1;Autoambulanza;In marcia / fermata / arresto;Conducente;M;Illeso;0;;Non accertato;
5068811;10;22/09/2020 13:00:00;Strada Urbana;VIA DELLE CAPANNELLE;da specificare;;;;fronte palo acea num.91;Scontro laterale fra veicoli in marcia;Rettilineo;Una carreggiata a doppio senso;Asciutto;Asfaltata;Verticale ed orizzontale;Sereno;Normale;Buona;;0;0;0;5;12.5751;41.84;-1;1;Autoambulanza;In marcia / fermata / arresto;Passeggero;F;Illeso;0;;Non accertato;
5068811;10;22/09/2020 13:00:00;Strada Urbana;VIA DELLE CAPANNELLE;da specificare;;;;fronte palo acea num.91;Scontro laterale fra veicoli in marcia;Rettilineo;Una carreggiata a doppio senso;Asciutto;Asfaltata;Verticale ed orizzontale;Sereno;Normale;Buona;;0;0;0;5;12.5751;41.84;-1;2;Autovettura privata;In marcia / fermata / arresto;Conducente;F;Illeso;0;;Non accertato;Inesploso
5068811;10;22/09/2020 13:00:00;Strada Urbana;VIA DELLE CAPANNELLE;da specificare;;;;fronte palo acea num.91;Scontro laterale fra veicoli in marcia;Rettilineo;Una carreggiata a doppio senso;Asciutto;Asfaltata;Verticale ed orizzontale;Sereno;Normale;Buona;;0;0;0;5;12.5751;41.84;-1;2;Autovettura privata;In marcia / fermata / arresto;Passeggero;M;Illeso;0;;Non accertato;Inesploso
5068974;1;21/09/2020 13:10:00;Strada Urbana;VIA DELLA GRECA;in corrispondenza;;del civico n.;5;;Scontro laterale fra veicoli in marcia;Rettilineo;Una carreggiata a doppio senso;Asciutto;Asfaltata;Orizzontale;Sereno;Normale;Buona;;1;0;0;2;12.4819;41.8875;-1;1;Autovettura privata;In marcia / fermata / arresto;Conducente;M;Illeso;0;;Non accertato;Inesploso
5068974;1;21/09/2020 13:10:00;Strada Urbana;VIA DELLA GRECA;in corrispondenza;;del civico n.;5;;Scontro laterale fra veicoli in marcia;Rettilineo;Una carreggiata a doppio senso;Asciutto;Asfaltata;Orizzontale;Sereno;Normale;Buona;;1;0;0;2;12.4819;41.8875;-1;2;Motociclo a solo;In marcia / fermata / arresto;Conducente;M;Rifiuta cure immediate;0;NON DECEDUTO;Non accertato;
5068974;1;21/09/2020 13:10:00;Strada Urbana;VIA DELLA GRECA;in corrispondenza;;del civico n.;5;;Scontro laterale fra veicoli in marcia;Rettilineo;Una carreggiata a doppio senso;Asciutto;Asfaltata;Orizzontale;Sereno;Normale;Buona;;1;0;0;2;12.4819;41.8875;-1;3;Autovettura privata;In marcia / fermata / arresto;Conducente;M;Illeso;0;;Non accertato;Inesploso
5068994;12;22/09/2020 06:50:00;Strada Urbana;VIA DI TOR PAGNOTTA;in corrispondenza;;del palo luce n.;75;;Veicolo in marcia contro ostacolo fisso;Rettilineo;Una carreggiata a doppio senso;Bagnato (pioggia);Asfaltata;Orizzontale;Pioggia in atto;Scarso;Sufficiente;;1;0;0;1;12.5061;41.8038;-1;;;;Pedone;M;Illeso;0;;;
5068994;12;22/09/2020 06:50:00;Strada Urbana;VIA DI TOR PAGNOTTA;in corrispondenza;;del palo luce n.;75;;Veicolo in marcia contro ostacolo fisso;Rettilineo;Una carreggiata a doppio senso;Bagnato (pioggia);Asfaltata;Orizzontale;Pioggia in atto;Scarso;Sufficiente;;1;0;0;1;12.5061;41.8038;-1;1;Autovettura privata;In marcia / fermata / arresto;Conducente;M;Rimandato;0;NON DECEDUTO;;
5069064;12;22/09/2020 08:30:00;Strada Urbana;VICOLO DI MEZZOCAMMINO;all'intersezione con;VIA LAGO SANTO;VIA LAGO SANTO;;;Tamponamento Multiplo;Intersezione stradale segnalata;Una carreggiata a doppio senso;Bagnato (pioggia);Asfaltata;Verticale ed orizzontale;Nuvoloso;Normale;Buona;;1;0;0;3;12.4212;41.7918;-1;1;Autovettura privata;In marcia / fermata / arresto;Conducente;F;Rimandato;0;NON DECEDUTO;;
5069064;12;22/09/2020 08:30:00;Strada Urbana;VICOLO DI MEZZOCAMMINO;all'intersezione con;VIA LAGO SANTO;VIA LAGO SANTO;;;Tamponamento Multiplo;Intersezione stradale segnalata;Una carreggiata a doppio senso;Bagnato (pioggia);Asfaltata;Verticale ed orizzontale;Nuvoloso;Normale;Buona;;1;0;0;3;12.4212;41.7918;-1;2;Autovettura privata;In marcia / fermata / arresto;Conducente;M;Illeso;0;;;
5069064;12;22/09/2020 08:30:00;Strada Urbana;VICOLO DI MEZZOCAMMINO;all'intersezione con;VIA LAGO SANTO;VIA LAGO SANTO;;;Tamponamento Multiplo;Intersezione stradale segnalata;Una carreggiata a doppio senso;Bagnato (pioggia);Asfaltata;Verticale ed orizzontale;Nuvoloso;Normale;Buona;;1;0;0;3;12.4212;41.7918;-1;3;Autocarro inferiore 35 q.;In marcia / fermata / arresto;Conducente;M;Illeso;0;;;
5069064;12;22/09/2020 08:30:00;Strada Urbana;VICOLO DI MEZZOCAMMINO;all'intersezione con;VIA LAGO SANTO;VIA LAGO SANTO;;;Tamponamento Multiplo;Intersezione stradale segnalata;Una carreggiata a doppio senso;Bagnato (pioggia);Asfaltata;Verticale ed orizzontale;Nuvoloso;Normale;Buona;;1;0;0;3;12.4212;41.7918;-1;4;Autovettura privata;In marcia / fermata / arresto;Conducente;F;Illeso;0;;;
5069097;5;22/09/2020;;VIA VISSO;in prossimità;;del civico n.;20;;Veicolo in marcia contro treno;;;;;;;;;;0;0;0;0;;;0;;;;;;;;;;
5069108;1;22/09/2020 08:00:00;Strada Urbana;LUNGOTEVERE TESTACCIO;in prossimità;;del civico n.;66;;Veicolo in marcia contro ostacolo fisso;Rettilineo;Una carreggiata a doppio senso;Viscido da liquidi oleosi;Asfaltata;Verticale ed orizzontale;Pioggia in atto;Normale;Buona;;0;0;0;2;12.4755;41.8826;-1;1;Autovettura privata;In marcia / fermata / arresto;Conducente;M;Illeso;0;;Non accertato;Inesploso
5069175;1;22/09/2020 08:45:00;Strada Urbana;LUNGOTEVERE TESTACCIO;in prossimità;;del civico n.;11;;Veicolo in marcia contro ostacolo accidentale;Rettilineo;Una carreggiata a doppio senso;Viscido da liquidi oleosi;Asfaltata;Verticale ed orizzontale;Nuvoloso;Normale;Buona;;1;0;0;0;12.4741;41.8817;-1;1;Motociclo a solo;In marcia / fermata / arresto;Conducente;M;Rimandato;0;NON DECEDUTO;Non accertato;
5069192;1;22/09/2020 08:35:00;Strada Urbana;LUNGOTEVERE TESTACCIO;da specificare;;;;prossimità VIA R. GESSI;Veicolo in marcia contro ostacolo accidentale;Rettilineo;Una carreggiata a doppio senso;Viscido da liquidi oleosi;Asfaltata;Verticale ed orizzontale;Nuvoloso;Normale;Buona;;0;0;0;1;12.4743;41.8818;0;1;Motociclo a solo;In marcia / fermata / arresto;Conducente;M;Illeso;0;;Non accertato;
5069209;1;22/09/2020 06:50:00;Strada Urbana;VIA FILIPPO TURATI;all'intersezione semaforizzata con;VIA MAMIANI;VIA MAMIANI;;;Investimento di pedone;Intersezione semaforizzata;Una carreggiata a senso unico di marcia;Bagnato (pioggia);Asfaltata;Verticale ed orizzontale;Pioggia in atto;Scarso;Sufficiente;;1;0;0;1;12.5055;41.8966;-1;;;;Pedone;F;Rimandato;0;NON DECEDUTO;;
5069209;1;22/09/2020 06:50:00;Strada Urbana;VIA FILIPPO TURATI;all'intersezione semaforizzata con;VIA MAMIANI;VIA MAMIANI;;;Investimento di pedone;Intersezione semaforizzata;Una carreggiata a senso unico di marcia;Bagnato (pioggia);Asfaltata;Verticale ed orizzontale;Pioggia in atto;Scarso;Sufficiente;;1;0;0;1;12.5055;41.8966;-1;1;Autovettura privata;In marcia / fermata / arresto;Conducente;M;Illeso;0;;Non accertato;
5069230;10;22/09/2020 07:50:00;Strada Urbana;VIA BERNARDINO ALIMENA;da specificare;;;;tratto tra Via  T. Canonico e il civ. 31;Scontro laterale fra veicoli in marcia;Rettilineo;Due carreggiate;Asciutto;Asfaltata;Verticale ed orizzontale;Sereno;Scarso;Buona;;0;0;0;2;12.6009;41.8482;-1;1;Autovettura privata;In marcia / fermata / arresto;Conducente;M;Illeso;0;;Non accertato;Inesploso
5069230;10;22/09/2020 07:50:00;Strada Urbana;VIA BERNARDINO ALIMENA;da specificare;;;;tratto tra Via  T. Canonico e il civ. 31;Scontro laterale fra veicoli in marcia;Rettilineo;Due carreggiate;Asciutto;Asfaltata;Verticale ed orizzontale;Sereno;Scarso;Buona;;0;0;0;2;12.6009;41.8482;-1;2;Autovettura privata;In marcia / fermata / arresto;Conducente;M;Illeso;0;;Non accertato;Inesploso
5069239;1;22/09/2020 08:45:00;Strada Urbana;LUNGOTEVERE TESTACCIO;in prossimità;;del civico n.;11;;Veicolo in marcia contro ostacolo accidentale;Rettilineo;Una carreggiata a doppio senso;Viscido da liquidi oleosi;Asfaltata;Verticale ed orizzontale;Pioggia in atto;Intenso;Sufficiente;;1;0;0;0;12.4745;41.882;-1;1;Motociclo a solo;In marcia / fermata / arresto;Conducente;M;Rimandato;0;NON DECEDUTO;Non accertato;
5069243;12;22/09/2020 12:25:00;Strada Urbana;VIALE DELL'UMANESIMO;all'intersezione con;VIA CRISTOFORO COLOMBO;VIA CRISTOFORO COLOMBO;;;Scontro laterale fra veicoli in marcia;Intersezione semaforizzata;Una carreggiata a doppio senso;Asciutto;Asfaltata;Verticale ed orizzontale;Nuvoloso;Normale;Buona;;0;0;0;3;12.4678;41.8237;-1;1;Autovettura privata;In marcia / fermata / arresto;Conducente;F;Illeso;0;;;
5069243;12;22/09/2020 12:25:00;Strada Urbana;VIALE DELL'UMANESIMO;all'intersezione con;VIA CRISTOFORO COLOMBO;VIA CRISTOFORO COLOMBO;;;Scontro laterale fra veicoli in marcia;Intersezione semaforizzata;Una carreggiata a doppio senso;Asciutto;Asfaltata;Verticale ed orizzontale;Nuvoloso;Normale;Buona;;0;0;0;3;12.4678;41.8237;-1;1;Autovettura privata;In marcia / fermata / arresto;Passeggero;M;Illeso;0;;;
5069243;12;22/09/2020 12:25:00;Strada Urbana;VIALE DELL'UMANESIMO;all'intersezione con;VIA CRISTOFORO COLOMBO;VIA CRISTOFORO COLOMBO;;;Scontro laterale fra veicoli in marcia;Intersezione semaforizzata;Una carreggiata a doppio senso;Asciutto;Asfaltata;Verticale ed orizzontale;Nuvoloso;Normale;Buona;;0;0;0;3;12.4678;41.8237;-1;2;Autovettura privata;In marcia / fermata / arresto;Conducente;M;Illeso;0;;;
5069249;10;22/09/2020 08:05:00;Strada Urbana;VIA LUCREZIA ROMANA;in corrispondenza;;del civico n.;13;;Scontro frontale/laterale DX fra veicoli in marcia;Rettilineo;Una carreggiata a doppio senso;Bagnato (umidità in atto);Asfaltata;Verticale ed orizzontale;Nuvoloso;Intenso;Sufficiente;;0;0;0;2;12.576;41.8355;-1;1;Autovettura privata;In marcia / fermata / arresto;Conducente;M;Illeso;0;;Non accertato;Inesploso
5069249;10;22/09/2020 08:05:00;Strada Urbana;VIA LUCREZIA ROMANA;in corrispondenza;;del civico n.;13;;Scontro frontale/laterale DX fra veicoli in marcia;Rettilineo;Una carreggiata a doppio senso;Bagnato (umidità in atto);Asfaltata;Verticale ed orizzontale;Nuvoloso;Intenso;Sufficiente;;0;0;0;2;12.576;41.8355;-1;2;Autovettura privata;In marcia / fermata / arresto;Conducente;M;Illeso;0;;Non accertato;Inesploso
5069281;10;22/09/2020 08:20:00;Strada Urbana;VIA APPIA NUOVA;in prossimità;;del civico n.;1029;;Scontro laterale fra veicoli in marcia;Rettilineo;Più di due carreggiate;Bagnato (umidità in atto);Asfaltata;Verticale ed orizzontale;Nuvoloso;Intenso;Buona;;1;0;0;2;12.5557;41.8314;-1;1;Motociclo a solo;In marcia / fermata / arresto;Conducente;M;Rimandato;0;NON DECEDUTO;;
5069281;10;22/09/2020 08:20:00;Strada Urbana;VIA APPIA NUOVA;in prossimità;;del civico n.;1029;;Scontro laterale fra veicoli in marcia;Rettilineo;Più di due carreggiate;Bagnato (umidità in atto);Asfaltata;Verticale ed orizzontale;Nuvoloso;Intenso;Buona;;1;0;0;2;12.5557;41.8314;-1;2;Autocarro inferiore 35 q.;In marcia / fermata / arresto;Conducente;M;Illeso;0;;Non accertato;Inesploso
5069281;10;22/09/2020 08:20:00;Strada Urbana;VIA APPIA NUOVA;in prossimità;;del civico n.;1029;;Scontro laterale fra veicoli in marcia;Rettilineo;Più di due carreggiate;Bagnato (umidità in atto);Asfaltata;Verticale ed orizzontale;Nuvoloso;Intenso;Buona;;1;0;0;2;12.5557;41.8314;-1;2;Autocarro inferiore 35 q.;In marcia / fermata / arresto;Passeggero;M;Illeso;0;;Non accertato;Inesploso
5069292;1;22/09/2020 08:00:00;Strada Urbana;LUNGOTEVERE TESTACCIO;in prossimità;;del palo luce n.;60;;Veicolo in marcia contro ostacolo accidentale;Rettilineo;Una carreggiata a doppio senso;Viscido da liquidi oleosi;Asfaltata;Verticale ed orizzontale;Nuvoloso;Normale;Buona;;2;0;0;0;12.4707;41.8777;-1;1;Motociclo con passeggero;In marcia / fermata / arresto;Conducente;M;Rifiuta cure immediate;0;NON DECEDUTO;;
5069292;1;22/09/2020 08:00:00;Strada Urbana;LUNGOTEVERE TESTACCIO;in prossimità;;del palo luce n.;60;;Veicolo in marcia contro ostacolo accidentale;Rettilineo;Una carreggiata a doppio senso;Viscido da liquidi oleosi;Asfaltata;Verticale ed orizzontale;Nuvoloso;Normale;Buona;;2;0;0;0;12.4707;41.8777;-1;1;Motociclo con passeggero;In marcia / fermata / arresto;Passeggero;F;Rifiuta cure immediate;0;NON DECEDUTO;Non accertato;
5069311;1;17/09/2020 12:10:00;Strada Urbana;VIA EMANUELE FILIBERTO;all'intersezione con;VIA DOMENICO FONTANA;VIA DOMENICO FONTANA;;;Scontro laterale fra veicoli in marcia;Incrocio;Più di due carreggiate;Asciutto;Asfaltata;Verticale ed orizzontale;Sereno;Normale;Buona;;0;0;0;2;12.5079;41.8881;0;1;Autocarro inferiore 35 q.;In marcia / fermata / arresto;Conducente;M;Illeso;0;;Non accertato;Inesploso
5069311;1;17/09/2020 12:10:00;Strada Urbana;VIA EMANUELE FILIBERTO;all'intersezione con;VIA DOMENICO FONTANA;VIA DOMENICO FONTANA;;;Scontro laterale fra veicoli in marcia;Incrocio;Più di due carreggiate;Asciutto;Asfaltata;Verticale ed orizzontale;Sereno;Normale;Buona;;0;0;0;2;12.5079;41.8881;0;2;Autocarro inferiore 35 q.;In marcia / fermata / arresto;Conducente;M;Illeso;0;;Non accertato;Inesploso
5069318;10;22/09/2020 13:25:00;Strada Urbana;VIALE SPARTACO;all'intersezione semaforizzata con;VIA LUCIO SESTIO;VIA LUCIO SESTIO;;;Scontro frontale/laterale SX fra veicoli in marcia;Intersezione semaforizzata;Due carreggiate;Asciutto;Asfaltata;Verticale ed orizzontale;Sereno;Normale;Buona;;0;0;0;2;12.5553;41.8579;-1;1;Autovettura privata;In marcia / fermata / arresto;Conducente;F;Illeso;0;;Non accertato;Inesploso
5069318;10;22/09/2020 13:25:00;Strada Urbana;VIALE SPARTACO;all'intersezione semaforizzata con;VIA LUCIO SESTIO;VIA LUCIO SESTIO;;;Scontro frontale/laterale SX fra veicoli in marcia;Intersezione semaforizzata;Due carreggiate;Asciutto;Asfaltata;Verticale ed orizzontale;Sereno;Normale;Buona;;0;0;0;2;12.5553;41.8579;-1;2;Velocipede;In marcia / fermata / arresto;Conducente;F;Illeso;0;;Esente;
5069351;12;22/09/2020 08:35:00;Strada Urbana;VIA CRISTOFORO COLOMBO;da specificare;;;;PROSSIMITA' VIA DI MEZZOCAMMINO DIR OSTIA;Infortunio per caduta del veicolo;Rettilineo;Una carreggiata a senso unico di marcia;Bagnato (pioggia);Asfaltata;Verticale ed orizzontale;Nuvoloso;Normale;Sufficiente;;0;0;0;1;12.4355;41.7963;-1;1;Motociclo con passeggero;In marcia / fermata / arresto;Conducente;M;Illeso;0;;Utilizzato;
5069358;1;22/09/2020 15:20:00;Strada Urbana;TRAFORO UMBERTO I;da specificare;;;;INTERNO TRAFORO LATO VIA DEL TRAFORO;Infortunio per caduta del veicolo;Rettilineo;Una carreggiata a doppio senso;Asciutto;Acciotolata;Verticale ed orizzontale;Sereno;Normale;Buona;;1;0;0;0;12.4866;41.9019;0;1;Monopattino elettrico;In marcia / fermata / arresto;Conducente;F;Ricoverato;0;NON DECEDUTO;Non accertato;Inesistente
5069364;1;19/09/2020 20:00:00;Strada Urbana;VIA DEL TEATRO DI MARCELLO;in prossimità;;del palo luce n.;22;;Tamponamento Multiplo;Rettilineo;Una carreggiata a doppio senso;Asciutto;Acciotolata;Orizzontale;Sereno;Normale;Sufficiente;;0;0;0;4;12.4815;41.8933;-1;1;Autovettura privata;In marcia / fermata / arresto;Conducente;M;Illeso;0;;Non accertato;Inesploso
5069364;1;19/09/2020 20:00:00;Strada Urbana;VIA DEL TEATRO DI MARCELLO;in prossimità;;del palo luce n.;22;;Tamponamento Multiplo;Rettilineo;Una carreggiata a doppio senso;Asciutto;Acciotolata;Orizzontale;Sereno;Normale;Sufficiente;;0;0;0;4;12.4815;41.8933;-1;1;Autovettura privata;In marcia / fermata / arresto;Passeggero;M;Illeso;0;;Non accertato;Inesploso
5069364;1;19/09/2020 20:00:00;Strada Urbana;VIA DEL TEATRO DI MARCELLO;in prossimità;;del palo luce n.;22;;Tamponamento Multiplo;Rettilineo;Una carreggiata a doppio senso;Asciutto;Acciotolata;Orizzontale;Sereno;Normale;Sufficiente;;0;0;0;4;12.4815;41.8933;-1;2;Autovettura privata;In marcia / fermata / arresto;Conducente;M;Illeso;0;;Non accertato;Inesploso
5069364;1;19/09/2020 20:00:00;Strada Urbana;VIA DEL TEATRO DI MARCELLO;in prossimità;;del palo luce n.;22;;Tamponamento Multiplo;Rettilineo;Una carreggiata a doppio senso;Asciutto;Acciotolata;Orizzontale;Sereno;Normale;Sufficiente;;0;0;0;4;12.4815;41.8933;-1;3;Autovettura pubblica;In marcia / fermata / arresto;Conducente;M;Illeso;0;;Non accertato;Inesploso
5069413;1;21/09/2020 09:15:00;Strada Urbana;VIA GALILEI;all'intersezione con;VIA MERULANA;VIA MERULANA;;;Scontro frontale/laterale DX fra veicoli in marcia;Intersezione stradale segnalata;Una carreggiata a doppio senso;Asciutto;Asfaltata;Verticale ed orizzontale;Nuvoloso;Intenso;Buona;;0;0;0;2;12.5041;41.8905;-1;1;Autovettura privata;In marcia / fermata / arresto;Conducente;M;Illeso;0;;Non accertato;Inesploso
5069413;1;21/09/2020 09:15:00;Strada Urbana;VIA GALILEI;all'intersezione con;VIA MERULANA;VIA MERULANA;;;Scontro frontale/laterale DX fra veicoli in marcia;Intersezione stradale segnalata;Una carreggiata a doppio senso;Asciutto;Asfaltata;Verticale ed orizzontale;Nuvoloso;Intenso;Buona;;0;0;0;2;12.5041;41.8905;-1;2;Autovettura privata;In marcia / fermata / arresto;Conducente;M;Illeso;0;;Non accertato;Inesploso
5069429;1;22/09/2020 12:55:00;Strada Urbana;VIA D'AZEGLIO;in prossimità;;del civico n.;12;;Tamponamento;Rettilineo;Una carreggiata a senso unico di marcia;Asciutto;Asfaltata;Verticale ed orizzontale;Nuvoloso;Normale;Buona;;0;0;0;3;12.4982;41.9006;-1;1;Autovettura privata;In marcia / fermata / arresto;Conducente;M;Illeso;0;;Non accertato;Inesploso
5069429;1;22/09/2020 12:55:00;Strada Urbana;VIA D'AZEGLIO;in prossimità;;del civico n.;12;;Tamponamento;Rettilineo;Una carreggiata a senso unico di marcia;Asciutto;Asfaltata;Verticale ed orizzontale;Nuvoloso;Normale;Buona;;0;0;0;3;12.4982;41.9006;-1;1;Autovettura privata;In marcia / fermata / arresto;Passeggero;F;Illeso;0;;;
5069429;1;22/09/2020 12:55:00;Strada Urbana;VIA D'AZEGLIO;in prossimità;;del civico n.;12;;Tamponamento;Rettilineo;Una carreggiata a senso unico di marcia;Asciutto;Asfaltata;Verticale ed orizzontale;Nuvoloso;Normale;Buona;;0;0;0;3;12.4982;41.9006;-1;2;Autovettura privata;In marcia / fermata / arresto;Conducente;M;Illeso;0;;Non accertato;Inesploso
5069440;15;22/09/2020 08:20:00;Strada Urbana;VIA DELLA MAGLIANA;da specificare;;;;fronte civico 1173;Veicolo in marcia contro ostacolo fisso;Rettilineo;Una carreggiata a doppio senso;Bagnato (pioggia);Asfaltata;Orizzontale;Nuvoloso;Normale;Buona;;0;0;0;1;12.4196;41.8317;-1;1;Autovettura privata;In marcia / fermata / arresto;Conducente;F;Illeso;0;;;
5069463;15;22/09/2020 11:00:00;Strada Urbana;VIA PIETRO FRATTINI;da specificare;;;; prossimità palo luce n.42;Scontro frontale/laterale DX fra veicoli in marcia;Rettilineo;Più di due carreggiate;Asciutto;Asfaltata;Verticale ed orizzontale;Sereno;Normale;Buona;;0;0;0;3;12.4493;41.8505;-1;1;Autovettura privata;In marcia / fermata / arresto;Conducente;F;Illeso;0;;Non accertato;Inesploso
5069463;15;22/09/2020 11:00:00;Strada Urbana;VIA PIETRO FRATTINI;da specificare;;;; prossimità palo luce n.42;Scontro frontale/laterale DX fra veicoli in marcia;Rettilineo;Più di due carreggiate;Asciutto;Asfaltata;Verticale ed orizzontale;Sereno;Normale;Buona;;0;0;0;3;12.4493;41.8505;-1;1;Autovettura privata;In marcia / fermata / arresto;Passeggero;F;Illeso;0;;Non accertato;
5069463;15;22/09/2020 11:00:00;Strada Urbana;VIA PIETRO FRATTINI;da specificare;;;; prossimità palo luce n.42;Scontro frontale/laterale DX fra veicoli in marcia;Rettilineo;Più di due carreggiate;Asciutto;Asfaltata;Verticale ed orizzontale;Sereno;Normale;Buona;;0;0;0;3;12.4493;41.8505;-1;2;Autovettura privata;Sosta;;;;;;;
5069463;15;22/09/2020 11:00:00;Strada Urbana;VIA PIETRO FRATTINI;da specificare;;;; prossimità palo luce n.42;Scontro frontale/laterale DX fra veicoli in marcia;Rettilineo;Più di due carreggiate;Asciutto;Asfaltata;Verticale ed orizzontale;Sereno;Normale;Buona;;0;0;0;3;12.4493;41.8505;-1;3;Autovettura privata;In marcia / fermata / arresto;Conducente;M;Illeso;0;;Non accertato;
5069464;15;22/09/2020 16:20:00;Strada Urbana;VIA ANTONIO PACINOTTI;da specificare;;;;prox int.ne  Piazza della Radio ( lato parcheggio);Scontro laterale fra veicoli in marcia;Rettilineo;Una carreggiata a doppio senso;Asciutto;Asfaltata;Orizzontale;Sereno;Normale;Buona;;0;0;0;2;12.4675;41.871;-1;1;Autovettura privata;In marcia / fermata / arresto;Conducente;M;Illeso;0;;Non accertato;Inesploso
5069464;15;22/09/2020 16:20:00;Strada Urbana;VIA ANTONIO PACINOTTI;da specificare;;;;prox int.ne  Piazza della Radio ( lato parcheggio);Scontro laterale fra veicoli in marcia;Rettilineo;Una carreggiata a doppio senso;Asciutto;Asfaltata;Orizzontale;Sereno;Normale;Buona;;0;0;0;2;12.4675;41.871;-1;2;Autocarro superiore 35 q.;In marcia / fermata / arresto;Conducente;M;Illeso;0;;;