Protocollo;Gruppo;DataOraIncidente;Localizzazione1;STRADA1;Localizzazione2;STRADA2;Strada02;Chilometrica;DaSpecificare;NaturaIncidente;particolaritastrade;TipoStrada;FondoStradale;Pavimentazione;Segnaletica;CondizioneAtmosferica;Traffico;Visibilita;Illuminazione;NUM_FERITI;NUM_RISERVATA;NUM_MORTI;NUM_ILLESI;Longitude;Latitude;Confermato;Progressivo;TipoVeicolo;StatoVeicolo;TipoPersona;Sesso;Tipolesione;Deceduto;DecedutoDopo;CinturaCascoUtilizzato;Airbag;
5070251;10;22/09/2020 14:00:00;Strada Urbana;VIA LIVIO SALINATORE;all'intersezione con;VIA MESSALA CORVINO;VIA MESSALA CORVINO;;;Scontro frontale/laterale SX fra veicoli in marcia;Incrocio;Una carreggiata a senso unico di marcia;Asciutto;Asfaltata;Verticale;Sereno;Normale;Buona;;0;0;0;3;12.5586;41.8597;-1;2;Autovettura privata;In marcia / fermata / arresto;Conducente;F;Illeso;0;;;Inesploso
5070251;10;22/09/2020 14:00:00;Strada Urbana;VIA LIVIO SALINATORE;all'intersezione con;VIA MESSALA CORVINO;VIA MESSALA CORVINO;;;Scontro frontale/laterale SX fra veicoli in marcia;Incrocio;Una carreggiata a senso unico di marcia;Asciutto;Asfaltata;Verticale;Sereno;Normale;Buona;;0;0;0;3;12.5586;41.8597;-1;2;Autovettura privata;In marcia / fermata / arresto;Passeggero;M;Illeso;0;;;Inesploso
5070273;16;22/09/2020 15:20:00;Strada Urbana;VIA AURELIA ANTICA;all'intersezione con;LARGO DON LUIGI GUANELLA;LARGO DON LUIGI GUANELLA;;;Infortunio per sola frenata improvvisa;Intersezione semaforizzata;Una carreggiata a doppio senso;Asciutto;Asfaltata;Verticale ed orizzontale;Sereno;Normale;Buona;;0;0;0;4;12.435;41.8902;-1;1;Veicolo speciale;In marcia / fermata / arresto;Conducente;M;Illeso;0;;Non accertato;
5070273;16;22/09/2020 15:20:00;Strada Urbana;VIA AURELIA ANTICA;all'intersezione con;LARGO DON LUIGI GUANELLA;LARGO DON LUIGI GUANELLA;;;Infortunio per sola frenata improvvisa;Intersezione semaforizzata;Una carreggiata a doppio senso;Asciutto;Asfaltata;Verticale ed orizzontale;Sereno;Normale;Buona;;0;0;0;4;12.435;41.8902;-1;2;Motociclo a solo;In marcia / fermata / arresto;Conducente;M;Illeso;0;;Non accertato;
5070273;16;22/09/2020 15:20:00;Strada Urbana;VIA AURELIA ANTICA;all'intersezione con;LARGO DON LUIGI GUANELLA;LARGO DON LUIGI GUANELLA;;;Infortunio per sola frenata improvvisa;Intersezione semaforizzata;Una carreggiata a doppio senso;Asciutto;Asfaltata;Verticale ed orizzontale;Sereno;Normale;Buona;;0;0;0;4;12.435;41.8902;-1;3;Autovettura privata;In marcia / fermata / arresto;Conducente;M;Illeso;0;;Non accertato;
5070273;16;22/09/2020 15:20:00;Strada Urbana;VIA AURELIA ANTICA;all'intersezione con;LARGO DON LUIGI GUANELLA;LARGO DON LUIGI GUANELLA;;;Infortunio per sola frenata improvvisa;Intersezione semaforizzata;Una carreggiata a doppio senso;Asciutto;Asfaltata;Verticale ed orizzontale;Sereno;Normale;Buona;;0;0;0;4;12.435;41.8902;-1;3;Autovettura privata;In marcia / fermata / arresto;Passeggero;M;Illeso;0;;Non accertato;
5070321;10;22/09/2020 16:00:00;Strada Urbana;PIAZZA S. GIOVANNI BOSCO;da specificare;;;;FR. CHIESA DON BOSCO;Veicolo in marcia contro veicoli in sosta;Rotatoria;Una carreggiata a senso unico di marcia;Asciutto;Asfaltata;Verticale ed orizzontale;Sereno;Normale;Buona;;0;0;0;0;12.5634;41.8597;-1;1;Autovettura privata;Sosta;;;;;;;
5070321;10;22/09/2020 16:00:00;Strada Urbana;PIAZZA S. GIOVANNI BOSCO;da specificare;;;;FR. CHIESA DON BOSCO;Veicolo in marcia contro veicoli in sosta;Rotatoria;Una carreggiata a senso unico di marcia;Asciutto;Asfaltata;Verticale ed orizzontale;Sereno;Normale;Buona;;0;0;0;0;12.5634;41.8597;-1;2;Autovettura privata;Sosta;;;;;;;
5070345;10;22/09/2020 20:20:00;Strada Urbana;VIA ULDERICO MAZZOLANI;da specificare;;;;prossimità via Cisberto Vecchi;Investimento di pedone;Rettilineo;Due carreggiate;Asciutto;Asfaltata;Verticale ed orizzontale;Sereno;Normale;Insufficiente;;1;0;0;2;12.5924;41.847;-1;;;;Pedone;M;Rimandato;0;NON DECEDUTO;;
5070345;10;22/09/2020 20:20:00;Strada Urbana;VIA ULDERICO MAZZOLANI;da specificare;;;;prossimità via Cisberto Vecchi;Investimento di pedone;Rettilineo;Due carreggiate;Asciutto;Asfaltata;Verticale ed orizzontale;Sereno;Normale;Insufficiente;;1;0;0;2;12.5924;41.847;-1;1;Autovettura privata;In marcia / fermata / arresto;Conducente;M;Illeso;0;;Non accertato;Inesploso
5070345;10;22/09/2020 20:20:00;Strada Urbana;VIA ULDERICO MAZZOLANI;da specificare;;;;prossimità via Cisberto Vecchi;Investimento di pedone;Rettilineo;Due carreggiate;Asciutto;Asfaltata;Verticale ed orizzontale;Sereno;Normale;Insufficiente;;1;0;0;2;12.5924;41.847;-1;1;Autovettura privata;In marcia / fermata / arresto;Passeggero;F;Illeso;0;;Non accertato;Inesploso
5070372;1;23/09/2020 08:40:00;Strada Urbana;VIA DI S. SEBASTIANELLO;all'intersezione con;PIAZZA DI SPAGNA;PIAZZA DI SPAGNA;;;Investimento di pedone;Incrocio;Una carreggiata a senso unico di marcia;Asciutto;Acciotolata;Verticale ed orizzontale;Nuvoloso;Scarso;Insufficiente;;1;0;0;1;12.4826;41.9068;-1;;;;Pedone;F;Rifiuta cure immediate;0;NON DECEDUTO;;
5070372;1;23/09/2020 08:40:00;Strada Urbana;VIA DI S. SEBASTIANELLO;all'intersezione con;PIAZZA DI SPAGNA;PIAZZA DI SPAGNA;;;Investimento di pedone;Incrocio;Una carreggiata a senso unico di marcia;Asciutto;Acciotolata;Verticale ed orizzontale;Nuvoloso;Scarso;Insufficiente;;1;0;0;1;12.4826;41.9068;-1;1;Autovettura pubblica;In marcia / fermata / arresto;Conducente;M;Illeso;0;;Non accertato;Inesploso
5070448;1;23/09/2020 10:40:00;Strada Urbana;VIA DEL CIRCO MASSIMO;in corrispondenza;;del civico n.;9;;Investimento di pedone;Rettilineo;Una carreggiata a doppio senso;Bagnato (pioggia);Asfaltata;Verticale ed orizzontale;Nuvoloso;Normale;Buona;;2;0;0;0;12.4872;41.884;-1;;;;Pedone;F;Rimandato;0;NON DECEDUTO;;
5070448;1;23/09/2020 10:40:00;Strada Urbana;VIA DEL CIRCO MASSIMO;in corrispondenza;;del civico n.;9;;Investimento di pedone;Rettilineo;Una carreggiata a doppio senso;Bagnato (pioggia);Asfaltata;Verticale ed orizzontale;Nuvoloso;Normale;Buona;;2;0;0;0;12.4872;41.884;-1;1;Motociclo a solo;In marcia / fermata / arresto;Conducente;F;Rimandato;0;NON DECEDUTO;;
5070464;9;23/09/2020 06:35:00;Strada Urbana;PIAZZA LODI;da specificare;;;;fronte VIA GALLARATE;Scontro laterale fra veicoli in marcia;Rotatoria;Una carreggiata a senso unico di marcia;Bagnato (umidità in atto);Asfaltata;Verticale ed orizzontale;Nuvoloso;Normale;Buona;;0;0;0;2;12.5215;41.8873;-1;1;Autovettura privata;In marcia / fermata / arresto;Conducente;M;Illeso;0;;Non accertato;Inesploso
5070464;9;23/09/2020 06:35:00;Strada Urbana;PIAZZA LODI;da specificare;;;;fronte VIA GALLARATE;Scontro laterale fra veicoli in marcia;Rotatoria;Una carreggiata a senso unico di marcia;Bagnato (umidità in atto);Asfaltata;Verticale ed orizzontale;Nuvoloso;Normale;Buona;;0;0;0;2;12.5215;41.8873;-1;2;Autovettura privata;In marcia / fermata / arresto;Conducente;M;Illeso;0;;Non accertato;Inesploso
5070469;9;23/09/2020 08:30:00;;VIA APPIA NUOVA;in prossimità;;del civico n.;447;;Veicolo in marcia contro veicolo in sosta;;;;;;;;;;0;0;0;2;12.5251;41.8733;0;1;Autocarro inferiore 35 q.;In marcia / fermata / arresto;Conducente;M;Illeso;0;;Non accertato;Inesploso
5070469;9;23/09/2020 08:30:00;;VIA APPIA NUOVA;in prossimità;;del civico n.;447;;Veicolo in marcia contro veicolo in sosta;;;;;;;;;;0;0;0;2;12.5251;41.8733;0;2;Motociclo a solo;In marcia / fermata / arresto;Conducente;M;Illeso;0;;Non accertato;
5070498;1;23/09/2020 09:35:00;Strada Urbana;LUNGOTEVERE DEI FIORENTINI;all'intersezione semaforizzata con;PONTE VITTORIO EMANUELE II;PONTE VITTORIO EMANUELE II;;;Scontro frontale/laterale SX fra veicoli in marcia;Intersezione semaforizzata;Una carreggiata a senso unico di marcia;Bagnato (pioggia);Asfaltata;Verticale ed orizzontale;Pioggia in atto;Intenso;Buona;;1;0;0;1;12.4644;41.9003;-1;1;Motociclo a solo;In marcia / fermata / arresto;Conducente;M;Rimandato;0;NON DECEDUTO;;
5070498;1;23/09/2020 09:35:00;Strada Urbana;LUNGOTEVERE DEI FIORENTINI;all'intersezione semaforizzata con;PONTE VITTORIO EMANUELE II;PONTE VITTORIO EMANUELE II;;;Scontro frontale/laterale SX fra veicoli in marcia;Intersezione semaforizzata;Una carreggiata a senso unico di marcia;Bagnato (pioggia);Asfaltata;Verticale ed orizzontale;Pioggia in atto;Intenso;Buona;;1;0;0;1;12.4644;41.9003;-1;2;Autovettura privata;In marcia / fermata / arresto;Conducente;M;Illeso;0;;;
5070499;3;22/09/2020 06:45:00;Strada Urbana;VIA RODOLFO LANCIANI;all'intersezione con;PIAZZA GIOVANNI WINCKELMANN;PIAZZA GIOVANNI WINCKELMANN;;;Scontro frontale/laterale DX fra veicoli in marcia;Intersezione stradale segnalata;Una carreggiata a senso unico di marcia;Bagnato (pioggia);Asfaltata;Verticale ed orizzontale;Pioggia in atto;Intenso;Buona;;0;0;0;3;12.5223;41.9212;-1;1;Autovettura privata;In marcia / fermata / arresto;Conducente;M;Illeso;0;;Non accertato;Inesploso
5070499;3;22/09/2020 06:45:00;Strada Urbana;VIA RODOLFO LANCIANI;all'intersezione con;PIAZZA GIOVANNI WINCKELMANN;PIAZZA GIOVANNI WINCKELMANN;;;Scontro frontale/laterale DX fra veicoli in marcia;Intersezione stradale segnalata;Una carreggiata a senso unico di marcia;Bagnato (pioggia);Asfaltata;Verticale ed orizzontale;Pioggia in atto;Intenso;Buona;;0;0;0;3;12.5223;41.9212;-1;2;Autovettura privata;In marcia / fermata / arresto;Conducente;M;Illeso;0;;Non accertato;Inesploso
5070499;3;22/09/2020 06:45:00;Strada Urbana;VIA RODOLFO LANCIANI;all'intersezione con;PIAZZA GIOVANNI WINCKELMANN;PIAZZA GIOVANNI WINCKELMANN;;;Scontro frontale/laterale DX fra veicoli in marcia;Intersezione stradale segnalata;Una carreggiata a senso unico di marcia;Bagnato (pioggia);Asfaltata;Verticale ed orizzontale;Pioggia in atto;Intenso;Buona;;0;0;0;3;12.5223;41.9212;-1;3;Autovettura privata;In marcia / fermata / arresto;Conducente;M;Illeso;0;;Non accertato;Inesploso
5070512;3;22/09/2020 19:00:00;;VIALE IPPOCRATE;in prossimità;;del civico n.;73;;Tamponamento;;;;;;;;;;0;0;0;2;;;0;1;Autovettura privata;In marcia / fermata / arresto;Conducente;;Illeso;0;;;
5070512;3;22/09/2020 19:00:00;;VIALE IPPOCRATE;in prossimità;;del civico n.;73;;Tamponamento;;;;;;;;;;0;0;0;2;;;0;2;Autovettura privata;In marcia / fermata / arresto;Conducente;;Illeso;0;;;
5070540;3;23/09/2020 03:00:00;Strada Urbana;CIRCONVALLAZIONE TIBURTINA;da specificare;;;;direzione Salaria altezza rampa per l'A24;Veicolo in marcia contro ostacolo fisso;Rettilineo;Una carreggiata a senso unico di marcia;Asciutto;Asfaltata;Verticale;Nuvoloso;Scarso;Buona;;0;0;0;1;12.5303;41.9008;-1;1;Autovettura privata;In marcia / fermata / arresto;Conducente;M;Illeso;0;;Non accertato;
5070613;1;22/09/2020 18:05:00;Strada Urbana;VIA CESARE BATTISTI;in prossimità;;del civico n.;120/c;;Tamponamento;Rettilineo;Una carreggiata a doppio senso;Asciutto;In cubetti di porfido;Temporanea di cantiere;Nuvoloso;Intenso;Buona;;0;0;0;3;12.4829;41.8969;-1;1;Autovettura privata;In marcia / fermata / arresto;Conducente;M;Illeso;0;;Non accertato;Inesploso
5070613;1;22/09/2020 18:05:00;Strada Urbana;VIA CESARE BATTISTI;in prossimità;;del civico n.;120/c;;Tamponamento;Rettilineo;Una carreggiata a doppio senso;Asciutto;In cubetti di porfido;Temporanea di cantiere;Nuvoloso;Intenso;Buona;;0;0;0;3;12.4829;41.8969;-1;1;Autovettura privata;In marcia / fermata / arresto;Passeggero;M;Illeso;0;;Non accertato;Inesploso
5070613;1;22/09/2020 18:05:00;Strada Urbana;VIA CESARE BATTISTI;in prossimità;;del civico n.;120/c;;Tamponamento;Rettilineo;Una carreggiata a doppio senso;Asciutto;In cubetti di porfido;Temporanea di cantiere;Nuvoloso;Intenso;Buona;;0;0;0;3;12.4829;41.8969;-1;2;Autovettura privata;In marcia / fermata / arresto;Conducente;M;Illeso;0;;Non accertato;Inesploso
5070703;10;23/09/2020 13:35:00;Statale entro l'abitato;VIA APPIA NUOVA;da specificare;;;;sottopasso direzione Ciampino;Veicolo in marcia contro ostacolo fisso;Sottopasso illuminato;Due carreggiate;Bagnato (pioggia);Asfaltata;Verticale ed orizzontale;Pioggia in atto;Normale;Buona;;0;0;0;1;12.5764;41.8083;-1;1;Autovettura privata;In marcia / fermata / arresto;Conducente;F;Illeso;0;;Non accertato;Inesploso
5070737;17;23/09/2020 11:00:00;Strada Urbana;PIAZZA GIUSEPPE MAZZINI;all'intersezione con;VIALE GIUSEPPE MAZZINI;VIALE GIUSEPPE MAZZINI;;;Scontro laterale fra veicoli in marcia;Rotatoria;Una carreggiata a senso unico di marcia;Bagnato (pioggia);Asfaltata;Verticale ed orizzontale;Pioggia in atto;Normale;Buona;;1;0;0;1;12.4641;41.9161;-1;1;Autovettura privata;In marcia / fermata / arresto;Conducente;F;Illeso;0;;;
5070737;17;23/09/2020 11:00:00;Strada Urbana;PIAZZA GIUSEPPE MAZZINI;all'intersezione con;VIALE GIUSEPPE MAZZINI;VIALE GIUSEPPE MAZZINI;;;Scontro laterale fra veicoli in marcia;Rotatoria;Una carreggiata a senso unico di marcia;Bagnato (pioggia);Asfaltata;Verticale ed orizzontale;Pioggia in atto;Normale;Buona;;1;0;0;1;12.4641;41.9161;-1;2;Motociclo a solo;In marcia / fermata / arresto;Conducente;M;Rimandato;0;NON DECEDUTO;;
5070747;6;23/09/2020 12:50:00;Strada Urbana;VIA DEL PIGNETO;all'intersezione con;VIA ALFONSO ANTONINI;VIA ALFONSO ANTONINI;;;Scontro frontale/laterale DX fra veicoli in marcia;Incrocio;Una carreggiata a senso unico di marcia;Bagnato (pioggia);Asfaltata;Verticale ed orizzontale;Pioggia in atto;Normale;Buona;;0;0;0;2;12.5423;41.8866;-1;1;Autovettura privata;In marcia / fermata / arresto;Conducente;M;Illeso;0;;;
5070747;6;23/09/2020 12:50:00;Strada Urbana;VIA DEL PIGNETO;all'intersezione con;VIA ALFONSO ANTONINI;VIA ALFONSO ANTONINI;;;Scontro frontale/laterale DX fra veicoli in marcia;Incrocio;Una carreggiata a senso unico di marcia;Bagnato (pioggia);Asfaltata;Verticale ed orizzontale;Pioggia in atto;Normale;Buona;;0;0;0;2;12.5423;41.8866;-1;2;Autovettura privata;In marcia / fermata / arresto;Conducente;M;Illeso;0;;;
5070752;1;23/09/2020 10:50:00;Strada Urbana;VIALE AVENTINO;all'intersezione con;VIA AVENTINA;VIA AVENTINA;;;Scontro frontale/laterale DX fra veicoli in marcia;Incrocio;Più di due carreggiate;Bagnato (umidità in atto);In cubetti di porfido;Verticale ed orizzontale;Nuvoloso;Normale;Buona;;4;0;0;0;12.4865;41.8822;-1;1;Autovettura privata;In marcia / fermata / arresto;Conducente;M;Rimandato;0;NON DECEDUTO;Non accertato;Esploso
5070752;1;23/09/2020 10:50:00;Strada Urbana;VIALE AVENTINO;all'intersezione con;VIA AVENTINA;VIA AVENTINA;;;Scontro frontale/laterale DX fra veicoli in marcia;Incrocio;Più di due carreggiate;Bagnato (umidità in atto);In cubetti di porfido;Verticale ed orizzontale;Nuvoloso;Normale;Buona;;4;0;0;0;12.4865;41.8822;-1;1;Autovettura privata;In marcia / fermata / arresto;Passeggero;F;Rimandato;0;NON DECEDUTO;Non accertato;Esploso
5070752;1;23/09/2020 10:50:00;Strada Urbana;VIALE AVENTINO;all'intersezione con;VIA AVENTINA;VIA AVENTINA;;;Scontro frontale/laterale DX fra veicoli in marcia;Incrocio;Più di due carreggiate;Bagnato (umidità in atto);In cubetti di porfido;Verticale ed orizzontale;Nuvoloso;Normale;Buona;;4;0;0;0;12.4865;41.8822;-1;2;Autovettura privata;In marcia / fermata / arresto;Conducente;M;Rimandato;0;NON DECEDUTO;Non accertato;Inesploso
5070752;1;23/09/2020 10:50:00;Strada Urbana;VIALE AVENTINO;all'intersezione con;VIA AVENTINA;VIA AVENTINA;;;Scontro frontale/laterale DX fra veicoli in marcia;Incrocio;Più di due carreggiate;Bagnato (umidità in atto);In cubetti di porfido;Verticale ed orizzontale;Nuvoloso;Normale;Buona;;4;0;0;0;12.4865;41.8822;-1;2;Autovettura privata;In marcia / fermata / arresto;Passeggero;F;Rimandato;0;NON DECEDUTO;Non accertato;Esploso
5070858;10;23/09/2020 14:55:00;Strada Urbana;VIA TUSCOLANA;in corrispondenza;;del civico n.;987;;Tamponamento;Rettilineo;Due carreggiate;Asciutto;Asfaltata;Verticale ed orizzontale;Sereno;Normale;Buona;;0;0;0;2;12.5666;41.8547;-1;1;Autovettura privata;In marcia / fermata / arresto;Conducente;M;Illeso;0;;Non accertato;Inesploso
5070858;10;23/09/2020 14:55:00;Strada Urbana;VIA TUSCOLANA;in corrispondenza;;del civico n.;987;;Tamponamento;Rettilineo;Due carreggiate;Asciutto;Asfaltata;Verticale ed orizzontale;Sereno;Normale;Buona;;0;0;0;2;12.5666;41.8547;-1;2;Autovettura privata;In marcia / fermata / arresto;Conducente;M;Illeso;0;;Non accertato;Inesploso
5070904;12;16/09/2020 16:05:00;Regionale;VIA PONTINA;da specificare;;;;KM 16 DIREZIONE ROMA;Veicolo in marcia contro ostacolo accidentale;Rettilineo;Due carreggiate;Asciutto;Asfaltata;Verticale ed orizzontale;Sereno;Normale;Buona;;0;0;0;1;12.4522;41.7941;-1;1;Autovettura privata;In marcia / fermata / arresto;Conducente;M;Illeso;0;;;
5070922;18;23/09/2020 14:30:00;Statale;VIA AURELIA;in prossimità;;della chilometrica;10.8;;Veicolo in marcia contro ostacolo fisso;Curva senza visuale libera;Due carreggiate;Bagnato (pioggia);Asfaltata;Verticale ed orizzontale;Nuvoloso;Normale;Buona;;1;0;0;0;12.4012;41.8861;-1;1;Autovettura privata;In marcia / fermata / arresto;Conducente;F;Rimandato;0;NON DECEDUTO;Non accertato;Inesploso
5070939;12;16/09/2020 16:15:00;Regionale;VIA PONTINA;da specificare;;;;km 16 direzione Roma;Veicolo in marcia contro ostacolo accidentale;Rettilineo;Due carreggiate;Asciutto;Asfaltata;Verticale ed orizzontale;Sereno;Normale;Buona;;0;0;0;1;12.4522;41.7941;-1;1;Autovettura privata;In marcia / fermata / arresto;Conducente;F;Illeso;0;;Utilizzato;
5070954;18;23/09/2020 11:05:00;Strada Urbana;PIAZZA PIO XI;in prossimità;;del civico n.;48;;Investimento di pedone;Rettilineo;Più di due carreggiate;Bagnato (pioggia);Asfaltata;Verticale ed orizzontale;Pioggia in atto;Normale;Sufficiente;;1;0;0;1;12.4382;41.8953;-1;;;;Pedone;F;Ricoverato;0;NON DECEDUTO;;
5070954;18;23/09/2020 11:05:00;Strada Urbana;PIAZZA PIO XI;in prossimità;;del civico n.;48;;Investimento di pedone;Rettilineo;Più di due carreggiate;Bagnato (pioggia);Asfaltata;Verticale ed orizzontale;Pioggia in atto;Normale;Sufficiente;;1;0;0;1;12.4382;41.8953;-1;1;Autovettura privata;In marcia / fermata / arresto;Conducente;M;Illeso;0;;;
5070957;10;23/09/2020 15:45:00;Strada Urbana;VIA DEL QUADRARO;in prossimità;;del civico n.;21;;Veicolo in marcia contro veicoli in sosta;Rettilineo;Due carreggiate;Asciutto;Asfaltata;Verticale ed orizzontale;Sereno;Normale;Buona;;1;0;0;1;12.5538;41.8584;-1;1;Autovettura privata;In marcia / fermata / arresto;Conducente;M;Illeso;0;;Non accertato;Inesploso
5070957;10;23/09/2020 15:45:00;Strada Urbana;VIA DEL QUADRARO;in prossimità;;del civico n.;21;;Veicolo in marcia contro veicoli in sosta;Rettilineo;Due carreggiate;Asciutto;Asfaltata;Verticale ed orizzontale;Sereno;Normale;Buona;;1;0;0;1;12.5538;41.8584;-1;1;Autovettura privata;In marcia / fermata / arresto;Passeggero;F;Rimandato;0;NON DECEDUTO;Non accertato;Inesploso
5070957;10;23/09/2020 15:45:00;Strada Urbana;VIA DEL QUADRARO;in prossimità;;del civico n.;21;;Veicolo in marcia contro veicoli in sosta;Rettilineo;Due carreggiate;Asciutto;Asfaltata;Verticale ed orizzontale;Sereno;Normale;Buona;;1;0;0;1;12.5538;41.8584;-1;2;Autovettura privata;Sosta;;;;;;;
5070957;10;23/09/2020 15:45:00;Strada Urbana;VIA DEL QUADRARO;in prossimità;;del civico n.;21;;Veicolo in marcia contro veicoli in sosta;Rettilineo;Due carreggiate;Asciutto;Asfaltata;Verticale ed orizzontale;Sereno;Normale;Buona;;1;0;0;1;12.5538;41.8584;-1;3;Autovettura privata;Sosta;;;;;;;
5070957;10;23/09/2020 15:45:00;Strada Urbana;VIA DEL QUADRARO;in prossimità;;del civico n.;21;;Veicolo in marcia contro veicoli in sosta;Rettilineo;Due carreggiate;Asciutto;Asfaltata;Verticale ed orizzontale;Sereno;Normale;Buona;;1;0;0;1;12.5538;41.8584;-1;4;Autovettura privata;Sosta;;;;;;;
5070988;2;23/09/2020 12:30:00;Strada Urbana;VIALE DEL MURO TORTO;in corrispondenza;;del palo luce n.;13;;Tamponamento;Curva a visuale libera;Due carreggiate;Bagnato (pioggia);Asfaltata;Orizzontale;Pioggia in atto;Normale;Buona;;2;0;0;0;12.4817;41.9107;-1;1;Motociclo a solo;In marcia / fermata / arresto;Conducente;F;Ricoverato;0;NON DECEDUTO;;
5070988;2;23/09/2020 12:30:00;Strada Urbana;VIALE DEL MURO TORTO;in corrispondenza;;del palo luce n.;13;;Tamponamento;Curva a visuale libera;Due carreggiate;Bagnato (pioggia);Asfaltata;Orizzontale;Pioggia in atto;Normale;Buona;;2;0;0;0;12.4817;41.9107;-1;2;Motociclo a solo;In marcia / fermata / arresto;Conducente;M;Rifiuta cure immediate;0;NON DECEDUTO;;
5071061;9;23/09/2020 10:20:00;Strada Urbana;VIA LUIGI TOSTI;da specificare;;;;prossimità VIA GIUSEPPE MANNO;Veicolo in marcia contro veicolo in sosta;Rettilineo;Una carreggiata a senso unico di marcia;Asciutto;Asfaltata;Verticale ed orizzontale;Nuvoloso;Normale;Buona;;0;0;0;2;12.5189;41.8728;-1;1;Trattore stradale;In marcia / fermata / arresto;Conducente;M;Illeso;0;;Non accertato;Inesploso
5071061;9;23/09/2020 10:20:00;Strada Urbana;VIA LUIGI TOSTI;da specificare;;;;prossimità VIA GIUSEPPE MANNO;Veicolo in marcia contro veicolo in sosta;Rettilineo;Una carreggiata a senso unico di marcia;Asciutto;Asfaltata;Verticale ed orizzontale;Nuvoloso;Normale;Buona;;0;0;0;2;12.5189;41.8728;-1;2;Altro;In marcia / fermata / arresto;Conducente;M;Illeso;0;;;
5071061;9;23/09/2020 10:20:00;Strada Urbana;VIA LUIGI TOSTI;da specificare;;;;prossimità VIA GIUSEPPE MANNO;Veicolo in marcia contro veicolo in sosta;Rettilineo;Una carreggiata a senso unico di marcia;Asciutto;Asfaltata;Verticale ed orizzontale;Nuvoloso;Normale;Buona;;0;0;0;2;12.5189;41.8728;-1;3;Autovettura privata;Sosta;;;;;;;
5071118;17;23/09/2020 09:55:00;Strada Urbana;VIA SANTAMAURA;da specificare;;;;fronte civico 1;Investimento di pedone;Pendenza;Una carreggiata a doppio senso;Bagnato (umidità in atto);In cubetti di porfido;Verticale ed orizzontale;Nuvoloso;Normale;Buona;;1;0;0;1;12.4538;41.9083;-1;;;;Pedone;M;Rimandato;0;NON DECEDUTO;;
5071118;17;23/09/2020 09:55:00;Strada Urbana;VIA SANTAMAURA;da specificare;;;;fronte civico 1;Investimento di pedone;Pendenza;Una carreggiata a doppio senso;Bagnato (umidità in atto);In cubetti di porfido;Verticale ed orizzontale;Nuvoloso;Normale;Buona;;1;0;0;1;12.4538;41.9083;-1;1;Autovettura privata;In marcia / fermata / arresto;Conducente;F;Illeso;0;;;
5071124;13;23/09/2020 11:45:00;Strada Urbana;VIA DI MACCHIA SAPONARA;all'intersezione semaforizzata con;VIA DI MACCHIA PALOCCO;VIA DI MACCHIA PALOCCO;;;Scontro frontale/laterale DX fra veicoli in marcia;Incrocio;Una carreggiata a doppio senso;Bagnato (pioggia);Asfaltata;Verticale;Nuvoloso;Intenso;Buona;;0;0;0;2;12.3555;41.7708;-1;1;Autovettura privata;In marcia / fermata / arresto;Conducente;M;Illeso;0;;Non accertato;Inesploso
5071124;13;23/09/2020 11:45:00;Strada Urbana;VIA DI MACCHIA SAPONARA;all'intersezione semaforizzata con;VIA DI MACCHIA PALOCCO;VIA DI MACCHIA PALOCCO;;;Scontro frontale/laterale DX fra veicoli in marcia;Incrocio;Una carreggiata a doppio senso;Bagnato (pioggia);Asfaltata;Verticale;Nuvoloso;Intenso;Buona;;0;0;0;2;12.3555;41.7708;-1;2;Autovettura privata;In marcia / fermata / arresto;Conducente;M;Illeso;0;;Non accertato;Inesploso
5071214;10;23/09/2020 18:20:00;Strada Urbana;VIA BIAGIO PETROCELLI;all'intersezione con;VIA ALFREDO ASCOLI;VIA ALFREDO ASCOLI;;;Scontro frontale/laterale DX fra veicoli in marcia;Intersezione stradale segnalata;Due carreggiate;Asciutto;Asfaltata;Verticale ed orizzontale;Sereno;Normale;Buona;;0;0;0;2;12.6065;41.837;-1;1;Autovettura privata;In marcia / fermata / arresto;Conducente;M;Illeso;0;;Non accertato;Inesploso
5071214;10;23/09/2020 18:20:00;Strada Urbana;VIA BIAGIO PETROCELLI;all'intersezione con;VIA ALFREDO ASCOLI;VIA ALFREDO ASCOLI;;;Scontro frontale/laterale DX fra veicoli in marcia;Intersezione stradale segnalata;Due carreggiate;Asciutto;Asfaltata;Verticale ed orizzontale;Sereno;Normale;Buona;;0;0;0;2;12.6065;41.837;-1;2;Autovettura privata;In marcia / fermata / arresto;Conducente;M;Illeso;0;;Non accertato;Inesploso
5071238;12;23/09/2020 10:20:00;Strada Urbana;VIA CRISTOFORO COLOMBO;da specificare;;;;alt. palo ACEA 356, svincolo Via del Pattinaggio;Infortunio per sola frenata improvvisa;Rettilineo;Più di due carreggiate;Bagnato (pioggia);Asfaltata;Verticale ed orizzontale;Nuvoloso;Normale;Buona;;0;0;0;1;12.4729;41.8414;-1;1;Autovettura privata;In marcia / fermata / arresto;Conducente;F;Illeso;0;;Non accertato;Inesploso
5071245;18;23/09/2020 18:35:00;Strada Urbana;VIA BALDO DEGLI UBALDI;in corrispondenza;;del civico n.;348;;Tamponamento Multiplo;Rettilineo;Due carreggiate;Bagnato (pioggia);Asfaltata;Verticale ed orizzontale;Pioggia in atto;Normale;Sufficiente;;2;0;0;2;12.4402;41.9021;-1;1;Autovettura privata;In marcia / fermata / arresto;Conducente;M;Rimandato;0;NON DECEDUTO;;