Protocollo;Gruppo;DataOraIncidente;Localizzazione1;STRADA1;Localizzazione2;STRADA2;Strada02;Chilometrica;DaSpecificare;NaturaIncidente;particolaritastrade;TipoStrada;FondoStradale;Pavimentazione;Segnaletica;CondizioneAtmosferica;Traffico;Visibilita;Illuminazione;NUM_FERITI;NUM_RISERVATA;NUM_MORTI;NUM_ILLESI;Longitude;Latitude;Confermato;Progressivo;TipoVeicolo;StatoVeicolo;TipoPersona;Sesso;Tipolesione;Deceduto;DecedutoDopo;CinturaCascoUtilizzato;Airbag;
5076822;20;27/09/2020 02:30:00;Strada Urbana;VIA MARIO FANI;all'intersezione con;VIA STRESA;VIA STRESA;;;Scontro frontale/laterale DX fra veicoli in marcia;Incrocio;Una carreggiata a doppio senso;Bagnato (pioggia);Asfaltata;Verticale ed orizzontale;Pioggia in atto;Scarso;Buona;;0;0;0;3;12.4413;41.9377;-1;1;Autovettura privata;In marcia / fermata / arresto;Passeggero;F;Illeso;0;;Non accertato;Inesploso
5076822;20;27/09/2020 02:30:00;Strada Urbana;VIA MARIO FANI;all'intersezione con;VIA STRESA;VIA STRESA;;;Scontro frontale/laterale DX fra veicoli in marcia;Incrocio;Una carreggiata a doppio senso;Bagnato (pioggia);Asfaltata;Verticale ed orizzontale;Pioggia in atto;Scarso;Buona;;0;0;0;3;12.4413;41.9377;-1;2;Autovettura privata;In marcia / fermata / arresto;Conducente;M;Illeso;0;;Non accertato;Inesploso
5076827;13;26/09/2020 12:30:00;Provinciale entro l'abitato;VIA DEL MARE;da specificare;;;;direzione roma km 26,400;Tamponamento;Rettilineo;Una carreggiata a doppio senso;Bagnato (pioggia);Asfaltata;Verticale ed orizzontale;Nuvoloso;Normale;Buona;;0;0;0;5;12.3048;41.7604;-1;1;Autovettura privata;In marcia / fermata / arresto;Conducente;M;Illeso;0;;Non accertato;Inesploso
5076827;13;26/09/2020 12:30:00;Provinciale entro l'abitato;VIA DEL MARE;da specificare;;;;direzione roma km 26,400;Tamponamento;Rettilineo;Una carreggiata a doppio senso;Bagnato (pioggia);Asfaltata;Verticale ed orizzontale;Nuvoloso;Normale;Buona;;0;0;0;5;12.3048;41.7604;-1;1;Autovettura privata;In marcia / fermata / arresto;Passeggero;F;Illeso;0;;Non accertato;Inesploso
5076827;13;26/09/2020 12:30:00;Provinciale entro l'abitato;VIA DEL MARE;da specificare;;;;direzione roma km 26,400;Tamponamento;Rettilineo;Una carreggiata a doppio senso;Bagnato (pioggia);Asfaltata;Verticale ed orizzontale;Nuvoloso;Normale;Buona;;0;0;0;5;12.3048;41.7604;-1;1;Autovettura privata;In marcia / fermata / arresto;Passeggero;F;Illeso;0;;Non accertato;Inesploso
5076827;13;26/09/2020 12:30:00;Provinciale entro l'abitato;VIA DEL MARE;da specificare;;;;direzione roma km 26,400;Tamponamento;Rettilineo;Una carreggiata a doppio senso;Bagnato (pioggia);Asfaltata;Verticale ed orizzontale;Nuvoloso;Normale;Buona;;0;0;0;5;12.3048;41.7604;-1;2;Autovettura privata;In marcia / fermata / arresto;Conducente;M;Illeso;0;;Non accertato;Inesploso
5076827;13;26/09/2020 12:30:00;Provinciale entro l'abitato;VIA DEL MARE;da specificare;;;;direzione roma km 26,400;Tamponamento;Rettilineo;Una carreggiata a doppio senso;Bagnato (pioggia);Asfaltata;Verticale ed orizzontale;Nuvoloso;Normale;Buona;;0;0;0;5;12.3048;41.7604;-1;2;Autovettura privata;In marcia / fermata / arresto;Passeggero;F;Illeso;0;;Non accertato;Inesploso
5076831;9;26/09/2020 03:50:00;Strada Urbana;VIA APPIA NUOVA;in prossimità;;del civico n.;570/C;;Veicolo in marcia contro veicoli in sosta;Rettilineo;Più di due carreggiate;Bagnato (umidità in atto);Asfaltata;Verticale ed orizzontale;Nuvoloso;Scarso;Sufficiente;;0;0;0;0;12.5277;41.8706;-1;1;Altro;Allontanatosi;;;;;;;
5076831;9;26/09/2020 03:50:00;Strada Urbana;VIA APPIA NUOVA;in prossimità;;del civico n.;570/C;;Veicolo in marcia contro veicoli in sosta;Rettilineo;Più di due carreggiate;Bagnato (umidità in atto);Asfaltata;Verticale ed orizzontale;Nuvoloso;Scarso;Sufficiente;;0;0;0;0;12.5277;41.8706;-1;2;Autovettura privata;Sosta;;;;;;;
5076831;9;26/09/2020 03:50:00;Strada Urbana;VIA APPIA NUOVA;in prossimità;;del civico n.;570/C;;Veicolo in marcia contro veicoli in sosta;Rettilineo;Più di due carreggiate;Bagnato (umidità in atto);Asfaltata;Verticale ed orizzontale;Nuvoloso;Scarso;Sufficiente;;0;0;0;0;12.5277;41.8706;-1;3;Autovettura privata;Sosta;;;;;;;
5076845;9;26/09/2020 07:35:00;Strada Urbana;VIA CERVETERI;in corrispondenza;;del civico n.;11;;Veicolo in marcia contro ostacolo fisso;Rettilineo;Due carreggiate;Viscido da liquidi oleosi;Asfaltata;Verticale ed orizzontale;Nuvoloso;Scarso;Buona;;1;0;0;0;12.513;41.8815;-1;1;Motociclo a solo;In marcia / fermata / arresto;Conducente;M;Rimandato;0;NON DECEDUTO;Non accertato;
5076849;9;26/09/2020 22:50:00;Strada Urbana;PIAZZA TARQUINIA;all'intersezione con;VIA GABI;VIA GABI;;;Scontro laterale fra veicoli in marcia;Intersezione semaforizzata;Due carreggiate;Bagnato (umidità in atto);Asfaltata;Verticale ed orizzontale;Nuvoloso;Normale;Sufficiente;;2;0;0;2;12.5098;41.8811;-1;1;Autovettura privata;In marcia / fermata / arresto;Conducente;M;Rimandato;0;NON DECEDUTO;Non accertato;Esploso
5076849;9;26/09/2020 22:50:00;Strada Urbana;PIAZZA TARQUINIA;all'intersezione con;VIA GABI;VIA GABI;;;Scontro laterale fra veicoli in marcia;Intersezione semaforizzata;Due carreggiate;Bagnato (umidità in atto);Asfaltata;Verticale ed orizzontale;Nuvoloso;Normale;Sufficiente;;2;0;0;2;12.5098;41.8811;-1;1;Autovettura privata;In marcia / fermata / arresto;Passeggero;F;Illeso;0;;Non accertato;Inesploso
5076849;9;26/09/2020 22:50:00;Strada Urbana;PIAZZA TARQUINIA;all'intersezione con;VIA GABI;VIA GABI;;;Scontro laterale fra veicoli in marcia;Intersezione semaforizzata;Due carreggiate;Bagnato (umidità in atto);Asfaltata;Verticale ed orizzontale;Nuvoloso;Normale;Sufficiente;;2;0;0;2;12.5098;41.8811;-1;1;Autovettura privata;In marcia / fermata / arresto;Passeggero;F;Rimandato;0;NON DECEDUTO;Non accertato;Inesploso
5076849;9;26/09/2020 22:50:00;Strada Urbana;PIAZZA TARQUINIA;all'intersezione con;VIA GABI;VIA GABI;;;Scontro laterale fra veicoli in marcia;Intersezione semaforizzata;Due carreggiate;Bagnato (umidità in atto);Asfaltata;Verticale ed orizzontale;Nuvoloso;Normale;Sufficiente;;2;0;0;2;12.5098;41.8811;-1;2;Autovettura privata;In marcia / fermata / arresto;Conducente;M;Illeso;0;;Non accertato;Inesploso
5076859;13;26/09/2020 20:00:00;Strada Urbana;VIALE DI CASTEL PORZIANO;all'intersezione con;VIA ANGELO MARIANI;VIA ANGELO MARIANI;;;Scontro frontale/laterale SX fra veicoli in marcia;Incrocio;Una carreggiata a doppio senso;Asciutto;Asfaltata;Orizzontale;Sereno;Normale;Buona;;0;0;0;2;12.3725;41.7385;-1;1;Autovettura privata;In marcia / fermata / arresto;Conducente;M;Illeso;0;;;
5076859;13;26/09/2020 20:00:00;Strada Urbana;VIALE DI CASTEL PORZIANO;all'intersezione con;VIA ANGELO MARIANI;VIA ANGELO MARIANI;;;Scontro frontale/laterale SX fra veicoli in marcia;Incrocio;Una carreggiata a doppio senso;Asciutto;Asfaltata;Orizzontale;Sereno;Normale;Buona;;0;0;0;2;12.3725;41.7385;-1;2;Autovettura privata;In marcia / fermata / arresto;Conducente;M;Illeso;0;;;
5076860;2;25/09/2020 18:15:00;Strada Urbana;VIA FILIPPO MARCHETTI;in corrispondenza;;del civico n.;14;;Veicolo in marcia contro ostacolo accidentale;Rettilineo;Una carreggiata a senso unico di marcia;Bagnato (pioggia);Asfaltata;Verticale ed orizzontale;Pioggia in atto;Normale;Buona;;0;0;0;2;12.5162;41.9364;-1;1;Quadriciclo;In marcia / fermata / arresto;Conducente;F;Illeso;0;;Non accertato;Inesploso
5076860;2;25/09/2020 18:15:00;Strada Urbana;VIA FILIPPO MARCHETTI;in corrispondenza;;del civico n.;14;;Veicolo in marcia contro ostacolo accidentale;Rettilineo;Una carreggiata a senso unico di marcia;Bagnato (pioggia);Asfaltata;Verticale ed orizzontale;Pioggia in atto;Normale;Buona;;0;0;0;2;12.5162;41.9364;-1;1;Quadriciclo;In marcia / fermata / arresto;Passeggero;F;Illeso;0;;Non accertato;Inesploso
5076863;10;27/09/2020 09:15:00;Strada Urbana;VIA FABRIZIO LUSCINO;all'intersezione con;VIA CURIO DENTATO;VIA CURIO DENTATO;;;Scontro laterale fra veicoli in marcia;Incrocio;Due carreggiate;Bagnato (pioggia);Asfaltata;Verticale ed orizzontale;Nuvoloso;Normale;Buona;;0;0;0;2;12.555;41.8564;-1;1;Autovettura privata;In marcia / fermata / arresto;Conducente;M;Illeso;0;;Non accertato;Inesploso
5076863;10;27/09/2020 09:15:00;Strada Urbana;VIA FABRIZIO LUSCINO;all'intersezione con;VIA CURIO DENTATO;VIA CURIO DENTATO;;;Scontro laterale fra veicoli in marcia;Incrocio;Due carreggiate;Bagnato (pioggia);Asfaltata;Verticale ed orizzontale;Nuvoloso;Normale;Buona;;0;0;0;2;12.555;41.8564;-1;2;Monopattino elettrico;In marcia / fermata / arresto;Conducente;F;Illeso;0;;Non accertato;Inesistente
5076875;20;26/09/2020 07:30:00;Strada Urbana;VIA JONAS EDWARD SALK;da specificare;;;;PROSS.Tà FERMATA BUS 022  N75361;Fuoriuscita dalla sede stradale;Rettilineo;Una carreggiata a doppio senso;Bagnato (umidità in atto);Asfaltata;Orizzontale;Nuvoloso;Scarso;Sufficiente;;0;0;0;1;12.4854;41.9857;-1;1;Autovettura privata;In marcia / fermata / arresto;Conducente;M;Illeso;0;;;
5076877;2;25/09/2020 18:30:00;Strada Urbana;VIA DI NOVELLA;in prossimità;;del civico n.;16;;Veicolo in marcia contro ostacolo accidentale;Pendenza;Una carreggiata a doppio senso;Asciutto;Asfaltata;Verticale ed orizzontale;Nuvoloso;Normale;Buona;;0;0;0;2;12.5114;41.9297;-1;1;Ciclomotore;In marcia / fermata / arresto;Conducente;F;Illeso;0;;;
5076877;2;25/09/2020 18:30:00;Strada Urbana;VIA DI NOVELLA;in prossimità;;del civico n.;16;;Veicolo in marcia contro ostacolo accidentale;Pendenza;Una carreggiata a doppio senso;Asciutto;Asfaltata;Verticale ed orizzontale;Nuvoloso;Normale;Buona;;0;0;0;2;12.5114;41.9297;-1;1;Ciclomotore;In marcia / fermata / arresto;Passeggero;F;Illeso;0;;;
5076889;13;26/09/2020 23:05:00;Strada Urbana;VIA DELLE GONDOLE;all'intersezione con;VIA DEL MARE;VIA DEL MARE;;;Scontro laterale fra veicoli in marcia;Incrocio;Una carreggiata a senso unico di marcia;Bagnato (umidità in atto);Asfaltata;Verticale ed orizzontale;Nuvoloso;Scarso;Buona;;0;0;0;2;12.2797;41.7344;-1;1;Autocarro superiore 35 q.;In marcia / fermata / arresto;Conducente;M;Illeso;0;;Non accertato;Inesploso
5076889;13;26/09/2020 23:05:00;Strada Urbana;VIA DELLE GONDOLE;all'intersezione con;VIA DEL MARE;VIA DEL MARE;;;Scontro laterale fra veicoli in marcia;Incrocio;Una carreggiata a senso unico di marcia;Bagnato (umidità in atto);Asfaltata;Verticale ed orizzontale;Nuvoloso;Scarso;Buona;;0;0;0;2;12.2797;41.7344;-1;2;Autovettura privata;In marcia / fermata / arresto;Conducente;F;Illeso;0;;;Inesploso
5076911;6;27/09/2020 09:25:00;Strada Urbana;VIALE FILARETE;all'intersezione con;VIA GALEAZZO ALESSI;VIA GALEAZZO ALESSI;;;Scontro frontale/laterale DX fra veicoli in marcia;Incrocio;Due carreggiate;Bagnato (pioggia);Asfaltata;Verticale ed orizzontale;Pioggia in atto;Normale;Buona;;0;0;0;5;12.5386;41.8794;-1;1;Autovettura privata;In marcia / fermata / arresto;Conducente;F;Illeso;0;;Non accertato;Inesploso
5076911;6;27/09/2020 09:25:00;Strada Urbana;VIALE FILARETE;all'intersezione con;VIA GALEAZZO ALESSI;VIA GALEAZZO ALESSI;;;Scontro frontale/laterale DX fra veicoli in marcia;Incrocio;Due carreggiate;Bagnato (pioggia);Asfaltata;Verticale ed orizzontale;Pioggia in atto;Normale;Buona;;0;0;0;5;12.5386;41.8794;-1;1;Autovettura privata;In marcia / fermata / arresto;Passeggero;F;Illeso;0;;Non accertato;Inesploso
5076911;6;27/09/2020 09:25:00;Strada Urbana;VIALE FILARETE;all'intersezione con;VIA GALEAZZO ALESSI;VIA GALEAZZO ALESSI;;;Scontro frontale/laterale DX fra veicoli in marcia;Incrocio;Due carreggiate;Bagnato (pioggia);Asfaltata;Verticale ed orizzontale;Pioggia in atto;Normale;Buona;;0;0;0;5;12.5386;41.8794;-1;2;Autovettura privata;In marcia / fermata / arresto;Conducente;M;Illeso;0;;Non accertato;Inesploso
5076911;6;27/09/2020 09:25:00;Strada Urbana;VIALE FILARETE;all'intersezione con;VIA GALEAZZO ALESSI;VIA GALEAZZO ALESSI;;;Scontro frontale/laterale DX fra veicoli in marcia;Incrocio;Due carreggiate;Bagnato (pioggia);Asfaltata;Verticale ed orizzontale;Pioggia in atto;Normale;Buona;;0;0;0;5;12.5386;41.8794;-1;2;Autovettura privata;In marcia / fermata / arresto;Passeggero;M;Illeso;0;;Non accertato;Inesploso
5076911;6;27/09/2020 09:25:00;Strada Urbana;VIALE FILARETE;all'intersezione con;VIA GALEAZZO ALESSI;VIA GALEAZZO ALESSI;;;Scontro frontale/laterale DX fra veicoli in marcia;Incrocio;Due carreggiate;Bagnato (pioggia);Asfaltata;Verticale ed orizzontale;Pioggia in atto;Normale;Buona;;0;0;0;5;12.5386;41.8794;-1;2;Autovettura privata;In marcia / fermata / arresto;Passeggero;F;Illeso;0;;Non accertato;Inesploso
5076911;6;27/09/2020 09:25:00;Strada Urbana;VIALE FILARETE;all'intersezione con;VIA GALEAZZO ALESSI;VIA GALEAZZO ALESSI;;;Scontro frontale/laterale DX fra veicoli in marcia;Incrocio;Due carreggiate;Bagnato (pioggia);Asfaltata;Verticale ed orizzontale;Pioggia in atto;Normale;Buona;;0;0;0;5;12.5386;41.8794;-1;3;Autovettura privata;Sosta;;;;;;;
5076967;1;27/09/2020 08:30:00;Strada Urbana;VIA MERULANA;in corrispondenza;;del civico n.;247;;Scontro laterale fra veicoli in marcia;Rettilineo;Una carreggiata a doppio senso;Bagnato (pioggia);Asfaltata;Verticale ed orizzontale;Pioggia in atto;Scarso;Buona;;0;0;0;2;12.5007;41.8942;-1;1;Autovettura pubblica;In marcia / fermata / arresto;Conducente;M;Illeso;0;;Non accertato;Inesploso
5076967;1;27/09/2020 08:30:00;Strada Urbana;VIA MERULANA;in corrispondenza;;del civico n.;247;;Scontro laterale fra veicoli in marcia;Rettilineo;Una carreggiata a doppio senso;Bagnato (pioggia);Asfaltata;Verticale ed orizzontale;Pioggia in atto;Scarso;Buona;;0;0;0;2;12.5007;41.8942;-1;2;Autovettura privata;In marcia / fermata / arresto;Conducente;F;Illeso;0;;Non accertato;Inesploso
5077136;2;27/09/2020 12:30:00;Strada Urbana;VIALE DEL MURO TORTO;da specificare;;;;altezza galoppatoio;Veicolo in marcia contro ostacolo fisso;Curva a visuale libera;Due carreggiate;Bagnato (pioggia);Asfaltata;Verticale ed orizzontale;Pioggia in atto;Scarso;Buona;;1;0;0;0;12.4852;41.9087;-1;1;Autovettura privata;In marcia / fermata / arresto;Conducente;M;Rimandato;0;NON DECEDUTO;;
5077154;9;27/09/2020 08:20:00;Strada Urbana;VIA URBINO;all'intersezione con;VIA PONTREMOLI;VIA PONTREMOLI;;;Scontro frontale/laterale DX fra veicoli in marcia;Incrocio;Una carreggiata a senso unico di marcia;Bagnato (pioggia);Asfaltata;Verticale ed orizzontale;Pioggia in atto;Scarso;Sufficiente;;0;0;0;3;12.5121;41.8844;-1;1;Autovettura privata;In marcia / fermata / arresto;Conducente;M;Illeso;0;;Non accertato;Inesploso
5077154;9;27/09/2020 08:20:00;Strada Urbana;VIA URBINO;all'intersezione con;VIA PONTREMOLI;VIA PONTREMOLI;;;Scontro frontale/laterale DX fra veicoli in marcia;Incrocio;Una carreggiata a senso unico di marcia;Bagnato (pioggia);Asfaltata;Verticale ed orizzontale;Pioggia in atto;Scarso;Sufficiente;;0;0;0;3;12.5121;41.8844;-1;2;Autovettura privata;In marcia / fermata / arresto;Conducente;M;Illeso;0;;Non accertato;Inesploso
5077154;9;27/09/2020 08:20:00;Strada Urbana;VIA URBINO;all'intersezione con;VIA PONTREMOLI;VIA PONTREMOLI;;;Scontro frontale/laterale DX fra veicoli in marcia;Incrocio;Una carreggiata a senso unico di marcia;Bagnato (pioggia);Asfaltata;Verticale ed orizzontale;Pioggia in atto;Scarso;Sufficiente;;0;0;0;3;12.5121;41.8844;-1;2;Autovettura privata;In marcia / fermata / arresto;Passeggero;F;Illeso;0;;Non accertato;Inesploso
5077154;9;27/09/2020 08:20:00;Strada Urbana;VIA URBINO;all'intersezione con;VIA PONTREMOLI;VIA PONTREMOLI;;;Scontro frontale/laterale DX fra veicoli in marcia;Incrocio;Una carreggiata a senso unico di marcia;Bagnato (pioggia);Asfaltata;Verticale ed orizzontale;Pioggia in atto;Scarso;Sufficiente;;0;0;0;3;12.5121;41.8844;-1;3;Autovettura privata;Sosta;;;;;;;
5077154;9;27/09/2020 08:20:00;Strada Urbana;VIA URBINO;all'intersezione con;VIA PONTREMOLI;VIA PONTREMOLI;;;Scontro frontale/laterale DX fra veicoli in marcia;Incrocio;Una carreggiata a senso unico di marcia;Bagnato (pioggia);Asfaltata;Verticale ed orizzontale;Pioggia in atto;Scarso;Sufficiente;;0;0;0;3;12.5121;41.8844;-1;4;Autovettura privata;Sosta;;;;;;;
5077169;9;27/09/2020 01:17:00;Strada Urbana;VIA APPIA NUOVA;in corrispondenza;;del civico n.;588;;Veicolo in marcia contro veicoli in sosta;Rettilineo;Due carreggiate;Asciutto;Asfaltata;Assente;Sereno;Scarso;Buona;;0;0;0;1;12.5281;41.87;-1;1;Autovettura privata;Allontanatosi;Conducente;M;Illeso;0;;;
5077169;9;27/09/2020 01:17:00;Strada Urbana;VIA APPIA NUOVA;in corrispondenza;;del civico n.;588;;Veicolo in marcia contro veicoli in sosta;Rettilineo;Due carreggiate;Asciutto;Asfaltata;Assente;Sereno;Scarso;Buona;;0;0;0;1;12.5281;41.87;-1;2;Autovettura privata;Sosta;;;;;;;
5077169;9;27/09/2020 01:17:00;Strada Urbana;VIA APPIA NUOVA;in corrispondenza;;del civico n.;588;;Veicolo in marcia contro veicoli in sosta;Rettilineo;Due carreggiate;Asciutto;Asfaltata;Assente;Sereno;Scarso;Buona;;0;0;0;1;12.5281;41.87;-1;3;Autovettura privata;Sosta;;;;;;;
5077587;10;27/09/2020 14:25:00;Strada Urbana;VIA BERNARDINO ALIMENA;all'intersezione con;VIA ORAZIO RAIMONDO;VIA ORAZIO RAIMONDO;;;Scontro frontale/laterale SX fra veicoli in marcia;Incrocio;Una carreggiata a doppio senso;Asciutto;Asfaltata;Verticale ed orizzontale;Sereno;Normale;Buona;;1;0;0;4;12.6043;41.8472;-1;1;Autovettura privata;In marcia / fermata / arresto;Conducente;M;Illeso;0;;;
5077587;10;27/09/2020 14:25:00;Strada Urbana;VIA BERNARDINO ALIMENA;all'intersezione con;VIA ORAZIO RAIMONDO;VIA ORAZIO RAIMONDO;;;Scontro frontale/laterale SX fra veicoli in marcia;Incrocio;Una carreggiata a doppio senso;Asciutto;Asfaltata;Verticale ed orizzontale;Sereno;Normale;Buona;;1;0;0;4;12.6043;41.8472;-1;1;Autovettura privata;In marcia / fermata / arresto;Passeggero;M;Illeso;0;;Non accertato;Inesploso
5077587;10;27/09/2020 14:25:00;Strada Urbana;VIA BERNARDINO ALIMENA;all'intersezione con;VIA ORAZIO RAIMONDO;VIA ORAZIO RAIMONDO;;;Scontro frontale/laterale SX fra veicoli in marcia;Incrocio;Una carreggiata a doppio senso;Asciutto;Asfaltata;Verticale ed orizzontale;Sereno;Normale;Buona;;1;0;0;4;12.6043;41.8472;-1;1;Autovettura privata;In marcia / fermata / arresto;Passeggero;F;Illeso;0;;Non accertato;Inesploso
5077587;10;27/09/2020 14:25:00;Strada Urbana;VIA BERNARDINO ALIMENA;all'intersezione con;VIA ORAZIO RAIMONDO;VIA ORAZIO RAIMONDO;;;Scontro frontale/laterale SX fra veicoli in marcia;Incrocio;Una carreggiata a doppio senso;Asciutto;Asfaltata;Verticale ed orizzontale;Sereno;Normale;Buona;;1;0;0;4;12.6043;41.8472;-1;1;Autovettura privata;In marcia / fermata / arresto;Passeggero;F;Rimandato;0;NON DECEDUTO;Non accertato;Inesploso
5077587;10;27/09/2020 14:25:00;Strada Urbana;VIA BERNARDINO ALIMENA;all'intersezione con;VIA ORAZIO RAIMONDO;VIA ORAZIO RAIMONDO;;;Scontro frontale/laterale SX fra veicoli in marcia;Incrocio;Una carreggiata a doppio senso;Asciutto;Asfaltata;Verticale ed orizzontale;Sereno;Normale;Buona;;1;0;0;4;12.6043;41.8472;-1;2;Autocarro inferiore 35 q.;In marcia / fermata / arresto;Conducente;M;Illeso;0;;Non accertato;Inesploso
5077593;10;27/09/2020 12:30:00;Strada Urbana;VIA VINCENZO MANZINI;in corrispondenza;;del civico n.;95;;Veicolo in marcia contro ostacolo accidentale;Rettilineo;Una carreggiata a senso unico di marcia;Bagnato (pioggia);Con buche;Assente;Pioggia in atto;Scarso;Sufficiente;;0;0;0;1;12.5982;41.846;-1;1;Autovettura privata;In marcia / fermata / arresto;Conducente;M;Illeso;0;;Non accertato;Inesploso
5077604;15;27/09/2020 22:35:00;Strada Urbana;VIA SENORBI;in prossimità;;del civico n.;149;;Scontro frontale fra veicoli in marcia;Rettilineo;Una carreggiata a doppio senso;Bagnato (pioggia);Asfaltata;Verticale ed orizzontale;Pioggia in atto;Scarso;Buona;;1;0;0;2;12.357;41.8362;-1;1;Autovettura privata;In marcia / fermata / arresto;Conducente;M;Rimandato;0;NON DECEDUTO;Non accertato;
5077604;15;27/09/2020 22:35:00;Strada Urbana;VIA SENORBI;in prossimità;;del civico n.;149;;Scontro frontale fra veicoli in marcia;Rettilineo;Una carreggiata a doppio senso;Bagnato (pioggia);Asfaltata;Verticale ed orizzontale;Pioggia in atto;Scarso;Buona;;1;0;0;2;12.357;41.8362;-1;1;Autovettura privata;In marcia / fermata / arresto;Passeggero;M;Illeso;0;;Non accertato;
5077604;15;27/09/2020 22:35:00;Strada Urbana;VIA SENORBI;in prossimità;;del civico n.;149;;Scontro frontale fra veicoli in marcia;Rettilineo;Una carreggiata a doppio senso;Bagnato (pioggia);Asfaltata;Verticale ed orizzontale;Pioggia in atto;Scarso;Buona;;1;0;0;2;12.357;41.8362;-1;2;Autovettura privata;In marcia / fermata / arresto;Conducente;F;Illeso;0;;Non accertato;
5077614;15;26/09/2020 20:20:00;Strada Urbana;VIA DELLA MAGLIANA NUOVA;in corrispondenza;;del civico n.;424;;Scontro frontale fra veicoli in marcia;Rettilineo;Una carreggiata a doppio senso;Bagnato (umidità in atto);Asfaltata;Orizzontale;Nuvoloso;Scarso;Buona;;2;0;0;2;12.4555;41.8462;-1;1;Autovettura privata;In marcia / fermata / arresto;Conducente;M;Illeso;0;;Non accertato;Inesploso
5077614;15;26/09/2020 20:20:00;Strada Urbana;VIA DELLA MAGLIANA NUOVA;in corrispondenza;;del civico n.;424;;Scontro frontale fra veicoli in marcia;Rettilineo;Una carreggiata a doppio senso;Bagnato (umidità in atto);Asfaltata;Orizzontale;Nuvoloso;Scarso;Buona;;2;0;0;2;12.4555;41.8462;-1;1;Autovettura privata;In marcia / fermata / arresto;Passeggero;F;Illeso;0;;Non accertato;Inesploso
5077614;15;26/09/2020 20:20:00;Strada Urbana;VIA DELLA MAGLIANA NUOVA;in corrispondenza;;del civico n.;424;;Scontro frontale fra veicoli in marcia;Rettilineo;Una carreggiata a doppio senso;Bagnato (umidità in atto);Asfaltata;Orizzontale;Nuvoloso;Scarso;Buona;;2;0;0;2;12.4555;41.8462;-1;2;Motociclo a solo;In marcia / fermata / arresto;Conducente;M;Rimandato;0;NON DECEDUTO;;
5077614;15;26/09/2020 20:20:00;Strada Urbana;VIA DELLA MAGLIANA NUOVA;in corrispondenza;;del civico n.;424;;Scontro frontale fra veicoli in marcia;Rettilineo;Una carreggiata a doppio senso;Bagnato (umidità in atto);Asfaltata;Orizzontale;Nuvoloso;Scarso;Buona;;2;0;0;2;12.4555;41.8462;-1;2;Motociclo a solo;In marcia / fermata / arresto;Passeggero;F;Rimandato;0;NON DECEDUTO;;
5077616;1;27/09/2020 18:30:00;Strada Urbana;VIA D'AZEGLIO;all'intersezione con;VIA PRINCIPE AMEDEO;VIA PRINCIPE AMEDEO;;;Scontro laterale fra veicoli in marcia;Incrocio;Una carreggiata a senso unico di marcia;Bagnato (pioggia);Asfaltata;Verticale ed orizzontale;Nuvoloso;Scarso;Buona;;0;0;0;3;12.5024;41.8976;-1;1;Autovettura privata;In marcia / fermata / arresto;Conducente;M;Illeso;0;;;
5077616;1;27/09/2020 18:30:00;Strada Urbana;VIA D'AZEGLIO;all'intersezione con;VIA PRINCIPE AMEDEO;VIA PRINCIPE AMEDEO;;;Scontro laterale fra veicoli in marcia;Incrocio;Una carreggiata a senso unico di marcia;Bagnato (pioggia);Asfaltata;Verticale ed orizzontale;Nuvoloso;Scarso;Buona;;0;0;0;3;12.5024;41.8976;-1;1;Autovettura privata;In marcia / fermata / arresto;Passeggero;F;Illeso;0;;;
5077616;1;27/09/2020 18:30:00;Strada Urbana;VIA D'AZEGLIO;all'intersezione con;VIA PRINCIPE AMEDEO;VIA PRINCIPE AMEDEO;;;Scontro laterale fra veicoli in marcia;Incrocio;Una carreggiata a senso unico di marcia;Bagnato (pioggia);Asfaltata;Verticale ed orizzontale;Nuvoloso;Scarso;Buona;;0;0;0;3;12.5024;41.8976;-1;2;Autovettura pubblica;In marcia / fermata / arresto;Conducente;M;Illeso;0;;;
5077628;11;27/09/2020 00:01:00;Strada Urbana;VIALE DEL TINTORETTO;in corrispondenza;;del civico n.;444;;Veicolo in marcia contro veicoli in sosta;Rettilineo;Due carreggiate;Bagnato (pioggia);Asfaltata;Verticale ed orizzontale;Pioggia in atto;Normale;Buona;;0;0;0;0;12.4989;41.8332;-1;1;Ciclomotore;Sosta;;;;;;;
5077628;11;27/09/2020 00:01:00;Strada Urbana;VIALE DEL TINTORETTO;in corrispondenza;;del civico n.;444;;Veicolo in marcia contro veicoli in sosta;Rettilineo;Due carreggiate;Bagnato (pioggia);Asfaltata;Verticale ed orizzontale;Pioggia in atto;Normale;Buona;;0;0;0;0;12.4989;41.8332;-1;2;Ciclomotore;Sosta;;;;;;;
5077628;11;27/09/2020 00:01:00;Strada Urbana;VIALE DEL TINTORETTO;in corrispondenza;;del civico n.;444;;Veicolo in marcia contro veicoli in sosta;Rettilineo;Due carreggiate;Bagnato (pioggia);Asfaltata;Verticale ed orizzontale;Pioggia in atto;Normale;Buona;;0;0;0;0;12.4989;41.8332;-1;3;Ciclomotore;Sosta;;;;;;;
5077628;11;27/09/2020 00:01:00;Strada Urbana;VIALE DEL TINTORETTO;in corrispondenza;;del civico n.;444;;Veicolo in marcia contro veicoli in sosta;Rettilineo;Due carreggiate;Bagnato (pioggia);Asfaltata;Verticale ed orizzontale;Pioggia in atto;Normale;Buona;;0;0;0;0;12.4989;41.8332;-1;4;Autovettura privata;Sosta;;;;;;;