Protocollo;Gruppo;DataOraIncidente;Localizzazione1;STRADA1;Localizzazione2;STRADA2;Strada02;Chilometrica;DaSpecificare;NaturaIncidente;particolaritastrade;TipoStrada;FondoStradale;Pavimentazione;Segnaletica;CondizioneAtmosferica;Traffico;Visibilita;Illuminazione;NUM_FERITI;NUM_RISERVATA;NUM_MORTI;NUM_ILLESI;Longitude;Latitude;Confermato;Progressivo;TipoVeicolo;StatoVeicolo;TipoPersona;Sesso;Tipolesione;Deceduto;DecedutoDopo;CinturaCascoUtilizzato;Airbag;
5078833;16;27/09/2020 17:05:00;Strada Urbana;VIA DEI MATTEINI;da specificare;;;;fronte civico 23;Veicolo in marcia contro ostacolo accidentale;Rettilineo;Una carreggiata a doppio senso;Bagnato (pioggia);Asfaltata;Orizzontale;Pioggia in atto;Scarso;Sufficiente;;0;0;0;2;12.4139;41.8725;-1;1;Autovettura privata;In marcia / fermata / arresto;Conducente;M;Illeso;0;;Non accertato;
5078833;16;27/09/2020 17:05:00;Strada Urbana;VIA DEI MATTEINI;da specificare;;;;fronte civico 23;Veicolo in marcia contro ostacolo accidentale;Rettilineo;Una carreggiata a doppio senso;Bagnato (pioggia);Asfaltata;Orizzontale;Pioggia in atto;Scarso;Sufficiente;;0;0;0;2;12.4139;41.8725;-1;1;Autovettura privata;In marcia / fermata / arresto;Passeggero;F;Illeso;0;;Non accertato;
5078837;12;28/09/2020 11:30:00;Regionale;VIA PONTINA;da specificare;;;;KM 18.700 DIR. POMEZIA;Fuoriuscita dalla sede stradale;Curva a visuale libera;Due carreggiate;Bagnato (pioggia);Asfaltata;Verticale ed orizzontale;Pioggia in atto;Normale;Buona;;0;0;0;1;12.4522;41.7941;-1;1;Autovettura privata;In marcia / fermata / arresto;Conducente;M;Illeso;0;;;
5078839;23;25/09/2020 23:15:00;Strada Urbana;VIA CARLO CASINI;all'intersezione con;VIA NICOLO' BALANZANO;VIA NICOLO' BALANZANO;;;Scontro frontale/laterale SX fra veicoli in marcia;Incrocio;Una carreggiata a senso unico di marcia;Bagnato (pioggia);Asfaltata;Verticale ed orizzontale;Nuvoloso;Scarso;Sufficiente;;2;0;0;1;12.3392;41.7794;-1;1;Autovettura privata;In marcia / fermata / arresto;Conducente;M;Rimandato;0;NON DECEDUTO;Non accertato;Inesploso
5078839;23;25/09/2020 23:15:00;Strada Urbana;VIA CARLO CASINI;all'intersezione con;VIA NICOLO' BALANZANO;VIA NICOLO' BALANZANO;;;Scontro frontale/laterale SX fra veicoli in marcia;Incrocio;Una carreggiata a senso unico di marcia;Bagnato (pioggia);Asfaltata;Verticale ed orizzontale;Nuvoloso;Scarso;Sufficiente;;2;0;0;1;12.3392;41.7794;-1;1;Autovettura privata;In marcia / fermata / arresto;Passeggero;F;Rimandato;0;NON DECEDUTO;Non accertato;
5078839;23;25/09/2020 23:15:00;Strada Urbana;VIA CARLO CASINI;all'intersezione con;VIA NICOLO' BALANZANO;VIA NICOLO' BALANZANO;;;Scontro frontale/laterale SX fra veicoli in marcia;Incrocio;Una carreggiata a senso unico di marcia;Bagnato (pioggia);Asfaltata;Verticale ed orizzontale;Nuvoloso;Scarso;Sufficiente;;2;0;0;1;12.3392;41.7794;-1;2;Autovettura privata;Allontanatosi;Conducente;M;Illeso;0;;Non accertato;Esploso
5078861;13;28/09/2020 14:30:00;Strada Urbana;VIADOTTO ATTICO TABACCHI;all'intersezione semaforizzata con;VIA DELLE BALENIERE;VIA DELLE BALENIERE;;;Scontro frontale/laterale DX fra veicoli in marcia;Intersezione semaforizzata;Due carreggiate;Asciutto;Asfaltata;Verticale ed orizzontale;Sereno;Normale;Buona;;0;0;0;2;12.2824;41.7373;-1;1;Autovettura privata;In marcia / fermata / arresto;Conducente;F;Illeso;0;;Non accertato;Inesploso
5078861;13;28/09/2020 14:30:00;Strada Urbana;VIADOTTO ATTICO TABACCHI;all'intersezione semaforizzata con;VIA DELLE BALENIERE;VIA DELLE BALENIERE;;;Scontro frontale/laterale DX fra veicoli in marcia;Intersezione semaforizzata;Due carreggiate;Asciutto;Asfaltata;Verticale ed orizzontale;Sereno;Normale;Buona;;0;0;0;2;12.2824;41.7373;-1;2;Autovettura privata;In marcia / fermata / arresto;Conducente;M;Illeso;0;;Non accertato;Inesploso
5078927;18;26/09/2020 01:20:00;Strada Urbana;VIA SALARIA;da specificare;;;;FRONTE CIVICO 403;Ribaltamento senza urto contro ostacolo fisso;Curva a visuale libera;Due carreggiate;Bagnato (umidità in atto);Asfaltata;Orizzontale;Nuvoloso;Scarso;Sufficiente;;1;0;0;0;12.5092;41.9324;-1;1;Motociclo a solo;In marcia / fermata / arresto;Conducente;M;Rimandato;0;NON DECEDUTO;;
5078949;18;26/09/2020 07:45:00;Strada Urbana;PIAZZA DI VILLA CARPEGNA;all'intersezione semaforizzata con;VIA GREGORIO VII;VIA GREGORIO VII;;;Tamponamento;Intersezione semaforizzata;Una carreggiata a senso unico di marcia;Bagnato (pioggia);Asfaltata;Verticale ed orizzontale;Nuvoloso;Normale;Buona;;1;0;0;1;12.4296;41.8954;-1;1;Motociclo a solo;In marcia / fermata / arresto;Conducente;M;Illeso;0;;Non accertato;
5078949;18;26/09/2020 07:45:00;Strada Urbana;PIAZZA DI VILLA CARPEGNA;all'intersezione semaforizzata con;VIA GREGORIO VII;VIA GREGORIO VII;;;Tamponamento;Intersezione semaforizzata;Una carreggiata a senso unico di marcia;Bagnato (pioggia);Asfaltata;Verticale ed orizzontale;Nuvoloso;Normale;Buona;;1;0;0;1;12.4296;41.8954;-1;2;Motociclo a solo;In marcia / fermata / arresto;Conducente;M;Rifiuta cure immediate;0;NON DECEDUTO;Non accertato;
5078961;12;28/09/2020 13:50:00;Strada Urbana;VIA LAURENTINA;all'intersezione con;VIA DI TOR PAGNOTTA;VIA DI TOR PAGNOTTA;;;Scontro frontale/laterale DX fra veicoli in marcia;Rotatoria;Due carreggiate;Bagnato (pioggia);Asfaltata;Verticale ed orizzontale;Nuvoloso;Normale;Buona;;0;0;0;2;12.4856;41.8103;-1;1;Autovettura privata;In marcia / fermata / arresto;Conducente;F;Illeso;0;;;
5078961;12;28/09/2020 13:50:00;Strada Urbana;VIA LAURENTINA;all'intersezione con;VIA DI TOR PAGNOTTA;VIA DI TOR PAGNOTTA;;;Scontro frontale/laterale DX fra veicoli in marcia;Rotatoria;Due carreggiate;Bagnato (pioggia);Asfaltata;Verticale ed orizzontale;Nuvoloso;Normale;Buona;;0;0;0;2;12.4856;41.8103;-1;2;Autovettura privata;In marcia / fermata / arresto;Conducente;M;Illeso;0;;;
5078970;13;28/09/2020 07:45:00;Strada Urbana;VIA DEI PANFILI;all'intersezione con;VIA DELLE GONDOLE;VIA DELLE GONDOLE;;;Scontro frontale/laterale DX fra veicoli in marcia;Incrocio;Una carreggiata a senso unico di marcia;Bagnato (pioggia);Asfaltata;Verticale ed orizzontale;Pioggia in atto;Normale;Sufficiente;;0;0;0;3;12.2772;41.7365;-1;1;Autovettura privata;In marcia / fermata / arresto;Conducente;F;Illeso;0;;Non accertato;Inesploso
5078970;13;28/09/2020 07:45:00;Strada Urbana;VIA DEI PANFILI;all'intersezione con;VIA DELLE GONDOLE;VIA DELLE GONDOLE;;;Scontro frontale/laterale DX fra veicoli in marcia;Incrocio;Una carreggiata a senso unico di marcia;Bagnato (pioggia);Asfaltata;Verticale ed orizzontale;Pioggia in atto;Normale;Sufficiente;;0;0;0;3;12.2772;41.7365;-1;2;Autovettura privata;In marcia / fermata / arresto;Conducente;F;Illeso;0;;;
5078970;13;28/09/2020 07:45:00;Strada Urbana;VIA DEI PANFILI;all'intersezione con;VIA DELLE GONDOLE;VIA DELLE GONDOLE;;;Scontro frontale/laterale DX fra veicoli in marcia;Incrocio;Una carreggiata a senso unico di marcia;Bagnato (pioggia);Asfaltata;Verticale ed orizzontale;Pioggia in atto;Normale;Sufficiente;;0;0;0;3;12.2772;41.7365;-1;2;Autovettura privata;In marcia / fermata / arresto;Passeggero;M;Illeso;0;;Non accertato;Inesploso
5078979;18;26/09/2020 11:35:00;Strada Urbana;VIA GREGORIO VII;all'intersezione con;LARGO CARDINALE AGOSTINO GALAMINI;LARGO CARDINALE AGOSTINO GALAMINI;;;Scontro laterale fra veicoli in marcia;Incrocio;Più di due carreggiate;Asciutto;Asfaltata;Verticale ed orizzontale;Nuvoloso;Normale;Buona;;0;0;0;3;12.4429;41.8963;-1;1;Autovettura privata;In marcia / fermata / arresto;Conducente;M;Illeso;0;;Non accertato;Inesploso
5078979;18;26/09/2020 11:35:00;Strada Urbana;VIA GREGORIO VII;all'intersezione con;LARGO CARDINALE AGOSTINO GALAMINI;LARGO CARDINALE AGOSTINO GALAMINI;;;Scontro laterale fra veicoli in marcia;Incrocio;Più di due carreggiate;Asciutto;Asfaltata;Verticale ed orizzontale;Nuvoloso;Normale;Buona;;0;0;0;3;12.4429;41.8963;-1;2;Autobus urbano;In marcia / fermata / arresto;Conducente;M;Illeso;0;;Esente;Inesistente
5078979;18;26/09/2020 11:35:00;Strada Urbana;VIA GREGORIO VII;all'intersezione con;LARGO CARDINALE AGOSTINO GALAMINI;LARGO CARDINALE AGOSTINO GALAMINI;;;Scontro laterale fra veicoli in marcia;Incrocio;Più di due carreggiate;Asciutto;Asfaltata;Verticale ed orizzontale;Nuvoloso;Normale;Buona;;0;0;0;3;12.4429;41.8963;-1;2;Autobus urbano;In marcia / fermata / arresto;Passeggero;F;Illeso;0;;Esente;Inesistente
5078994;13;28/09/2020 08:40:00;Strada Urbana;VIALE DEI ROMAGNOLI;all'intersezione con;VIA GIUSEPPE FIORELLI;VIA GIUSEPPE FIORELLI;;;Scontro frontale/laterale SX fra veicoli in marcia;Intersezione non regolata/non segnalata;Una carreggiata a doppio senso;Bagnato (pioggia);Asfaltata;Verticale ed orizzontale;Pioggia in atto;Normale;Sufficiente;;1;0;0;2;12.3134;41.7654;-1;1;Quadriciclo;In marcia / fermata / arresto;Conducente;M;Ricoverato;0;NON DECEDUTO;Non accertato;Inesistente
5078994;13;28/09/2020 08:40:00;Strada Urbana;VIALE DEI ROMAGNOLI;all'intersezione con;VIA GIUSEPPE FIORELLI;VIA GIUSEPPE FIORELLI;;;Scontro frontale/laterale SX fra veicoli in marcia;Intersezione non regolata/non segnalata;Una carreggiata a doppio senso;Bagnato (pioggia);Asfaltata;Verticale ed orizzontale;Pioggia in atto;Normale;Sufficiente;;1;0;0;2;12.3134;41.7654;-1;2;Autovettura privata;In marcia / fermata / arresto;Conducente;M;Illeso;0;;Non accertato;Inesploso
5078994;13;28/09/2020 08:40:00;Strada Urbana;VIALE DEI ROMAGNOLI;all'intersezione con;VIA GIUSEPPE FIORELLI;VIA GIUSEPPE FIORELLI;;;Scontro frontale/laterale SX fra veicoli in marcia;Intersezione non regolata/non segnalata;Una carreggiata a doppio senso;Bagnato (pioggia);Asfaltata;Verticale ed orizzontale;Pioggia in atto;Normale;Sufficiente;;1;0;0;2;12.3134;41.7654;-1;2;Autovettura privata;In marcia / fermata / arresto;Passeggero;F;Illeso;0;;Non accertato;Inesploso
5079002;18;26/09/2020 12:00:00;Strada Urbana;VIA DEL QUARTACCIO;all'intersezione con;VIA MONTE DEL MARMO;VIA MONTE DEL MARMO;;;Scontro frontale/laterale DX fra veicoli in marcia;Incrocio;Una carreggiata a doppio senso;Asciutto;Asfaltata;Verticale ed orizzontale;Nuvoloso;Normale;Buona;;0;0;0;4;12.3878;41.9287;-1;1;Autovettura privata;In marcia / fermata / arresto;Conducente;M;Illeso;0;;Non accertato;Inesploso
5079002;18;26/09/2020 12:00:00;Strada Urbana;VIA DEL QUARTACCIO;all'intersezione con;VIA MONTE DEL MARMO;VIA MONTE DEL MARMO;;;Scontro frontale/laterale DX fra veicoli in marcia;Incrocio;Una carreggiata a doppio senso;Asciutto;Asfaltata;Verticale ed orizzontale;Nuvoloso;Normale;Buona;;0;0;0;4;12.3878;41.9287;-1;1;Autovettura privata;In marcia / fermata / arresto;Passeggero;F;Illeso;0;;Non accertato;Inesploso
5079002;18;26/09/2020 12:00:00;Strada Urbana;VIA DEL QUARTACCIO;all'intersezione con;VIA MONTE DEL MARMO;VIA MONTE DEL MARMO;;;Scontro frontale/laterale DX fra veicoli in marcia;Incrocio;Una carreggiata a doppio senso;Asciutto;Asfaltata;Verticale ed orizzontale;Nuvoloso;Normale;Buona;;0;0;0;4;12.3878;41.9287;-1;1;Autovettura privata;In marcia / fermata / arresto;Passeggero;F;Illeso;0;;Non accertato;Inesploso
5079002;18;26/09/2020 12:00:00;Strada Urbana;VIA DEL QUARTACCIO;all'intersezione con;VIA MONTE DEL MARMO;VIA MONTE DEL MARMO;;;Scontro frontale/laterale DX fra veicoli in marcia;Incrocio;Una carreggiata a doppio senso;Asciutto;Asfaltata;Verticale ed orizzontale;Nuvoloso;Normale;Buona;;0;0;0;4;12.3878;41.9287;-1;2;Autovettura privata;In marcia / fermata / arresto;Conducente;M;Illeso;0;;Non accertato;Inesploso
5079013;16;28/09/2020 08:55:00;Strada Urbana;VIA BERNARDINO RAMAZZINI;in prossimità;;del palo luce n.;54;;Infortunio per sola frenata improvvisa;Rettilineo;Due carreggiate;Bagnato (pioggia);Asfaltata;Orizzontale;Pioggia in atto;Intenso;Buona;;0;0;0;2;12.4505;41.8666;-1;1;Motociclo a solo;In marcia / fermata / arresto;Conducente;F;Illeso;0;;Non accertato;
5079013;16;28/09/2020 08:55:00;Strada Urbana;VIA BERNARDINO RAMAZZINI;in prossimità;;del palo luce n.;54;;Infortunio per sola frenata improvvisa;Rettilineo;Due carreggiate;Bagnato (pioggia);Asfaltata;Orizzontale;Pioggia in atto;Intenso;Buona;;0;0;0;2;12.4505;41.8666;-1;2;Autovettura privata;In marcia / fermata / arresto;Conducente;F;Illeso;0;;Non accertato;Inesploso
5079020;10;28/09/2020 16:55:00;Strada Urbana;VIA DEI SETTE METRI;in corrispondenza;;del civico n.;68A;;Scontro frontale/laterale DX fra veicoli in marcia;Rettilineo;Una carreggiata a doppio senso;Bagnato (umidità in atto);Asfaltata;Orizzontale;Nuvoloso;Intenso;Buona;;1;0;0;1;12.6063;41.815;-1;1;Motociclo con passeggero;In marcia / fermata / arresto;Conducente;M;Rimandato;0;NON DECEDUTO;Non accertato;
5079020;10;28/09/2020 16:55:00;Strada Urbana;VIA DEI SETTE METRI;in corrispondenza;;del civico n.;68A;;Scontro frontale/laterale DX fra veicoli in marcia;Rettilineo;Una carreggiata a doppio senso;Bagnato (umidità in atto);Asfaltata;Orizzontale;Nuvoloso;Intenso;Buona;;1;0;0;1;12.6063;41.815;-1;2;Autovettura privata;In marcia / fermata / arresto;Conducente;F;Illeso;0;;Non accertato;Inesploso
5079036;13;28/09/2020 12:45:00;Strada Urbana;VIA RODOLFO GRIMALDI CASTA;in prossimità;;del civico n.;11;;Tamponamento;Rettilineo;Una carreggiata a doppio senso;Bagnato (pioggia);Asfaltata;Verticale ed orizzontale;Pioggia in atto;Normale;Sufficiente;;0;0;0;4;12.2889;41.727;-1;1;Autovettura privata;In marcia / fermata / arresto;Conducente;F;Illeso;0;;Non accertato;Inesploso
5079036;13;28/09/2020 12:45:00;Strada Urbana;VIA RODOLFO GRIMALDI CASTA;in prossimità;;del civico n.;11;;Tamponamento;Rettilineo;Una carreggiata a doppio senso;Bagnato (pioggia);Asfaltata;Verticale ed orizzontale;Pioggia in atto;Normale;Sufficiente;;0;0;0;4;12.2889;41.727;-1;1;Autovettura privata;In marcia / fermata / arresto;Passeggero;F;Illeso;0;;Non accertato;Inesploso
5079036;13;28/09/2020 12:45:00;Strada Urbana;VIA RODOLFO GRIMALDI CASTA;in prossimità;;del civico n.;11;;Tamponamento;Rettilineo;Una carreggiata a doppio senso;Bagnato (pioggia);Asfaltata;Verticale ed orizzontale;Pioggia in atto;Normale;Sufficiente;;0;0;0;4;12.2889;41.727;-1;2;Autovettura privata;In marcia / fermata / arresto;Conducente;M;Illeso;0;;Non accertato;Inesploso
5079036;13;28/09/2020 12:45:00;Strada Urbana;VIA RODOLFO GRIMALDI CASTA;in prossimità;;del civico n.;11;;Tamponamento;Rettilineo;Una carreggiata a doppio senso;Bagnato (pioggia);Asfaltata;Verticale ed orizzontale;Pioggia in atto;Normale;Sufficiente;;0;0;0;4;12.2889;41.727;-1;2;Autovettura privata;In marcia / fermata / arresto;Passeggero;M;Illeso;0;;Non accertato;Inesploso
5079064;13;28/09/2020 08:20:00;Strada Urbana;VIA CAPO DELLE ARMI;in corrispondenza;;del civico n.;50;;Veicolo in marcia che urta buche nella carreggiata;Rettilineo;Una carreggiata a senso unico di marcia;Bagnato (pioggia);Asfaltata;Assente;Pioggia in atto;Normale;Buona;;0;0;0;2;12.2864;41.7415;-1;1;Autovettura privata;In marcia / fermata / arresto;Conducente;F;Illeso;0;;Non accertato;Inesploso
5079064;13;28/09/2020 08:20:00;Strada Urbana;VIA CAPO DELLE ARMI;in corrispondenza;;del civico n.;50;;Veicolo in marcia che urta buche nella carreggiata;Rettilineo;Una carreggiata a senso unico di marcia;Bagnato (pioggia);Asfaltata;Assente;Pioggia in atto;Normale;Buona;;0;0;0;2;12.2864;41.7415;-1;1;Autovettura privata;In marcia / fermata / arresto;Passeggero;F;Illeso;0;;Non accertato;Inesploso
5079090;1;28/09/2020 16:45:00;Strada Urbana;PIAZZA VITTORIO EMANUELE II;all'intersezione con;VIA MACHIAVELLI;VIA MACHIAVELLI;;;Scontro frontale fra veicoli in marcia;Incrocio;Una carreggiata a doppio senso;Asciutto;Asfaltata;Verticale ed orizzontale;Nuvoloso;Normale;Buona;;1;0;0;1;12.5043;41.8937;-1;1;Autovettura pubblica;In marcia / fermata / arresto;Conducente;M;Illeso;0;;Non accertato;Inesploso
5079090;1;28/09/2020 16:45:00;Strada Urbana;PIAZZA VITTORIO EMANUELE II;all'intersezione con;VIA MACHIAVELLI;VIA MACHIAVELLI;;;Scontro frontale fra veicoli in marcia;Incrocio;Una carreggiata a doppio senso;Asciutto;Asfaltata;Verticale ed orizzontale;Nuvoloso;Normale;Buona;;1;0;0;1;12.5043;41.8937;-1;2;Motociclo a solo;In marcia / fermata / arresto;Conducente;M;Rifiuta cure immediate;0;NON DECEDUTO;Non accertato;
5079103;18;26/09/2020 21:30:00;Comunale extraurbana;VIA DI BOCCEA;da specificare;;;;in prossimità di Via Selva Nera;Tamponamento;Curva senza visuale libera;Una carreggiata a doppio senso;Asciutto;Asfaltata;Verticale ed orizzontale;Nuvoloso;Scarso;Sufficiente;;0;0;0;3;12.3847;41.9149;-1;1;Autovettura privata;In marcia / fermata / arresto;Conducente;M;Illeso;0;;Non accertato;Inesploso
5079103;18;26/09/2020 21:30:00;Comunale extraurbana;VIA DI BOCCEA;da specificare;;;;in prossimità di Via Selva Nera;Tamponamento;Curva senza visuale libera;Una carreggiata a doppio senso;Asciutto;Asfaltata;Verticale ed orizzontale;Nuvoloso;Scarso;Sufficiente;;0;0;0;3;12.3847;41.9149;-1;1;Autovettura privata;In marcia / fermata / arresto;Passeggero;M;Illeso;0;;Non accertato;Inesploso
5079103;18;26/09/2020 21:30:00;Comunale extraurbana;VIA DI BOCCEA;da specificare;;;;in prossimità di Via Selva Nera;Tamponamento;Curva senza visuale libera;Una carreggiata a doppio senso;Asciutto;Asfaltata;Verticale ed orizzontale;Nuvoloso;Scarso;Sufficiente;;0;0;0;3;12.3847;41.9149;-1;2;Autovettura privata;In marcia / fermata / arresto;Conducente;M;Illeso;0;;Non accertato;Inesploso
5079342;11;28/09/2020 15:50:00;Strada Urbana;VIALE DI S. PAOLO;in prossimità;;del palo luce n.;51;;Investimento di pedone;Curva a visuale libera;Due carreggiate;Bagnato (pioggia);Asfaltata;Verticale ed orizzontale;Nuvoloso;Normale;Buona;;1;0;0;1;12.475;41.8595;-1;;;;Pedone;F;Rimandato;0;NON DECEDUTO;;
5079342;11;28/09/2020 15:50:00;Strada Urbana;VIALE DI S. PAOLO;in prossimità;;del palo luce n.;51;;Investimento di pedone;Curva a visuale libera;Due carreggiate;Bagnato (pioggia);Asfaltata;Verticale ed orizzontale;Nuvoloso;Normale;Buona;;1;0;0;1;12.475;41.8595;-1;1;Autovettura privata;In marcia / fermata / arresto;Conducente;M;Illeso;0;;Non accertato;
5079344;8;28/09/2020 22:00:00;Regionale entro l'abitato;VIA CASILINA;in prossimità;;del civico n.;2175;;Scontro frontale/laterale DX fra veicoli in marcia;Pendenza;Una carreggiata a doppio senso;Asciutto;Asfaltata;Orizzontale;Nuvoloso;Scarso;Sufficiente;;1;0;0;0;12.6984;41.8647;0;1;Autovettura privata;In marcia / fermata / arresto;;;;;;;
5079344;8;28/09/2020 22:00:00;Regionale entro l'abitato;VIA CASILINA;in prossimità;;del civico n.;2175;;Scontro frontale/laterale DX fra veicoli in marcia;Pendenza;Una carreggiata a doppio senso;Asciutto;Asfaltata;Orizzontale;Nuvoloso;Scarso;Sufficiente;;1;0;0;0;12.6984;41.8647;0;2;Autovettura privata;In marcia / fermata / arresto;Conducente;M;Rifiuta cure immediate;0;NON DECEDUTO;;
5079346;11;29/09/2020 07:22:00;Strada Urbana;PIAZZALE DEI CADUTI DELLA MONTAGNOLA;in prossimità;;del civico n.;40;;Scontro laterale fra veicoli in marcia;Rettilineo;Due carreggiate;Asciutto;Asfaltata;Verticale ed orizzontale;Nuvoloso;Normale;Buona;;0;0;0;2;12.4836;41.8453;-1;1;Autovettura privata;In marcia / fermata / arresto;Conducente;M;Illeso;0;;Non accertato;
5079346;11;29/09/2020 07:22:00;Strada Urbana;PIAZZALE DEI CADUTI DELLA MONTAGNOLA;in prossimità;;del civico n.;40;;Scontro laterale fra veicoli in marcia;Rettilineo;Due carreggiate;Asciutto;Asfaltata;Verticale ed orizzontale;Nuvoloso;Normale;Buona;;0;0;0;2;12.4836;41.8453;-1;2;Autovettura privata;In marcia / fermata / arresto;Conducente;M;Illeso;0;;Non accertato;
5079349;8;28/09/2020 18:50:00;Strada Urbana;VIA PRENESTINA;da specificare;;;;in prossimità via VALLE BAGNATA;Scontro laterale fra veicoli in marcia;Rettilineo;Una carreggiata a doppio senso;Bagnato (umidità in atto);Asfaltata;Verticale ed orizzontale;Nuvoloso;Intenso;Buona;;0;0;0;2;12.6155;41.8933;-1;1;Autovettura privata;In marcia / fermata / arresto;Conducente;F;Illeso;0;;;
5079349;8;28/09/2020 18:50:00;Strada Urbana;VIA PRENESTINA;da specificare;;;;in prossimità via VALLE BAGNATA;Scontro laterale fra veicoli in marcia;Rettilineo;Una carreggiata a doppio senso;Bagnato (umidità in atto);Asfaltata;Verticale ed orizzontale;Nuvoloso;Intenso;Buona;;0;0;0;2;12.6155;41.8933;-1;2;Autocarro inferiore 35 q.;In marcia / fermata / arresto;Conducente;M;Illeso;0;;;
5079353;8;28/09/2020 20:30:00;Strada Urbana;VIA DI TORRENOVA;in corrispondenza;;del civico n.;209;;Scontro frontale fra veicoli in marcia;Rettilineo;Una carreggiata a doppio senso;Asciutto;Asfaltata;Verticale ed orizzontale;Sereno;Normale;Buona;;2;0;0;0;12.6186;41.8774;-1;1;Autovettura privata;In marcia / fermata / arresto;Conducente;M;Rimandato;0;NON DECEDUTO;Non accertato;Inesploso
5079353;8;28/09/2020 20:30:00;Strada Urbana;VIA DI TORRENOVA;in corrispondenza;;del civico n.;209;;Scontro frontale fra veicoli in marcia;Rettilineo;Una carreggiata a doppio senso;Asciutto;Asfaltata;Verticale ed orizzontale;Sereno;Normale;Buona;;2;0;0;0;12.6186;41.8774;-1;2;Autovettura privata;In marcia / fermata / arresto;Conducente;F;Rimandato;0;NON DECEDUTO;Non accertato;Inesploso
5079353;8;28/09/2020 20:30:00;Strada Urbana;VIA DI TORRENOVA;in corrispondenza;;del civico n.;209;;Scontro frontale fra veicoli in marcia;Rettilineo;Una carreggiata a doppio senso;Asciutto;Asfaltata;Verticale ed orizzontale;Sereno;Normale;Buona;;2;0;0;0;12.6186;41.8774;-1;3;Autovettura privata;Sosta;;;;;;;
5079353;8;28/09/2020 20:30:00;Strada Urbana;VIA DI TORRENOVA;in corrispondenza;;del civico n.;209;;Scontro frontale fra veicoli in marcia;Rettilineo;Una carreggiata a doppio senso;Asciutto;Asfaltata;Verticale ed orizzontale;Sereno;Normale;Buona;;2;0;0;0;12.6186;41.8774;-1;4;Autovettura privata;Sosta;;;;;;;
5079353;8;28/09/2020 20:30:00;Strada Urbana;VIA DI TORRENOVA;in corrispondenza;;del civico n.;209;;Scontro frontale fra veicoli in marcia;Rettilineo;Una carreggiata a doppio senso;Asciutto;Asfaltata;Verticale ed orizzontale;Sereno;Normale;Buona;;2;0;0;0;12.6186;41.8774;-1;5;Autovettura privata;Sosta;;;;;;;
5079353;8;28/09/2020 20:30:00;Strada Urbana;VIA DI TORRENOVA;in corrispondenza;;del civico n.;209;;Scontro frontale fra veicoli in marcia;Rettilineo;Una carreggiata a doppio senso;Asciutto;Asfaltata;Verticale ed orizzontale;Sereno;Normale;Buona;;2;0;0;0;12.6186;41.8774;-1;6;Autovettura privata;Sosta;;;;;;;
5079353;8;28/09/2020 20:30:00;Strada Urbana;VIA DI TORRENOVA;in corrispondenza;;del civico n.;209;;Scontro frontale fra veicoli in marcia;Rettilineo;Una carreggiata a doppio senso;Asciutto;Asfaltata;Verticale ed orizzontale;Sereno;Normale;Buona;;2;0;0;0;12.6186;41.8774;-1;7;Autovettura privata;Sosta;;;;;;;
5079355;9;28/09/2020 19:30:00;Strada Urbana;VIA ACAIA;in corrispondenza;;del civico n.;54;;Tamponamento Multiplo;Rettilineo;Una carreggiata a doppio senso;Asciutto;Asfaltata;Verticale ed orizzontale;Nuvoloso;Normale;Sufficiente;;0;0;0;3;12.5077;41.8761;-1;1;Autovettura privata;In marcia / fermata / arresto;Conducente;F;Illeso;0;;Non accertato;Inesploso
5079355;9;28/09/2020 19:30:00;Strada Urbana;VIA ACAIA;in corrispondenza;;del civico n.;54;;Tamponamento Multiplo;Rettilineo;Una carreggiata a doppio senso;Asciutto;Asfaltata;Verticale ed orizzontale;Nuvoloso;Normale;Sufficiente;;0;0;0;3;12.5077;41.8761;-1;2;Autovettura privata;In marcia / fermata / arresto;Conducente;M;Illeso;0;;Non accertato;Inesploso
5079355;9;28/09/2020 19:30:00;Strada Urbana;VIA ACAIA;in corrispondenza;;del civico n.;54;;Tamponamento Multiplo;Rettilineo;Una carreggiata a doppio senso;Asciutto;Asfaltata;Verticale ed orizzontale;Nuvoloso;Normale;Sufficiente;;0;0;0;3;12.5077;41.8761;-1;3;Motociclo a solo;In marcia / fermata / arresto;Conducente;M;Illeso;0;;Non accertato;
5079356;8;28/09/2020 14:45:00;Strada Urbana;VIA CASILINA;da specificare;;;;alt. svincolo G.R.A. dir. Roma centro;Scontro laterale fra veicoli in marcia;Pianeggiante;Una carreggiata a senso unico di marcia;Bagnato (pioggia);Asfaltata;Verticale ed orizzontale;Nuvoloso;Normale;Buona;;0;0;0;2;12.603;41.8654;-1;1;Autovettura privata;In marcia / fermata / arresto;Conducente;M;Illeso;0;;;
5079356;8;28/09/2020 14:45:00;Strada Urbana;VIA CASILINA;da specificare;;;;alt. svincolo G.R.A. dir. Roma centro;Scontro laterale fra veicoli in marcia;Pianeggiante;Una carreggiata a senso unico di marcia;Bagnato (pioggia);Asfaltata;Verticale ed orizzontale;Nuvoloso;Normale;Buona;;0;0;0;2;12.603;41.8654;-1;2;Autocarro superiore 35 q.;In marcia / fermata / arresto;Conducente;M;Illeso;0;;;