Protocollo;Gruppo;DataOraIncidente;Localizzazione1;STRADA1;Localizzazione2;STRADA2;Strada02;Chilometrica;DaSpecificare;NaturaIncidente;particolaritastrade;TipoStrada;FondoStradale;Pavimentazione;Segnaletica;CondizioneAtmosferica;Traffico;Visibilita;Illuminazione;NUM_FERITI;NUM_RISERVATA;NUM_MORTI;NUM_ILLESI;Longitude;Latitude;Confermato;Progressivo;TipoVeicolo;StatoVeicolo;TipoPersona;Sesso;Tipolesione;Deceduto;DecedutoDopo;CinturaCascoUtilizzato;Airbag;
5079362;8;28/09/2020 08:00:00;Strada Urbana;VIALE DELLA SORBONA;all'intersezione con;VIA DEL FOSSO DI S. MAURA;VIA DEL FOSSO DI S. MAURA;;;Scontro laterale fra veicoli in marcia;Rotatoria;Una carreggiata a senso unico di marcia;Bagnato (pioggia);Asfaltata;Verticale ed orizzontale;Nuvoloso;Intenso;Buona;;0;0;0;4;12.612;41.8546;-1;1;Autovettura privata;In marcia / fermata / arresto;Conducente;M;Illeso;0;;;
5079362;8;28/09/2020 08:00:00;Strada Urbana;VIALE DELLA SORBONA;all'intersezione con;VIA DEL FOSSO DI S. MAURA;VIA DEL FOSSO DI S. MAURA;;;Scontro laterale fra veicoli in marcia;Rotatoria;Una carreggiata a senso unico di marcia;Bagnato (pioggia);Asfaltata;Verticale ed orizzontale;Nuvoloso;Intenso;Buona;;0;0;0;4;12.612;41.8546;-1;2;Autovettura privata;In marcia / fermata / arresto;Conducente;M;Illeso;0;;Non accertato;Inesploso
5079362;8;28/09/2020 08:00:00;Strada Urbana;VIALE DELLA SORBONA;all'intersezione con;VIA DEL FOSSO DI S. MAURA;VIA DEL FOSSO DI S. MAURA;;;Scontro laterale fra veicoli in marcia;Rotatoria;Una carreggiata a senso unico di marcia;Bagnato (pioggia);Asfaltata;Verticale ed orizzontale;Nuvoloso;Intenso;Buona;;0;0;0;4;12.612;41.8546;-1;2;Autovettura privata;In marcia / fermata / arresto;Passeggero;M;Illeso;0;;;
5079362;8;28/09/2020 08:00:00;Strada Urbana;VIALE DELLA SORBONA;all'intersezione con;VIA DEL FOSSO DI S. MAURA;VIA DEL FOSSO DI S. MAURA;;;Scontro laterale fra veicoli in marcia;Rotatoria;Una carreggiata a senso unico di marcia;Bagnato (pioggia);Asfaltata;Verticale ed orizzontale;Nuvoloso;Intenso;Buona;;0;0;0;4;12.612;41.8546;-1;2;Autovettura privata;In marcia / fermata / arresto;Passeggero;M;Illeso;0;;;
5079365;20;28/09/2020 09:10:00;Strada Urbana;VIA CASSIA;in prossimità;;del civico n.;639;;Scontro frontale/laterale DX fra veicoli in marcia;Rettilineo;Una carreggiata a doppio senso;Bagnato (pioggia);Asfaltata;Verticale ed orizzontale;Pioggia in atto;Intenso;Sufficiente;;1;0;0;1;12.4459;41.9627;-1;1;Autovettura privata;In marcia / fermata / arresto;Conducente;F;Illeso;0;;Non accertato;
5079365;20;28/09/2020 09:10:00;Strada Urbana;VIA CASSIA;in prossimità;;del civico n.;639;;Scontro frontale/laterale DX fra veicoli in marcia;Rettilineo;Una carreggiata a doppio senso;Bagnato (pioggia);Asfaltata;Verticale ed orizzontale;Pioggia in atto;Intenso;Sufficiente;;1;0;0;1;12.4459;41.9627;-1;2;Velocipede;In marcia / fermata / arresto;Conducente;F;Rimandato;0;NON DECEDUTO;Esente;
5079368;5;28/09/2020 12:50:00;Strada Urbana;VIA BELMONTE IN SABINA;da specificare;;;;100 mt. prima di Centrale del Latte dir. Nomentana;Scontro laterale fra veicoli in marcia;Rettilineo;Due carreggiate;Bagnato (pioggia);Asfaltata;Orizzontale;Pioggia in atto;Normale;Buona;;0;0;0;2;12.6;41.9506;-1;1;Autovettura privata;In marcia / fermata / arresto;Conducente;M;Illeso;0;;;
5079368;5;28/09/2020 12:50:00;Strada Urbana;VIA BELMONTE IN SABINA;da specificare;;;;100 mt. prima di Centrale del Latte dir. Nomentana;Scontro laterale fra veicoli in marcia;Rettilineo;Due carreggiate;Bagnato (pioggia);Asfaltata;Orizzontale;Pioggia in atto;Normale;Buona;;0;0;0;2;12.6;41.9506;-1;2;Autovettura privata;In marcia / fermata / arresto;Conducente;F;Illeso;0;;;
5079372;9;28/09/2020 11:30:00;Strada Urbana;VIALE CASTRENSE;in prossimità;;del civico n.;9;;Veicolo in marcia contro veicolo in sosta;Rettilineo;Una carreggiata a senso unico di marcia;Bagnato (pioggia);Asfaltata;Verticale ed orizzontale;Pioggia in atto;Intenso;Sufficiente;;0;0;0;0;12.5169;41.8871;-1;1;Autovettura privata;Sosta;;;;;;;
5079372;9;28/09/2020 11:30:00;Strada Urbana;VIALE CASTRENSE;in prossimità;;del civico n.;9;;Veicolo in marcia contro veicolo in sosta;Rettilineo;Una carreggiata a senso unico di marcia;Bagnato (pioggia);Asfaltata;Verticale ed orizzontale;Pioggia in atto;Intenso;Sufficiente;;0;0;0;0;12.5169;41.8871;-1;2;Autovettura privata;Sosta;;;;;;;
5079372;9;28/09/2020 11:30:00;Strada Urbana;VIALE CASTRENSE;in prossimità;;del civico n.;9;;Veicolo in marcia contro veicolo in sosta;Rettilineo;Una carreggiata a senso unico di marcia;Bagnato (pioggia);Asfaltata;Verticale ed orizzontale;Pioggia in atto;Intenso;Sufficiente;;0;0;0;0;12.5169;41.8871;-1;3;Autovettura privata;Allontanatosi;;;;;;;
5079376;8;28/09/2020 10:00:00;Strada Urbana;VIA DI TOR VERGATA;da specificare;;;;altezza sottopassaggio via Cambridge;Veicolo in marcia contro ostacolo fisso;Rettilineo;Due carreggiate;Bagnato (pioggia);Asfaltata;Verticale;Nuvoloso;Normale;Buona;;0;0;0;2;12.6226;41.8468;-1;1;Autovettura privata;In marcia / fermata / arresto;Conducente;M;Illeso;0;;Non accertato;Inesploso
5079376;8;28/09/2020 10:00:00;Strada Urbana;VIA DI TOR VERGATA;da specificare;;;;altezza sottopassaggio via Cambridge;Veicolo in marcia contro ostacolo fisso;Rettilineo;Due carreggiate;Bagnato (pioggia);Asfaltata;Verticale;Nuvoloso;Normale;Buona;;0;0;0;2;12.6226;41.8468;-1;1;Autovettura privata;In marcia / fermata / arresto;Passeggero;F;Illeso;0;;Non accertato;Inesploso
5079386;8;28/09/2020 08:30:00;Strada Urbana;VIALE DELLA SORBONA;in corrispondenza;;del palo luce n.;141;;Scontro laterale fra veicoli in marcia;Rotatoria;Una carreggiata a senso unico di marcia;Bagnato (pioggia);Asfaltata;Verticale ed orizzontale;Pioggia in atto;Normale;Buona;;0;0;0;6;12.612;41.8546;-1;1;Autovettura privata;In marcia / fermata / arresto;Conducente;M;Illeso;0;;;
5079386;8;28/09/2020 08:30:00;Strada Urbana;VIALE DELLA SORBONA;in corrispondenza;;del palo luce n.;141;;Scontro laterale fra veicoli in marcia;Rotatoria;Una carreggiata a senso unico di marcia;Bagnato (pioggia);Asfaltata;Verticale ed orizzontale;Pioggia in atto;Normale;Buona;;0;0;0;6;12.612;41.8546;-1;1;Autovettura privata;In marcia / fermata / arresto;Passeggero;F;Illeso;0;;;
5079386;8;28/09/2020 08:30:00;Strada Urbana;VIALE DELLA SORBONA;in corrispondenza;;del palo luce n.;141;;Scontro laterale fra veicoli in marcia;Rotatoria;Una carreggiata a senso unico di marcia;Bagnato (pioggia);Asfaltata;Verticale ed orizzontale;Pioggia in atto;Normale;Buona;;0;0;0;6;12.612;41.8546;-1;1;Autovettura privata;In marcia / fermata / arresto;Passeggero;F;Illeso;0;;;
5079386;8;28/09/2020 08:30:00;Strada Urbana;VIALE DELLA SORBONA;in corrispondenza;;del palo luce n.;141;;Scontro laterale fra veicoli in marcia;Rotatoria;Una carreggiata a senso unico di marcia;Bagnato (pioggia);Asfaltata;Verticale ed orizzontale;Pioggia in atto;Normale;Buona;;0;0;0;6;12.612;41.8546;-1;2;Autovettura privata;In marcia / fermata / arresto;Conducente;M;Illeso;0;;;
5079386;8;28/09/2020 08:30:00;Strada Urbana;VIALE DELLA SORBONA;in corrispondenza;;del palo luce n.;141;;Scontro laterale fra veicoli in marcia;Rotatoria;Una carreggiata a senso unico di marcia;Bagnato (pioggia);Asfaltata;Verticale ed orizzontale;Pioggia in atto;Normale;Buona;;0;0;0;6;12.612;41.8546;-1;2;Autovettura privata;In marcia / fermata / arresto;Passeggero;F;Illeso;0;;;
5079386;8;28/09/2020 08:30:00;Strada Urbana;VIALE DELLA SORBONA;in corrispondenza;;del palo luce n.;141;;Scontro laterale fra veicoli in marcia;Rotatoria;Una carreggiata a senso unico di marcia;Bagnato (pioggia);Asfaltata;Verticale ed orizzontale;Pioggia in atto;Normale;Buona;;0;0;0;6;12.612;41.8546;-1;2;Autovettura privata;In marcia / fermata / arresto;Passeggero;F;Illeso;0;;;
5079394;8;28/09/2020 18:15:00;Strada Urbana;VIA BORGHESIANA;all'intersezione con;VIA ANDRIA;VIA ANDRIA;;;Scontro frontale/laterale SX fra veicoli in marcia;Incrocio;Una carreggiata a doppio senso;Bagnato (umidità in atto);Asfaltata;Verticale;Sereno;Normale;Buona;;0;0;0;3;12.6724;41.8765;-1;1;Autovettura privata;In marcia / fermata / arresto;Conducente;M;Illeso;0;;;
5079394;8;28/09/2020 18:15:00;Strada Urbana;VIA BORGHESIANA;all'intersezione con;VIA ANDRIA;VIA ANDRIA;;;Scontro frontale/laterale SX fra veicoli in marcia;Incrocio;Una carreggiata a doppio senso;Bagnato (umidità in atto);Asfaltata;Verticale;Sereno;Normale;Buona;;0;0;0;3;12.6724;41.8765;-1;2;Autovettura privata;In marcia / fermata / arresto;Conducente;M;Illeso;0;;;
5079394;8;28/09/2020 18:15:00;Strada Urbana;VIA BORGHESIANA;all'intersezione con;VIA ANDRIA;VIA ANDRIA;;;Scontro frontale/laterale SX fra veicoli in marcia;Incrocio;Una carreggiata a doppio senso;Bagnato (umidità in atto);Asfaltata;Verticale;Sereno;Normale;Buona;;0;0;0;3;12.6724;41.8765;-1;2;Autovettura privata;In marcia / fermata / arresto;Passeggero;F;Illeso;0;;;
5079395;20;28/09/2020 11:00:00;Strada Urbana;VIALE DI TOR DI QUINTO;in corrispondenza;;del civico n.;155;;Veicolo in marcia contro ostacolo fisso;Rettilineo;Due carreggiate;Bagnato (pioggia);Asfaltata;Verticale ed orizzontale;Pioggia in atto;Normale;Sufficiente;;0;0;0;1;12.4846;41.9491;-1;1;Autovettura privata;In marcia / fermata / arresto;Conducente;F;Illeso;0;;Non accertato;Esploso
5079398;19;28/09/2020 20:20:00;Strada Urbana;VIA DI SELVA NERA;in prossimità;;del civico n.;352;;Investimento di pedone;Rettilineo;Una carreggiata a doppio senso;Asciutto;Asfaltata;Verticale ed orizzontale;Sereno;Normale;Buona;;0;0;1;1;12.37;41.9431;0;;;;Pedone;F;Deceduto sul posto;-1;;;
5079398;19;28/09/2020 20:20:00;Strada Urbana;VIA DI SELVA NERA;in prossimità;;del civico n.;352;;Investimento di pedone;Rettilineo;Una carreggiata a doppio senso;Asciutto;Asfaltata;Verticale ed orizzontale;Sereno;Normale;Buona;;0;0;1;1;12.37;41.9431;0;1;Autovettura privata;In marcia / fermata / arresto;Conducente;M;Illeso;0;;Non accertato;Inesploso
5079403;8;28/09/2020 16:20:00;Strada Urbana;VIA MARIO PASTORE;da specificare;;;;all'altezza di via F. Tensi;Veicolo in marcia contro ostacolo accidentale;Rettilineo;Una carreggiata a senso unico di marcia;Bagnato (pioggia);Asfaltata;Verticale ed orizzontale;Nuvoloso;Normale;Buona;;0;0;0;1;12.6185;41.8459;-1;1;Autovettura privata;In marcia / fermata / arresto;Conducente;M;Illeso;0;;Non accertato;Inesploso
5079410;8;28/09/2020 10:20:00;Strada Urbana;PIAZZA DEL TORRACCIO DI TORRENOVA;in corrispondenza;;del civico n.;20/22;;Scontro laterale fra veicoli in marcia;Rettilineo;Una carreggiata a doppio senso;Bagnato (pioggia);Asfaltata;Verticale ed orizzontale;Pioggia in atto;Normale;Sufficiente;;0;0;0;2;12.6269;41.8675;-1;1;Autobus urbano;In marcia / fermata / arresto;Conducente;M;Illeso;0;;Non accertato;Inesploso
5079410;8;28/09/2020 10:20:00;Strada Urbana;PIAZZA DEL TORRACCIO DI TORRENOVA;in corrispondenza;;del civico n.;20/22;;Scontro laterale fra veicoli in marcia;Rettilineo;Una carreggiata a doppio senso;Bagnato (pioggia);Asfaltata;Verticale ed orizzontale;Pioggia in atto;Normale;Sufficiente;;0;0;0;2;12.6269;41.8675;-1;2;Autovettura privata;In marcia / fermata / arresto;Conducente;F;Illeso;0;;Non accertato;Inesploso
5079418;15;28/09/2020 16:30:00;Strada Urbana;VIA PORTUENSE;da specificare;;;;dir.centro in prossimità di Via L. Maroi;Veicolo in marcia contro ostacolo accidentale;Rettilineo;Una carreggiata a doppio senso;Bagnato (umidità in atto);Asfaltata;Verticale ed orizzontale;Sereno;Normale;Buona;;0;0;0;2;12.414;41.8469;-1;1;Autovettura privata;In marcia / fermata / arresto;Conducente;M;Illeso;0;;Non accertato;Inesploso
5079418;15;28/09/2020 16:30:00;Strada Urbana;VIA PORTUENSE;da specificare;;;;dir.centro in prossimità di Via L. Maroi;Veicolo in marcia contro ostacolo accidentale;Rettilineo;Una carreggiata a doppio senso;Bagnato (umidità in atto);Asfaltata;Verticale ed orizzontale;Sereno;Normale;Buona;;0;0;0;2;12.414;41.8469;-1;1;Autovettura privata;In marcia / fermata / arresto;Passeggero;F;Illeso;0;;Non accertato;Inesploso
5079424;5;28/09/2020 13:50:00;Strada Urbana;VIA RINALDO D'AQUINO;in prossimità;;del palo luce n.;12;;Veicolo in marcia contro ostacolo fisso;Rettilineo;Due carreggiate;Bagnato (pioggia);Asfaltata;Verticale ed orizzontale;Pioggia in atto;Normale;Buona;;0;0;0;1;12.6053;41.9583;-1;1;Autovettura privata;In marcia / fermata / arresto;Conducente;F;Illeso;0;;;
5079448;5;28/09/2020 19:40:00;Strada Urbana;VIA FILIPPO MEDA;all'intersezione con;VIA VINCENZO MORELLO;VIA VINCENZO MORELLO;;;Scontro laterale fra veicoli in marcia;Rotatoria;Una carreggiata a senso unico di marcia;Bagnato (umidità in atto);Asfaltata;Verticale ed orizzontale;Nuvoloso;Normale;Buona;;0;0;0;2;12.5401;41.9126;-1;1;Autovettura privata;In marcia / fermata / arresto;Conducente;F;Illeso;0;;;
5079448;5;28/09/2020 19:40:00;Strada Urbana;VIA FILIPPO MEDA;all'intersezione con;VIA VINCENZO MORELLO;VIA VINCENZO MORELLO;;;Scontro laterale fra veicoli in marcia;Rotatoria;Una carreggiata a senso unico di marcia;Bagnato (umidità in atto);Asfaltata;Verticale ed orizzontale;Nuvoloso;Normale;Buona;;0;0;0;2;12.5401;41.9126;-1;2;Autovettura privata;In marcia / fermata / arresto;Conducente;F;Illeso;0;;;
5079458;20;28/09/2020 18:00:00;Strada Urbana;VIA VALDAGNO;all'intersezione con;VIA CIVITELLA D'AGLIANO;VIA CIVITELLA D'AGLIANO;;;Investimento di pedone;Incrocio;Una carreggiata a senso unico di marcia;Bagnato (umidità in atto);Asfaltata;Verticale ed orizzontale;Nuvoloso;Normale;Buona;;1;0;0;1;12.4725;41.9487;-1;;;;Pedone;M;Rimandato;0;NON DECEDUTO;;
5079458;20;28/09/2020 18:00:00;Strada Urbana;VIA VALDAGNO;all'intersezione con;VIA CIVITELLA D'AGLIANO;VIA CIVITELLA D'AGLIANO;;;Investimento di pedone;Incrocio;Una carreggiata a senso unico di marcia;Bagnato (umidità in atto);Asfaltata;Verticale ed orizzontale;Nuvoloso;Normale;Buona;;1;0;0;1;12.4725;41.9487;-1;1;Autovettura privata;In marcia / fermata / arresto;Conducente;M;Illeso;0;;;
5079460;7;28/09/2020 13:30:00;Strada Urbana;VIALE PALMIRO TOGLIATTI;all'intersezione con;VIA DEI PLATANI;VIA DEI PLATANI;;;Scontro laterale fra veicoli in marcia;Intersezione semaforizzata;Due carreggiate;Bagnato (pioggia);Asfaltata;Verticale ed orizzontale;Nuvoloso;Normale;Buona;;0;0;0;2;12.5733;41.8872;-1;1;Autovettura privata;In marcia / fermata / arresto;Conducente;M;Illeso;0;;Non accertato;Inesploso
5079460;7;28/09/2020 13:30:00;Strada Urbana;VIALE PALMIRO TOGLIATTI;all'intersezione con;VIA DEI PLATANI;VIA DEI PLATANI;;;Scontro laterale fra veicoli in marcia;Intersezione semaforizzata;Due carreggiate;Bagnato (pioggia);Asfaltata;Verticale ed orizzontale;Nuvoloso;Normale;Buona;;0;0;0;2;12.5733;41.8872;-1;2;Autovettura privata;In marcia / fermata / arresto;Conducente;M;Illeso;0;;Non accertato;Inesploso
5079474;9;28/09/2020 16:50:00;Strada Urbana;VIA DELL'ARCO DI TRAVERTINO;all'intersezione con;VIA COLLEPARDO;VIA COLLEPARDO;;;Scontro frontale/laterale DX fra veicoli in marcia;Intersezione semaforizzata;Due carreggiate;Asciutto;Asfaltata;Verticale ed orizzontale;Nuvoloso;Normale;Buona;;0;0;0;3;12.536;41.8675;-1;1;Autocarro inferiore 35 q.;In marcia / fermata / arresto;Conducente;M;Illeso;0;;Non accertato;Inesploso
5079474;9;28/09/2020 16:50:00;Strada Urbana;VIA DELL'ARCO DI TRAVERTINO;all'intersezione con;VIA COLLEPARDO;VIA COLLEPARDO;;;Scontro frontale/laterale DX fra veicoli in marcia;Intersezione semaforizzata;Due carreggiate;Asciutto;Asfaltata;Verticale ed orizzontale;Nuvoloso;Normale;Buona;;0;0;0;3;12.536;41.8675;-1;1;Autocarro inferiore 35 q.;In marcia / fermata / arresto;Passeggero;M;Illeso;0;;Non accertato;Inesploso
5079474;9;28/09/2020 16:50:00;Strada Urbana;VIA DELL'ARCO DI TRAVERTINO;all'intersezione con;VIA COLLEPARDO;VIA COLLEPARDO;;;Scontro frontale/laterale DX fra veicoli in marcia;Intersezione semaforizzata;Due carreggiate;Asciutto;Asfaltata;Verticale ed orizzontale;Nuvoloso;Normale;Buona;;0;0;0;3;12.536;41.8675;-1;2;Autovettura privata;In marcia / fermata / arresto;Conducente;F;Illeso;0;;Non accertato;Inesploso
5079485;9;28/09/2020 11:40:00;Strada Urbana;VIA VETULONIA;all'intersezione con;VIA LUSITANIA;VIA LUSITANIA;;;Scontro frontale/laterale SX fra veicoli in marcia;Incrocio;Una carreggiata a senso unico di marcia;Bagnato (pioggia);Asfaltata;Verticale ed orizzontale;Pioggia in atto;Scarso;Buona;;0;0;0;2;12.5061;41.876;-1;1;Autocarro inferiore 35 q.;In marcia / fermata / arresto;Conducente;M;Illeso;0;;Non accertato;Inesploso
5079485;9;28/09/2020 11:40:00;Strada Urbana;VIA VETULONIA;all'intersezione con;VIA LUSITANIA;VIA LUSITANIA;;;Scontro frontale/laterale SX fra veicoli in marcia;Incrocio;Una carreggiata a senso unico di marcia;Bagnato (pioggia);Asfaltata;Verticale ed orizzontale;Pioggia in atto;Scarso;Buona;;0;0;0;2;12.5061;41.876;-1;2;Autovettura privata;In marcia / fermata / arresto;Conducente;M;Illeso;0;;Non accertato;Inesploso
5079490;19;28/09/2020 11:00:00;Strada Urbana;VIA TRIONFALE;in corrispondenza;;del civico n.;8329;;Scontro laterale fra veicoli in marcia;Rettilineo;Una carreggiata a senso unico di marcia;Bagnato (pioggia);Asfaltata;Verticale ed orizzontale;Pioggia in atto;Normale;Sufficiente;;0;0;0;2;12.4265;41.9376;-1;1;Autovettura privata;In marcia / fermata / arresto;Conducente;F;Illeso;0;;;
5079490;19;28/09/2020 11:00:00;Strada Urbana;VIA TRIONFALE;in corrispondenza;;del civico n.;8329;;Scontro laterale fra veicoli in marcia;Rettilineo;Una carreggiata a senso unico di marcia;Bagnato (pioggia);Asfaltata;Verticale ed orizzontale;Pioggia in atto;Normale;Sufficiente;;0;0;0;2;12.4265;41.9376;-1;2;Autocarro inferiore 35 q.;In marcia / fermata / arresto;Conducente;M;Illeso;0;;;
5079500;5;28/09/2020 23:10:00;Strada Urbana;VIA TIBURTINA;all'intersezione con;VIA DELLE CAVE DI PIETRALATA;VIA DELLE CAVE DI PIETRALATA;;;Scontro frontale/laterale DX fra veicoli in marcia;Intersezione stradale segnalata;Due carreggiate;Asciutto;Asfaltata;Verticale ed orizzontale;Sereno;Scarso;Buona;;1;0;0;2;12.5368;41.9085;-1;1;Motociclo a solo;In marcia / fermata / arresto;Conducente;M;Rimandato;0;NON DECEDUTO;Non accertato;
5079500;5;28/09/2020 23:10:00;Strada Urbana;VIA TIBURTINA;all'intersezione con;VIA DELLE CAVE DI PIETRALATA;VIA DELLE CAVE DI PIETRALATA;;;Scontro frontale/laterale DX fra veicoli in marcia;Intersezione stradale segnalata;Due carreggiate;Asciutto;Asfaltata;Verticale ed orizzontale;Sereno;Scarso;Buona;;1;0;0;2;12.5368;41.9085;-1;2;Autovettura privata;In marcia / fermata / arresto;Conducente;F;Illeso;0;;Non accertato;Inesploso
5079500;5;28/09/2020 23:10:00;Strada Urbana;VIA TIBURTINA;all'intersezione con;VIA DELLE CAVE DI PIETRALATA;VIA DELLE CAVE DI PIETRALATA;;;Scontro frontale/laterale DX fra veicoli in marcia;Intersezione stradale segnalata;Due carreggiate;Asciutto;Asfaltata;Verticale ed orizzontale;Sereno;Scarso;Buona;;1;0;0;2;12.5368;41.9085;-1;2;Autovettura privata;In marcia / fermata / arresto;Passeggero;M;Illeso;0;;Non accertato;Inesploso
5079508;20;28/09/2020 16:00:00;Comunale extraurbana;VIA DELLA GIUSTINIANA;in prossimità;;del civico n.;443;;Veicolo in marcia contro ostacolo accidentale;Rettilineo;Una carreggiata a doppio senso;Bagnato (pioggia);Asfaltata;Verticale ed orizzontale;Sereno;Scarso;Buona;;0;0;0;1;12.4585;41.9975;-1;1;Autovettura privata;In marcia / fermata / arresto;Conducente;M;Illeso;0;;Non accertato;Inesploso
5079549;20;28/09/2020 22:00:00;Provinciale;VIA BRACCIANENSE;in corrispondenza;;del civico n.;832;;Veicolo in marcia contro ostacolo fisso;Rettilineo;Una carreggiata a doppio senso;Bagnato (umidità in atto);Con buche;Assente;Sereno;Scarso;Insufficiente;;0;0;0;2;12.3067;42.0354;-1;1;Autovettura privata;In marcia / fermata / arresto;Conducente;M;Illeso;0;;;
5079549;20;28/09/2020 22:00:00;Provinciale;VIA BRACCIANENSE;in corrispondenza;;del civico n.;832;;Veicolo in marcia contro ostacolo fisso;Rettilineo;Una carreggiata a doppio senso;Bagnato (umidità in atto);Con buche;Assente;Sereno;Scarso;Insufficiente;;0;0;0;2;12.3067;42.0354;-1;1;Autovettura privata;In marcia / fermata / arresto;Passeggero;F;Illeso;0;;;
5079566;20;28/09/2020 06:30:00;Provinciale;VIA BRACCIANENSE;da specificare;;;;KM 6,400;Scontro frontale fra veicoli in marcia;Curva a visuale libera;Una carreggiata a doppio senso;Bagnato (pioggia);Asfaltata;Verticale ed orizzontale;Nuvoloso;Normale;Buona;;2;0;0;0;12.3665;42.0136;-1;1;Autovettura privata;In marcia / fermata / arresto;Conducente;M;Rimandato;0;NON DECEDUTO;;
5079566;20;28/09/2020 06:30:00;Provinciale;VIA BRACCIANENSE;da specificare;;;;KM 6,400;Scontro frontale fra veicoli in marcia;Curva a visuale libera;Una carreggiata a doppio senso;Bagnato (pioggia);Asfaltata;Verticale ed orizzontale;Nuvoloso;Normale;Buona;;2;0;0;0;12.3665;42.0136;-1;2;Autovettura privata;In marcia / fermata / arresto;Conducente;M;Rimandato;0;NON DECEDUTO;;
5079592;4;28/09/2020 07:45:00;Strada Urbana;VIA MONTE MALOIA;in prossimità;;del civico n.;20;;Scontro frontale/laterale SX fra veicoli in marcia;Rettilineo;Una carreggiata a doppio senso;Bagnato (pioggia);Asfaltata;Verticale;Nuvoloso;Intenso;Buona;;0;0;0;4;12.5377;41.9344;-1;1;Autovettura privata;In marcia / fermata / arresto;Conducente;F;Illeso;0;;Non accertato;Inesploso
5079592;4;28/09/2020 07:45:00;Strada Urbana;VIA MONTE MALOIA;in prossimità;;del civico n.;20;;Scontro frontale/laterale SX fra veicoli in marcia;Rettilineo;Una carreggiata a doppio senso;Bagnato (pioggia);Asfaltata;Verticale;Nuvoloso;Intenso;Buona;;0;0;0;4;12.5377;41.9344;-1;2;Autovettura privata;In marcia / fermata / arresto;Conducente;F;Illeso;0;;Non accertato;Inesploso
5079592;4;28/09/2020 07:45:00;Strada Urbana;VIA MONTE MALOIA;in prossimità;;del civico n.;20;;Scontro frontale/laterale SX fra veicoli in marcia;Rettilineo;Una carreggiata a doppio senso;Bagnato (pioggia);Asfaltata;Verticale;Nuvoloso;Intenso;Buona;;0;0;0;4;12.5377;41.9344;-1;2;Autovettura privata;In marcia / fermata / arresto;Passeggero;M;Illeso;0;;Non accertato;Inesploso
5079592;4;28/09/2020 07:45:00;Strada Urbana;VIA MONTE MALOIA;in prossimità;;del civico n.;20;;Scontro frontale/laterale SX fra veicoli in marcia;Rettilineo;Una carreggiata a doppio senso;Bagnato (pioggia);Asfaltata;Verticale;Nuvoloso;Intenso;Buona;;0;0;0;4;12.5377;41.9344;-1;2;Autovettura privata;In marcia / fermata / arresto;Passeggero;F;Illeso;0;;Non accertato;Inesploso
5079596;18;28/09/2020 14:15:00;Statale;VIA AURELIA;in prossimità;;della chilometrica;10.8;;Scontro laterale fra veicoli in marcia;Curva a visuale libera;Due carreggiate;Bagnato (pioggia);Asfaltata;Verticale ed orizzontale;Pioggia in atto;Normale;Buona;;1;0;0;2;12.3831;41.8855;-1;1;Autovettura privata;In marcia / fermata / arresto;Conducente;M;Illeso;0;;;
5079596;18;28/09/2020 14:15:00;Statale;VIA AURELIA;in prossimità;;della chilometrica;10.8;;Scontro laterale fra veicoli in marcia;Curva a visuale libera;Due carreggiate;Bagnato (pioggia);Asfaltata;Verticale ed orizzontale;Pioggia in atto;Normale;Buona;;1;0;0;2;12.3831;41.8855;-1;2;Autovettura privata;In marcia / fermata / arresto;Conducente;M;Illeso;0;;;
5079596;18;28/09/2020 14:15:00;Statale;VIA AURELIA;in prossimità;;della chilometrica;10.8;;Scontro laterale fra veicoli in marcia;Curva a visuale libera;Due carreggiate;Bagnato (pioggia);Asfaltata;Verticale ed orizzontale;Pioggia in atto;Normale;Buona;;1;0;0;2;12.3831;41.8855;-1;2;Autovettura privata;In marcia / fermata / arresto;Passeggero;M;Rimandato;0;NON DECEDUTO;;
5079597;13;28/09/2020 21:40:00;Strada Urbana;VIA CESARE PASCUCCI;in prossimità;;del civico n.;77;;Veicolo in marcia contro ostacolo accidentale;Rettilineo;Una carreggiata a doppio senso;Bagnato (pioggia);Asfaltata;Assente;Sereno;Scarso;Sufficiente;;0;0;0;1;12.3582;41.7422;-1;1;Autovettura privata;In marcia / fermata / arresto;Conducente;M;Illeso;0;;;
5079601;10;28/09/2020 17:15:00;Strada Urbana;VIA TUSCOLANA;in corrispondenza;;del civico n.;1238;;Scontro laterale fra veicoli in marcia;Rettilineo;Due carreggiate;Asciutto;Asfaltata;Verticale ed orizzontale;Sereno;Normale;Buona;;0;0;0;3;12.562;41.8567;-1;1;Autovettura privata;In marcia / fermata / arresto;Conducente;M;Illeso;0;;Non accertato;Inesploso
5079601;10;28/09/2020 17:15:00;Strada Urbana;VIA TUSCOLANA;in corrispondenza;;del civico n.;1238;;Scontro laterale fra veicoli in marcia;Rettilineo;Due carreggiate;Asciutto;Asfaltata;Verticale ed orizzontale;Sereno;Normale;Buona;;0;0;0;3;12.562;41.8567;-1;1;Autovettura privata;In marcia / fermata / arresto;Passeggero;F;Illeso;0;;Non accertato;Inesploso
5079601;10;28/09/2020 17:15:00;Strada Urbana;VIA TUSCOLANA;in corrispondenza;;del civico n.;1238;;Scontro laterale fra veicoli in marcia;Rettilineo;Due carreggiate;Asciutto;Asfaltata;Verticale ed orizzontale;Sereno;Normale;Buona;;0;0;0;3;12.562;41.8567;-1;2;Autovettura privata;In marcia / fermata / arresto;Conducente;M;Illeso;0;;Non accertato;Inesploso